frame,time_s,angle_rad,speed_rad_s,command_rad_s,tip_y_m,energy_J,sampled_depth_m
1,0.016666668,-1.1486111e-09,0,0,0.33860362,173.49538,0
2,0.033333335,-1.1486111e-09,-9.456859e-09,0,0.33448315,173.23401,0
3,0.05,0.000107369466,0.094236106,0,0.32763952,172.83337,0
4,0.06666667,-0.00096175575,-0.00042068918,0,0.32359493,172.18582,0
5,0.083333336,-0.0012049117,-5.021399e-05,0,0.32259327,171.72263,0
6,0.1,-0.0014413255,-0.00055902294,0,0.32228458,171.0427,0
7,0.11666667,-0.0014521147,-0.00014405066,0,0.3222599,170.96896,0
8,0.13333334,-0.0014546484,-0.00030974628,0,0.32224283,170.93918,0
9,0.15,-0.0014581102,-0.00032169896,0,0.322226,170.93185,0
10,0.16666667,-0.001461788,-0.00018305461,0,0.32221663,170.93106,0
11,0.18333334,-0.001465518,-0.0002843267,0,0.3222091,170.92992,0
12,0.2,-0.001469425,-0.000299395,0,0.32220164,170.92923,0
13,0.21666667,-0.0014733636,-0.00039743131,0,0.32219422,170.92867,0
14,0.23333333,-0.0014773973,-0.00020450722,0,0.3221869,170.92822,0
15,0.25,-0.0014814252,-0.00019716035,0,0.32217982,170.92778,3.0221025e-05
16,0.26666668,-0.0014855185,-0.00040783387,0,0.32217273,170.92735,3.0221025e-05
17,0.28333333,-0.001489582,-0.00021480712,0,0.3221659,170.92696,3.0221025e-05
18,0.3,-0.0014935652,-0.00021635936,0,0.32215926,170.92657,3.0221025e-05
19,0.31666666,-0.001497666,-0.00039556352,0,0.32215235,170.9262,3.0221025e-05
20,0.33333334,-0.0015018189,-0.00020976257,0,0.32214582,170.92584,3.0221025e-05
21,0.35,-0.0015059569,-9.799914e-05,0,0.32213932,170.92548,3.0221025e-05
22,0.36666667,-0.0015102066,-0.00031466663,0,0.32213277,170.92511,3.0221025e-05
23,0.38333333,-0.0015144714,-0.00011337615,0,0.32212618,170.92474,3.0221025e-05
24,0.4,-0.0015189074,-0.0004006707,0,0.32211947,170.92436,3.0221025e-05
25,0.41666666,-0.0015233136,-0.00031393167,0,0.3221128,170.924,3.0221025e-05
26,0.43333334,-0.0015277645,-0.000318474,0,0.3221062,170.92363,3.0221025e-05
27,0.45,-0.0015321765,-0.00020998601,0,0.3220996,170.92325,3.0221025e-05
28,0.46666667,-0.0015365827,-0.00022069649,0,0.3220929,170.92288,3.0221025e-05
29,0.48333332,-0.0015409666,-0.00024995938,0,0.32208627,170.9225,3.0221025e-05
30,0.5,-0.0015454025,-0.00031407297,0,0.32207957,170.92213,6.0724204e-05
31,0.51666665,-0.001549749,-0.00040125224,0,0.322073,170.92175,6.0724204e-05
32,0.53333336,-0.0015541165,-0.00031793216,0,0.32206643,170.92139,6.0724204e-05
33,0.55,-0.0015585152,-0.00032739417,0,0.32205993,170.92102,6.0724204e-05
34,0.56666666,-0.0015628022,-0.00011385941,0,0.32205334,170.92065,6.0724204e-05
35,0.5833333,-0.0015671265,-0.00010797139,0,0.32204685,170.92029,6.0724204e-05
36,0.6,-0.0015714731,-0.00020125629,0,0.32204047,170.91994,6.0724204e-05
37,0.6166667,-0.0015757377,-0.00013369985,0,0.32203394,170.91957,6.0724204e-05
38,0.6333333,-0.001580077,-0.00020961757,0,0.32202765,170.9192,6.0724204e-05
39,0.65,-0.0015844012,-0.00021948456,0,0.32202116,170.91884,6.0724204e-05
40,0.6666667,-0.0015886733,-0.00041348184,0,0.32201475,170.91849,6.0724204e-05
41,0.68333334,-0.0015929007,-0.00020044741,0,0.3220085,170.91812,6.0724204e-05
42,0.7,-0.0015971952,-0.00042359016,0,0.32200202,170.91777,6.0724204e-05
43,0.71666664,-0.0016014524,-0.00020043543,0,0.32199582,170.91742,6.0724204e-05
44,0.73333335,-0.0016057394,-0.00039068013,0,0.3219894,170.91705,6.0724204e-05
45,0.75,-0.0016099816,-0.00020097125,0,0.32198304,170.9167,9.2378075e-05
46,0.76666665,-0.0016141791,-0.00013214478,0,0.32197666,170.91634,9.2378075e-05
47,0.78333336,-0.0016184663,-0.00020621777,0,0.3219702,170.91599,9.2378075e-05
48,0.8,-0.0016227012,-0.0001982421,0,0.3219639,170.91563,9.2378075e-05
49,0.81666666,-0.0016268839,-0.00022468998,0,0.32195765,170.91528,9.2378075e-05
50,0.8333333,-0.0016313348,-0.0002123305,0,0.32195193,170.91496,9.2378075e-05
51,0.85,-0.0016373898,-0.0002504308,0,0.32194597,170.91466,9.2378075e-05
52,0.8666667,-0.0016434748,-0.00022405366,0,0.32193977,170.91432,9.2378075e-05
53,0.8833333,-0.0016497517,-0.0001339216,0,0.32193348,170.914,9.2378075e-05
54,0.9,-0.0016558589,-0.0002245605,0,0.32192737,170.91368,9.2378075e-05
55,0.9166667,-0.001661944,-0.00040643182,0,0.3219212,170.91335,9.2378075e-05
56,0.93333334,-0.0016679469,-0.00015332128,0,0.32191512,170.91302,9.2378075e-05
57,0.95,-0.0016741214,-0.00022086737,0,0.321909,170.9127,9.2378075e-05
58,0.96666664,-0.0016765808,-0.00010867581,0,0.32190436,170.9125,9.2378075e-05
59,0.98333335,-0.0016783933,-0.00010856207,0,0.3218996,170.91231,9.2378075e-05
60,1,-0.001680236,-0.000108837354,0,0.32189482,170.91211,0.000100127734
61,1.0166667,-0.0016821084,-0.00010875133,0,0.32189006,170.9119,0.000100127734
62,1.0333333,-0.0016839734,-0.00010800095,0,0.3218853,170.9117,0.000100127734
63,1.05,-0.0016857936,-0.000109042834,0,0.32188052,170.91148,0.000100127734
64,1.0666667,-0.0016876288,-0.00010959623,0,0.32187575,170.91127,0.000100127734
65,1.0833334,-0.0016895236,-0.00012293743,0,0.32187098,170.91106,0.000100127734
66,1.1,-0.0016913811,-0.00010844521,0,0.3218662,170.91084,0.000100127734
67,1.1166667,-0.0016932461,-0.000109634784,0,0.32186145,170.91064,0.000100127734
68,1.1333333,-0.0016950887,-0.00010968868,0,0.32185668,170.91042,0.000100127734
69,1.15,-0.0016969686,-0.00011545123,0,0.3218519,170.9102,0.000100127734
70,1.1666666,-0.001698826,-0.00010870447,0,0.32184714,170.90999,0.000100127734
71,1.1833333,-0.0017007133,-0.00010968607,0,0.32184237,170.90979,0.000100127734
72,1.2,-0.0017025187,-0.00010971878,0,0.3218376,170.90958,0.000100127734
73,1.2166667,-0.0017044267,-0.00010908385,0,0.32183337,170.90936,0.000100127734
74,1.2333333,-0.0017063215,-0.000115912655,0,0.32182977,170.90915,0.000100127734
75,1.25,-0.001708179,-0.00010833311,0,0.32182616,170.90897,0.00010019128
76,1.2666667,-0.0017099918,-0.00010939195,0,0.32182258,170.90877,0.00010019128
77,1.2833333,-0.0017118494,-0.00011069481,0,0.321819,170.90855,0.00010019128
78,1.3,-0.0017137218,-2.1949665e-05,0,0.3218155,170.90836,0.00010019128
79,1.3166667,-0.0017157507,-0.00023433131,0,0.32181197,170.90816,0.00010019128
80,1.3333334,-0.0017197396,-0.00023721096,0,0.3218084,170.90787,0.00010019128
81,1.35,-0.0017237079,-0.0002326119,0,0.32180482,170.90758,0.00010019128
82,1.3666667,-0.0017276746,-0.00023188427,0,0.32180125,170.90727,0.00010019128
83,1.3833333,-0.0017315759,-0.00024592967,0,0.32179767,170.90698,0.00010019128
84,1.4,-0.0017369845,-0.00022753523,0,0.3217941,170.90671,0.00010019128
85,1.4166666,-0.0017423112,-0.00020623428,0,0.32179055,170.90643,0.00010019128
86,1.4333333,-0.0017477794,-0.00025536708,0,0.32178703,170.90616,0.00010019128
87,1.45,-0.0017531732,-0.00022978362,0,0.3217836,170.90588,0.00010019128
88,1.4666667,-0.001758494,-0.00022962845,0,0.3217802,170.90561,0.00010019128
89,1.4833333,-0.0017635971,-0.00010402143,0,0.32177696,170.90535,0.00010019128
90,1.5,-0.0017652833,-0.00010190799,0,0.32177365,170.90515,0.00010019128
91,1.5166667,-0.0017669786,-0.000121722,0,0.32177022,170.90495,0.00010019128
92,1.5333333,-0.001768717,-0.0001033501,0,0.32176676,170.90475,0.00010019128
93,1.55,-0.0017704329,-0.00010296127,0,0.32176334,170.90456,0.00010019128
94,1.5666667,-0.0017721936,-0.000103246355,0,0.32175988,170.90434,0.00010019128
95,1.5833334,-0.0017739395,-0.000103667735,0,0.32175642,170.90413,0.00010019128
96,1.6,-0.0017767844,-0.00010436027,0,0.32175294,170.90393,0.00010019128
97,1.6166667,-0.0017797876,-0.000103811784,0,0.32174954,170.90375,0.00010019128
98,1.6333333,-0.001782707,-0.00010626517,0,0.3217461,170.90355,0.00010019128
99,1.65,-0.0017857905,-0.00010463513,0,0.32174265,170.90335,0.00010019128
100,1.6666666,-0.001788874,-0.00010813065,0,0.3217392,170.90315,0.00010019128
101,1.6833333,-0.0017917862,-0.00010493036,0,0.3217357,170.90295,0.00010019128
102,1.7,-0.0017948545,-0.000108904125,0,0.32173228,170.90276,0.00010019128
103,1.7166667,-0.0017979231,-0.00010540379,0,0.32172883,170.90256,0.00010019128
104,1.7333333,-0.0018009022,-0.00011753602,0,0.3217254,170.90236,0.00010019128
105,1.75,-0.001803859,-0.00010567153,0,0.321722,170.90216,0.00010019128
106,1.7666667,-0.0018067562,-0.00010766681,0,0.32171857,170.90198,0.00010019128
107,1.7833333,-0.0018098621,-0.00010520253,0,0.32171515,170.90178,0.00010019128
108,1.8,-0.001812871,-0.00012066988,0,0.32171172,170.90157,0.00010019128
109,1.8166667,-0.0018158129,-0.00010602482,0,0.32170826,170.90138,0.00010019128
110,1.8333334,-0.0018188665,-0.00010600892,0,0.3217048,170.90118,0.00010019128
111,1.85,-0.0018219798,-0.00010520153,0,0.3217014,170.90099,0.00010019128
112,1.8666667,-0.0018249291,-0.0001060808,0,0.32169792,170.90079,0.00010019128
113,1.8833333,-0.0018277683,-0.000106683954,0,0.32169452,170.90059,0.00010019128
114,1.9,-0.0018307846,-0.00010606772,0,0.32169113,170.9004,0.00010019128
115,1.9166666,-0.0018338009,-0.00010697027,0,0.3216877,170.9002,0.00010019128
116,1.9333333,-0.0018370318,-0.00010622458,0,0.32168433,170.90001,0.00010019128
117,1.95,-0.0018428055,-0.00010608307,0,0.32168177,170.89987,0.00010019128
118,1.9666667,-0.0018488755,-0.00010769279,0,0.32167912,170.8997,0.00010019128
119,1.9833333,-0.0018551674,-0.00010601201,0,0.32167652,170.89957,0.00010019128
120,2,-0.0018612168,-0.00010612815,0,0.32167387,170.89943,0.00010019128
121,2.0166667,-0.00013964236,0.14992826,0.15,0.3220634,170.92007,0.00010019128
122,2.0333333,0.0023550454,0.14991097,0.15,0.32262754,170.93277,0.00010019128
123,2.05,0.004849866,0.14991437,0.15,0.32319093,170.94545,0.00010019128
124,2.0666666,0.0073448364,0.14991874,0.15,0.32375354,170.95807,0.00010019128
125,2.0833333,0.009839826,0.14992343,0.15,0.32431537,170.97069,0.00010019128
126,2.1,0.012335032,0.14990464,0.15,0.3248769,170.98323,0.00010019128
127,2.1166666,0.014830029,0.14992885,0.15,0.32543838,170.99573,0.00010019128
128,2.1333334,0.017324992,0.14992918,0.15,0.3260001,171.00818,0.00010019128
129,2.15,0.019819997,0.14992778,0.15,0.32656255,171.02057,0.00010019128
130,2.1666667,0.022314835,0.14992064,0.15,0.32712594,171.03284,0.00010019128
131,2.1833334,0.02480959,0.14991249,0.15,0.3276905,171.04497,0.00010019128
132,2.2,0.02730397,0.14990835,0.15,0.32825634,171.05699,0.00010019128
133,2.2166667,0.029799154,0.14990765,0.15,0.32882375,171.06903,0.00010019128
134,2.2333333,0.032294337,0.14990966,0.15,0.32939252,171.08101,0.00010019128
135,2.25,0.03478967,0.14991887,0.15,0.3299627,171.09294,0.00010019762
136,2.2666667,0.037285175,0.14992781,0.15,0.33053422,171.10478,0.00010019762
137,2.2833333,0.039781183,0.14992163,0.15,0.33110696,171.11655,0.00010019762
138,2.3,0.042277124,0.14991997,0.15,0.33168063,171.12823,0.00010019762
139,2.3166666,0.04477318,0.14991985,0.15,0.33225513,171.13982,0.00010019762
140,2.3333333,0.047269,0.14991987,0.15,0.33283007,171.15129,0.00010019762
141,2.35,0.049764644,0.14990737,0.15,0.3334053,171.16267,0.00010019762
142,2.3666666,0.05225997,0.14990672,0.15,0.33398026,171.17389,0.00010019762
143,2.3833334,0.054755714,0.14992608,0.15,0.33455494,171.18503,0.00010019762
144,2.4,0.057251334,0.14986083,0.15,0.33512887,171.19608,0.00010019762
145,2.4166667,0.059746914,0.14991324,0.15,0.335702,171.20699,0.00010019762
146,2.4333334,0.062242884,0.14992526,0.15,0.336274,171.21782,0.00010019762
147,2.45,0.06473886,0.14991818,0.15,0.33684486,171.22853,0.00010019762
148,2.4666667,0.06723469,0.14991812,0.15,0.3374144,171.23917,0.00010019762
149,2.4833333,0.06973104,0.14991803,0.15,0.33798283,171.24973,0.00010019762
150,2.5,0.07222738,0.14992623,0.15,0.33855024,171.26013,0.000100213016
151,2.5166667,0.07472316,0.14991917,0.15,0.3391166,171.27048,0.000100213016
152,2.5333333,0.0772191,0.1499127,0.15,0.33968228,171.28067,0.000100213016
153,2.55,0.07971526,0.14990656,0.15,0.34024754,171.29085,0.000100213016
154,2.5666666,0.08221112,0.14992498,0.15,0.34081265,171.30092,0.000100213016
155,2.5833333,0.08470712,0.1499249,0.15,0.341378,171.31093,0.000100213016
156,2.6,0.08720341,0.1498593,0.15,0.34194392,171.32089,0.000100213016
157,2.6166666,0.08969974,0.14991488,0.15,0.34251055,171.33076,0.000100213016
158,2.6333334,0.0921956,0.1499192,0.15,0.34307802,171.34059,0.000100213016
159,2.65,0.09469152,0.14991403,0.15,0.3436467,171.35034,0.000100213016
160,2.6666667,0.09718761,0.14991106,0.15,0.34421661,171.36003,0.000100213016
161,2.6833334,0.09968352,0.14992356,0.15,0.34478778,171.36964,0.000100213016
162,2.7,0.10217953,0.1499222,0.15,0.34536007,171.37924,0.000100213016
163,2.7166667,0.10467588,0.14992213,0.15,0.3459336,171.38876,0.000100213016
164,2.7333333,0.10717248,0.14992246,0.15,0.34650806,171.39827,0.000100213016
165,2.75,0.10966793,0.14957629,0.15,0.3470839,171.40779,0.00010028011
166,2.7666667,0.11216223,0.1496,0.15,0.34766915,171.41739,0.00010028011
167,2.7833333,0.11465665,0.14959884,0.15,0.3482506,171.42699,0.00010028011
168,2.8,0.11715472,0.14996228,0.15,0.34883162,171.4368,0.00010028011
169,2.8166666,0.11965524,0.14995699,0.15,0.34941056,171.44666,0.00010028011
170,2.8333333,0.12215531,0.14995581,0.15,0.3499857,171.45647,0.00010028011
171,2.85,0.124654375,0.14993352,0.15,0.3505577,171.46622,0.00010028011
172,2.8666666,0.12715164,0.14980678,0.15,0.3511269,171.47527,0.00010028011
173,2.8833334,0.12964912,0.14984985,0.15,0.3516972,171.48425,0.00010028011
174,2.9,0.13214721,0.14987557,0.15,0.352269,171.49321,0.00010028011
175,2.9166667,0.13464577,0.1498912,0.15,0.35284263,171.50212,0.00010028011
176,2.9333334,0.13714463,0.14990342,0.15,0.35341766,171.51102,0.00010028011
177,2.95,0.13964386,0.14991672,0.15,0.35399434,171.51988,0.00010028011
178,2.9666667,0.14214289,0.14991981,0.15,0.3545728,171.52876,0.00010028011
179,2.9833333,0.14464092,0.14991978,0.15,0.35515255,171.53757,0.00010028011
180,3,0.1471395,0.14992091,0.15,0.3557334,171.54633,0.00010028011
181,3.0166667,0.14963871,0.149924,0.15,0.35631537,171.55505,0.00010028011
182,3.0333333,0.15213808,0.14992777,0.15,0.35689867,171.56372,0.00010028011
183,3.05,0.15463695,0.14992969,0.15,0.35748333,171.57234,0.00010028011
184,3.0666666,0.15713629,0.14994438,0.15,0.3580694,171.58087,0.00010028011
185,3.0833333,0.15963301,0.14990778,0.15,0.35865712,171.5894,0.00010028011
186,3.1,0.16213,0.14995313,0.15,0.3592461,171.59785,0.00010028011
187,3.1166666,0.1646267,0.14995766,0.15,0.359836,171.6063,0.00010028011
188,3.1333334,0.1671237,0.1499252,0.15,0.36042705,171.61467,0.00010028011
189,3.15,0.1696213,0.14996906,0.15,0.36101913,171.62299,0.00010028011
190,3.1666667,0.17211944,0.14997059,0.15,0.36161214,171.63124,0.00010028011
191,3.1833334,0.17461774,0.14997128,0.15,0.36220568,171.63937,0.00010028011
192,3.2,0.17711706,0.14997193,0.15,0.3627995,171.64743,0.00010028011
193,3.2166667,0.17961723,0.1499724,0.15,0.36339316,171.65538,0.00010028011
194,3.2333333,0.18211703,0.14997269,0.15,0.36398682,171.66324,0.00010028011
195,3.25,0.1846169,0.14997289,0.15,0.36457983,171.67104,0.00010028011
196,3.2666667,0.18711764,0.14997298,0.15,0.3651721,171.67873,0.00010028011
197,3.2833333,0.18961883,0.14997323,0.15,0.365763,171.68631,0.00010028011
198,3.3,0.19211893,0.14997336,0.15,0.36635256,171.69382,0.00010028011
199,3.3166666,0.19461896,0.14997353,0.15,0.36694044,171.70125,0.00010028011
200,3.3333333,0.19711907,0.14997415,0.15,0.36752635,171.70851,0.00010028011
201,3.35,0.19961883,0.14995135,0.15,0.36811042,171.71574,0.00010028011
202,3.3666666,0.20211788,0.14995167,0.15,0.36869273,171.7229,0.00010028011
203,3.3833334,0.20461723,0.1499522,0.15,0.36927316,171.73,0.00010028011
204,3.4,0.2071159,0.14995243,0.15,0.36985224,171.73695,0.00010028011
205,3.4166667,0.20961559,0.14995539,0.15,0.37043008,171.7439,0.00010028011
206,3.4333334,0.21211517,0.1499555,0.15,0.37100682,171.75072,0.00010028011
207,3.45,0.21461476,0.14995576,0.15,0.37158266,171.75748,0.00010028011
208,3.4666667,0.217114,0.14995557,0.15,0.3721583,171.76414,0.00010028011
209,3.4833333,0.21961299,0.14993514,0.15,0.37273362,171.77075,0.00010028011
210,3.5,0.2221129,0.14995605,0.15,0.37330934,171.77727,0.00010028011
211,3.5166667,0.22461207,0.14995088,0.15,0.3738852,171.78374,0.00010028011
212,3.5333333,0.22711109,0.14995734,0.15,0.37446183,171.7901,0.00010028011
213,3.55,0.22960994,0.14995678,0.15,0.3750392,171.79639,0.00010028011
214,3.5666666,0.23210956,0.14995657,0.15,0.37561738,171.80261,0.00010028011
215,3.5833333,0.23460951,0.14995642,0.15,0.3761966,171.80875,0.00010028011
216,3.6,0.23710875,0.14995606,0.15,0.37677678,171.81479,0.00010028011
217,3.6166666,0.23960818,0.14995556,0.15,0.37735778,171.8208,0.00010028011
218,3.6333334,0.24210714,0.14995624,0.15,0.37793952,171.8267,0.00010028011
219,3.65,0.24460623,0.14995614,0.15,0.37852234,171.83255,0.00010028011
220,3.6666667,0.247104,0.14995262,0.15,0.37910601,171.83835,0.00010028011
221,3.6833334,0.24960141,0.14995408,0.15,0.37969053,171.8441,0.00010028011
222,3.7,0.25209802,0.14995278,0.15,0.38027504,171.84975,0.00010028011
223,3.7166667,0.2545947,0.14995232,0.15,0.38085952,171.8553,0.00010028011
224,3.7333333,0.25709102,0.14994311,0.15,0.38144377,171.8608,0.00010028011
225,3.75,0.25958753,0.14995389,0.15,0.38202778,171.86626,0.00010028011
226,3.7666667,0.26208442,0.14995609,0.15,0.38261163,171.87166,0.00010028011
227,3.7833333,0.26458126,0.14995606,0.15,0.38319507,171.877,0.00010028011
228,3.8,0.26707828,0.14995144,0.15,0.38377824,171.88228,0.00010028011
229,3.8166666,0.26957536,0.14995475,0.15,0.38436136,171.88747,0.00010028011
230,3.8333333,0.27207226,0.14995404,0.15,0.3849444,171.89262,0.00010028011
231,3.85,0.27456918,0.1499549,0.15,0.3855276,171.89769,0.00010028011
232,3.8666666,0.27706566,0.14995895,0.15,0.38611114,171.90271,0.00010028011
233,3.8833334,0.27956185,0.14995342,0.15,0.38669506,171.90765,0.00010028011
234,3.9,0.28205866,0.14995638,0.15,0.38727984,171.91255,0.00010028011
235,3.9166667,0.28455517,0.14995591,0.15,0.3878654,171.91737,0.00010028011
236,3.9333334,0.2870521,0.1499519,0.15,0.38845184,171.92213,0.00010028011
237,3.95,0.28954864,0.14995226,0.15,0.3890392,171.92682,0.00010028011
238,3.9666667,0.29204446,0.1499518,0.15,0.3896273,171.93144,0.00010028011
239,3.9833333,0.29454058,0.14995134,0.15,0.3902163,171.936,0.00010028011
240,4,0.29703704,0.14994264,0.15,0.39080596,171.94048,0.00010028011
241,4.016667,0.29755285,-8.233073e-05,0,0.39094007,171.92839,0.00010028011
242,4.0333333,0.2975482,-8.144753e-05,0,0.3909527,171.92778,0.00010028011
243,4.05,0.29754335,-7.578676e-05,0,0.39096254,171.92729,0.00010028011
244,4.0666666,0.29753846,-7.8441146e-05,0,0.39096946,171.92691,0.00010028011
245,4.0833335,0.29753396,-7.858449e-05,0,0.39097336,171.92664,0.00010028011
246,4.1,0.29752934,-8.710637e-05,0,0.39097404,171.92647,0.00010028011
247,4.116667,0.29752558,-7.5947166e-05,0,0.3909723,171.92638,0.00010028011
248,4.133333,0.29752257,-6.826938e-05,0,0.39096984,171.9263,0.00010028011
249,4.15,0.29752028,-4.7129917e-05,0,0.39096662,171.92621,0.00010028011
250,4.1666665,0.29751801,-3.9597307e-05,0,0.39096263,171.92612,0.00010028011
251,4.1833334,0.29751578,-6.563353e-05,0,0.39095786,171.926,0.00010028011
252,4.2,0.29751334,-4.7482117e-05,0,0.39095253,171.92589,0.00010028011
253,4.2166667,0.29751086,-4.8024365e-05,0,0.39094666,171.92575,0.00010028011
254,4.233333,0.29750836,-4.248437e-05,0,0.3909406,171.9256,0.00010028011
255,4.25,0.29750592,-6.6984496e-05,0,0.39093447,171.92545,0.00010028011
256,4.266667,0.2975035,-6.7268906e-05,0,0.3909284,171.92531,0.00010028011
257,4.2833333,0.29750106,-6.65732e-05,0,0.39092243,171.92516,0.00010028011
258,4.3,0.2974989,-6.9621005e-05,0,0.39091685,171.925,0.00010028011
259,4.3166666,0.29749665,-5.1763567e-05,0,0.3909118,171.92487,0.00010028011
260,4.3333335,0.29749438,-5.199878e-05,0,0.39090708,171.92471,0.00010028011
261,4.35,0.29749212,-5.2226944e-05,0,0.39090294,171.92456,0.00010028011
262,4.366667,0.2974899,-7.070918e-05,0,0.39089933,171.92442,0.00010028011
263,4.383333,0.2974879,-4.1769796e-05,0,0.3908963,171.92427,0.00010028011
264,4.4,0.29748592,-4.2228858e-05,0,0.3908938,171.9241,0.00010028011
265,4.4166665,0.29748374,-4.4231914e-05,0,0.3908915,171.92395,0.00010028011
266,4.4333334,0.2974816,-4.2588534e-05,0,0.39088967,171.9238,0.00010028011
267,4.45,0.29747936,-4.589458e-05,0,0.39088818,171.92366,0.00010028011
268,4.4666667,0.2974775,-4.1654155e-05,0,0.39088693,171.92354,0.00010028011
269,4.483333,0.29747564,-4.241869e-05,0,0.39088574,171.92342,0.00010028011
270,4.5,0.29747367,-4.3514723e-05,0,0.39088467,171.92332,0.00010028011
271,4.516667,0.29747176,-4.6617643e-05,0,0.3908837,171.92323,0.00010028011
272,4.5333333,0.29746962,-5.6239922e-05,0,0.3908828,171.92314,0.00010028011
273,4.55,0.2974672,-6.541818e-05,0,0.3908821,171.92305,0.00010028011
274,4.5666666,0.29746485,-6.497707e-05,0,0.39088178,171.92293,0.00010028011
275,4.5833335,0.29746228,-6.6037064e-05,0,0.3908816,171.92278,0.00010028011
276,4.6,0.2974592,-6.709036e-05,0,0.39088148,171.92262,0.00010028011
277,4.616667,0.29745585,-6.7507615e-05,0,0.3908816,171.92245,0.00010028011
278,4.633333,0.29745236,-6.734751e-05,0,0.3908819,171.92229,0.00010028011
279,4.65,0.2974492,-6.811767e-05,0,0.39088255,171.92209,0.00010028011
280,4.6666665,0.29744604,-7.022076e-05,0,0.3908834,171.9219,0.00010028011
281,4.6833334,0.29744288,-7.141869e-05,0,0.39088434,171.9217,0.00010028011
282,4.7,0.29743975,-6.803538e-05,0,0.39088532,171.9215,0.00010028011
283,4.7166667,0.2974364,-6.498404e-05,0,0.39088655,171.92128,0.00010028011
284,4.733333,0.2974332,-6.764303e-05,0,0.39088768,171.92105,0.00010028011
285,4.75,0.29742983,-6.60277e-05,0,0.3908889,171.92084,0.00010028011
286,4.766667,0.29742664,-6.6739725e-05,0,0.39089003,171.92062,0.00010028011
287,4.7833333,0.2974233,-6.649972e-05,0,0.3908911,171.92043,0.00010028011
288,4.8,0.29741994,-6.6776905e-05,0,0.39089215,171.92023,0.00010028011
289,4.8166666,0.2974167,-6.5984575e-05,0,0.390893,171.92004,0.00010028011
290,4.8333335,0.29741344,-7.187719e-05,0,0.39089364,171.91986,0.00010028011
291,4.85,0.29740998,-7.0993185e-05,0,0.39089394,171.9197,0.00010028011
292,4.866667,0.29740697,5.380286e-05,0,0.3908941,171.91954,0.00010028011
293,4.883333,0.29740515,5.574304e-05,0,0.39089414,171.91934,0.00010028011
294,4.9,0.29740357,5.4759912e-05,0,0.39089355,171.91919,0.00010028011
295,4.9166665,0.29740286,5.8971993e-05,0,0.39089283,171.91905,0.00010028011
296,4.9333334,0.29740208,5.9637277e-05,0,0.39089215,171.91893,0.00010028011
297,4.95,0.2974016,5.924076e-05,0,0.39089143,171.9188,0.00010028011
298,4.9666667,0.29740104,6.535415e-05,0,0.39089072,171.91867,0.00010028011
299,4.983333,0.29740041,6.250318e-05,0,0.39089003,171.91855,0.00010028011
300,5,0.29739976,6.281365e-05,0,0.3908893,171.91843,0.00010028011
301,5.016667,0.2973991,6.431728e-05,0,0.39088854,171.91829,0.00010028011
302,5.0333333,0.29739866,6.467345e-05,0,0.390888,171.91817,0.00010028011
303,5.05,0.2973985,6.498476e-05,0,0.3908873,171.91805,0.00010028011
304,5.0666666,0.29739836,6.2965104e-05,0,0.39088672,171.91792,0.00010028011
305,5.0833335,0.29739812,6.186532e-05,0,0.39088613,171.9178,0.00010028011
306,5.1,0.2973981,6.184554e-05,0,0.39088553,171.9177,0.00010028011
307,5.116667,0.29739788,6.170837e-05,0,0.3908849,171.91757,0.00010028011
308,5.133333,0.29739773,6.246791e-05,0,0.3908844,171.91747,0.00010028011
309,5.15,0.29739776,6.654472e-05,0,0.39088377,171.91734,0.00010028011
310,5.1666665,0.29739764,6.8541136e-05,0,0.39088318,171.91724,0.00010028011
311,5.1833334,0.29739743,6.874806e-05,0,0.3908827,171.91713,0.00010028011
312,5.2,0.29739743,6.898026e-05,0,0.39088205,171.917,0.00010028011
313,5.2166667,0.29739743,7.3057876e-05,0,0.39088154,171.9169,0.00010028011
314,5.233333,0.29739743,7.276066e-05,0,0.3908809,171.91678,0.00010028011
315,5.25,0.2973974,7.111244e-05,0,0.39088038,171.91667,0.00010033647
316,5.266667,0.29739743,6.5033426e-05,0,0.39087984,171.91656,0.00010033647
317,5.2833333,0.2973972,5.6971265e-05,0,0.39087924,171.91644,0.00010033647
318,5.3,0.29739714,5.788372e-05,0,0.39087868,171.91634,0.00010033647
319,5.3166666,0.297397,6.009991e-05,0,0.39087805,171.91621,0.00010033647
320,5.3333335,0.2973969,5.7879555e-05,0,0.3908775,171.9161,0.00010033647
321,5.35,0.29739678,5.854936e-05,0,0.3908769,171.91599,0.00010033647
322,5.366667,0.29739672,5.7926954e-05,0,0.39087632,171.91588,0.00010033647
323,5.383333,0.2973966,6.599469e-05,0,0.3908758,171.91577,0.00010033647
324,5.4,0.29739654,6.365534e-05,0,0.3908753,171.91565,0.00010033647
325,5.4166665,0.2973965,6.2849795e-05,0,0.39087474,171.91554,0.00010033647
326,5.4333334,0.29739654,6.450521e-05,0,0.39087424,171.91544,0.00010033647
327,5.45,0.2973965,6.446003e-05,0,0.3908737,171.91531,0.00010033647
328,5.4666667,0.29739648,6.4967426e-05,0,0.39087313,171.9152,0.00010033647
329,5.483333,0.2973965,6.4917935e-05,0,0.39087266,171.91508,0.00010033647
330,5.5,0.29739645,6.356875e-05,0,0.39087215,171.91498,0.00010033647
331,5.516667,0.29739627,6.345105e-05,0,0.39087158,171.91487,0.00010033647
332,5.5333333,0.29739627,6.4303225e-05,0,0.3908711,171.91476,0.00010033647
333,5.55,0.2973963,6.239884e-05,0,0.3908706,171.91466,0.00010033647
334,5.5666666,0.2973963,6.271915e-05,0,0.39087003,171.91454,0.00010033647
335,5.5833335,0.2973963,6.250127e-05,0,0.39086947,171.91443,0.00010033647
336,5.6,0.29739627,6.374352e-05,0,0.390869,171.91432,0.00010033647
337,5.616667,0.2973963,6.319218e-05,0,0.39086843,171.9142,0.00010033647
338,5.633333,0.2973963,6.568479e-05,0,0.39086792,171.9141,0.00010033647
339,5.65,0.2973963,6.212825e-05,0,0.3908674,171.91399,0.00010033647
340,5.6666665,0.2973962,6.2094594e-05,0,0.3908669,171.91386,0.00010033647
341,5.6833334,0.29739618,6.3498264e-05,0,0.39086634,171.91376,0.00010033647
342,5.7,0.29739612,6.283644e-05,0,0.39086574,171.91364,0.00010033647
343,5.7166667,0.29739603,6.225162e-05,0,0.39086524,171.91353,0.00010033647
344,5.733333,0.2973959,6.10753e-05,0,0.39086473,171.91342,0.00010033647
345,5.75,0.29739586,6.16386e-05,0,0.39086416,171.91331,0.00010033647
346,5.766667,0.29739588,6.201192e-05,0,0.3908636,171.9132,0.00010033647
347,5.7833333,0.29739586,6.5875625e-05,0,0.3908631,171.91309,0.00010033647
348,5.8,0.29739583,6.298318e-05,0,0.3908625,171.91296,0.00010033647
349,5.8166666,0.29739577,6.265319e-05,0,0.390862,171.91286,0.00010033647
350,5.8333335,0.29739568,6.4906824e-05,0,0.39086142,171.91275,0.00010033647
351,5.85,0.29739553,6.114828e-05,0,0.39086092,171.91264,0.00010033647
352,5.866667,0.2973953,5.9413847e-05,0,0.39086035,171.91252,0.00010033647
353,5.883333,0.29739523,6.430879e-05,0,0.39085972,171.9124,0.00010033647
354,5.9,0.29739508,6.2446925e-05,0,0.39085916,171.9123,0.00010033647
355,5.9166665,0.2973952,5.857238e-05,0,0.39085865,171.91217,0.00010033647
356,5.9333334,0.29739505,5.9758477e-05,0,0.39085814,171.91206,0.00010033647
357,5.95,0.297395,5.9828813e-05,0,0.39085758,171.91196,0.00010033647
358,5.9666667,0.29739496,5.9197464e-05,0,0.390857,171.91183,0.00010033647
359,5.983333,0.2973948,5.9611204e-05,0,0.39085642,171.91171,0.00010033647
360,6,0.29739466,5.883262e-05,0,0.39085588,171.9116,0.00010033647
361,6.016667,0.2954183,-0.14995113,-0.15,0.39040118,171.92038,0.00010033647
362,6.0333333,0.29291666,-0.14995708,-0.15,0.38982216,171.91574,0.00010033647
363,6.05,0.29041463,-0.14995414,-0.15,0.3892388,171.9113,0.00010033647
364,6.0666666,0.2879133,-0.14995295,-0.15,0.38865414,171.90685,0.00010033647
365,6.0833335,0.285412,-0.14996761,-0.15,0.38806957,171.90228,0.00010033647
366,6.1,0.28291085,-0.14996278,-0.15,0.38748524,171.89755,0.00010033647
367,6.116667,0.28040975,-0.14996031,-0.15,0.38690114,171.8928,0.00010033647
368,6.133333,0.27790794,-0.1499695,-0.15,0.38631764,171.88799,0.00010033647
369,6.15,0.27540636,-0.14996727,-0.15,0.38573498,171.88304,0.00010033647
370,6.1666665,0.27290446,-0.14996615,-0.15,0.385153,171.87807,0.00010033647
371,6.1833334,0.27040303,-0.14996278,-0.15,0.38457218,171.87302,0.00010033647
372,6.2,0.26790193,-0.14987332,-0.15,0.38399267,171.86792,0.00010033647
373,6.2166667,0.26540226,-0.14988816,-0.15,0.38341436,171.86278,0.00010033647
374,6.233333,0.2629028,-0.1498801,-0.15,0.3828368,171.85759,0.00010033647
375,6.25,0.26040354,-0.14988329,-0.15,0.38225976,171.85233,0.00010033647
376,6.266667,0.25790378,-0.14988662,-0.15,0.38168296,171.84698,0.00010033647
377,6.2833333,0.25540423,-0.1498825,-0.15,0.38110617,171.84158,0.00010033647
378,6.3,0.25290433,-0.14987707,-0.15,0.3805291,171.8361,0.00010033647
379,6.3166666,0.2504047,-0.14988005,-0.15,0.37995145,171.83054,0.00010033647
380,6.3333335,0.24790536,-0.14988112,-0.15,0.37937295,171.82486,0.00010033647
381,6.35,0.24540631,-0.14988062,-0.15,0.3787934,171.8191,0.00010033647
382,6.366667,0.24290664,-0.14988011,-0.15,0.37821233,171.81323,0.00010033647
383,6.383333,0.24040723,-0.14987971,-0.15,0.37762976,171.80724,0.00010033647
384,6.4,0.2379078,-0.14987938,-0.15,0.37704557,171.80116,0.00010033647
385,6.4166665,0.2354086,-0.14987953,-0.15,0.37645978,171.79495,0.00010033647
386,6.4333334,0.23290935,-0.14987908,-0.15,0.37587237,171.78864,0.00010033647
387,6.45,0.23040949,-0.14987853,-0.15,0.37528327,171.7822,0.00010033647
388,6.4666667,0.22791009,-0.14987566,-0.15,0.37469307,171.77568,0.00010033647
389,6.483333,0.22541119,-0.14987393,-0.15,0.3741019,171.76903,0.00010033647
390,6.5,0.22291252,-0.14987907,-0.15,0.37350985,171.76227,0.00010033647
391,6.516667,0.22041342,-0.14987399,-0.15,0.3729173,171.75543,0.00010033647
392,6.5333333,0.21791421,-0.14988926,-0.15,0.37232456,171.74847,0.00010033647
393,6.55,0.21541491,-0.14986764,-0.15,0.37173182,171.74142,0.00010033647
394,6.5666666,0.21291557,-0.14988852,-0.15,0.37113953,171.73428,0.00010033647
395,6.5833335,0.21041627,-0.1498807,-0.15,0.37054786,171.72707,0.00010033647
396,6.6,0.2079167,-0.14989452,-0.15,0.36995697,171.71977,0.00010033647
397,6.616667,0.20541728,-0.1498711,-0.15,0.36936712,171.7124,0.00010033647
398,6.633333,0.20291843,-0.14987457,-0.15,0.36877832,171.70494,0.00010033647
399,6.65,0.20041987,-0.14988986,-0.15,0.36819065,171.69745,0.00010033647
400,6.6666665,0.19792102,-0.14987077,-0.15,0.36760387,171.6899,0.00010033647
401,6.6833334,0.19542216,-0.14987166,-0.15,0.3670179,171.68225,0.00010033647
402,6.7,0.1929232,-0.14988138,-0.15,0.36643252,171.67458,0.00010033647
403,6.7166667,0.190424,-0.14989497,-0.15,0.36584768,171.66687,0.00010033647
404,6.733333,0.18792474,-0.14986674,-0.15,0.36526313,171.65909,0.00010033647
405,6.75,0.1854254,-0.14986338,-0.15,0.36467868,171.65129,0.00010033647
406,6.766667,0.18292646,-0.14984013,-0.15,0.36409417,171.64342,0.00010033647
407,6.7833333,0.18042716,-0.15020934,-0.15,0.36350927,171.6355,0.00010033647
408,6.8,0.17792791,-0.15021801,-0.15,0.3629245,171.62764,0.00010033647
409,6.8166666,0.17542666,-0.1502189,-0.15,0.3623358,171.61981,0.00010033647
410,6.8333335,0.17291985,-0.15021823,-0.15,0.36174533,171.61209,0.00010033647
411,6.85,0.17041865,-0.14988717,-0.15,0.36115795,171.60426,0.00010033647
412,6.866667,0.16792046,-0.14987303,-0.15,0.3605712,171.5963,0.00010033647
413,6.883333,0.16542222,-0.14986941,-0.15,0.35998547,171.58806,0.00010033647
414,6.9,0.16292398,-0.14987059,-0.15,0.359401,171.57983,0.00010033647
415,6.9166665,0.1604257,-0.14986789,-0.15,0.3588177,171.57156,0.00010033647
416,6.9333334,0.15792708,-0.14986533,-0.15,0.35823566,171.56328,0.00010033647
417,6.95,0.15542874,-0.14986315,-0.15,0.3576548,171.55493,0.00010033647
418,6.9666667,0.15293063,-0.14985,-0.15,0.35707524,171.54654,0.00010033647
419,6.983333,0.15043265,-0.14986336,-0.15,0.3564969,171.53812,0.00010033647
420,7,0.14793453,-0.1498792,-0.15,0.3559197,171.52963,0.00010033647
421,7.016667,0.14543614,-0.1498743,-0.15,0.35534355,171.52112,0.00010033647
422,7.0333333,0.14293759,-0.14988491,-0.15,0.35476846,171.51254,0.00010033647
423,7.05,0.14043885,-0.1499034,-0.15,0.35419446,171.50392,0.00010033647
424,7.0666666,0.13793881,-0.14991613,-0.15,0.35362133,171.49527,0.00010033647
425,7.0833335,0.13543788,-0.14997259,-0.15,0.35304895,171.48654,0.00010033647
426,7.1,0.13293584,-0.1500089,-0.15,0.35247722,171.47772,0.00010033647
427,7.116667,0.13043225,-0.15008049,-0.15,0.35190585,171.46886,0.00010033647
428,7.133333,0.12792705,-0.15014824,-0.15,0.35133478,171.4599,0.00010033647
429,7.15,0.12541996,-0.15020072,-0.15,0.35076398,171.45087,0.00010033647
430,7.1666665,0.12291162,-0.15023194,-0.15,0.35019365,171.44173,0.00010033647
431,7.1833334,0.120402746,-0.15023266,-0.15,0.3496241,171.43254,0.00010033647
432,7.2,0.117894515,-0.15023735,-0.15,0.3490551,171.42322,0.00010033647
433,7.2166667,0.11538703,-0.15023603,-0.15,0.3484864,171.4138,0.00010033647
434,7.233333,0.112879455,-0.15023817,-0.15,0.3479173,171.40427,0.00010033647
435,7.25,0.11037295,-0.1502339,-0.15,0.34734753,171.3946,0.00010052247
436,7.266667,0.107867464,-0.15023333,-0.15,0.34677663,171.38484,0.00010052247
437,7.2833333,0.10536289,-0.15023844,-0.15,0.34620443,171.37494,0.00010052247
438,7.3,0.102860145,-0.15023297,-0.15,0.3456304,171.36491,0.00010052247
439,7.3166666,0.100358404,-0.15023312,-0.15,0.34505418,171.35474,0.00010052247
440,7.3333335,0.09785782,-0.15022722,-0.15,0.34447566,171.34445,0.00010052247
441,7.35,0.09535859,-0.1502299,-0.15,0.34389463,171.33405,0.00010052247
442,7.366667,0.092860214,-0.1502309,-0.15,0.34331152,171.32352,0.00010052247
443,7.383333,0.09036136,-0.15022835,-0.15,0.34272662,171.31291,0.00010052247
444,7.4,0.08786296,-0.15022261,-0.15,0.3421398,171.3022,0.00010052247
445,7.4166665,0.08535095,-0.15023015,-0.15,0.34155723,171.2918,0.00010052247
446,7.4333334,0.08284237,-0.15022057,-0.15,0.34097183,171.28123,0.00010052247
447,7.45,0.080334246,-0.15022647,-0.15,0.3403853,171.27058,0.00010052247
448,7.4666667,0.07782553,-0.1502184,-0.15,0.33979777,171.25986,0.00010052247
449,7.483333,0.0753177,-0.15022065,-0.15,0.33920988,171.24904,0.00010052247
450,7.5,0.07281731,-0.14983955,-0.15,0.33862624,171.2382,0.00010052247
451,7.516667,0.07032038,-0.14983098,-0.15,0.3380433,171.2274,0.00010052247
452,7.5333333,0.06782381,-0.14982405,-0.15,0.33746108,171.2165,0.00010052247
453,7.55,0.065327294,-0.14982498,-0.15,0.33687964,171.20558,0.00010052247
454,7.5666666,0.06283054,-0.14982118,-0.15,0.3362993,171.19458,0.00010052247
455,7.5833335,0.06033376,-0.14982314,-0.15,0.33572015,171.18352,0.00010052247
456,7.6,0.057836957,-0.14981546,-0.15,0.33514237,171.1724,0.00010052247
457,7.616667,0.05534035,-0.14981748,-0.15,0.33456588,171.1612,0.00010052247
458,7.633333,0.052843843,-0.14981441,-0.15,0.33399078,171.14998,0.00010052247
459,7.65,0.050347075,-0.14981627,-0.15,0.33341688,171.1387,0.00010052247
460,7.6666665,0.04785061,-0.14981426,-0.15,0.3328441,171.12735,0.00010052247
461,7.6833334,0.04535405,-0.14981683,-0.15,0.33227232,171.11595,0.00010052247
462,7.7,0.04285711,-0.14981426,-0.15,0.33170122,171.1045,0.00010052247
463,7.7166667,0.04036024,-0.14981575,-0.15,0.3311307,171.09299,0.00010052247
464,7.733333,0.037863266,-0.14981636,-0.15,0.3305607,171.08145,0.00010052247
465,7.75,0.035366286,-0.14981553,-0.15,0.32999098,171.06987,0.00010052247
466,7.766667,0.032869466,-0.1498146,-0.15,0.32942152,171.05818,0.00010052247
467,7.7833333,0.030372927,-0.14981486,-0.15,0.32885227,171.04645,0.00010052247
468,7.8,0.027876424,-0.14981453,-0.15,0.32828328,171.03465,0.00010052247
469,7.8166666,0.025380054,-0.14981471,-0.15,0.32771447,171.0228,0.00010052247
470,7.8333335,0.02288341,-0.14981358,-0.15,0.32714584,171.01088,0.00010052247
471,7.85,0.020386972,-0.14981419,-0.15,0.32657784,170.99892,0.00010052247
472,7.866667,0.017890882,-0.14981371,-0.15,0.32601038,170.98683,0.00010052247
473,7.883333,0.01539496,-0.14981534,-0.15,0.32544374,170.9747,0.00010052247
474,7.9,0.012898685,-0.14981623,-0.15,0.324878,170.96248,0.00010052247
475,7.9166665,0.010402539,-0.14981642,-0.15,0.3243134,170.95021,0.00010052247
476,7.9333334,0.007906559,-0.1498168,-0.15,0.32375008,170.93784,0.00010052247
477,7.95,0.0054100547,-0.14981712,-0.15,0.32318795,170.92545,0.00010052247
478,7.9666667,0.0029135775,-0.14981712,-0.15,0.32262734,170.91292,0.00010052247
479,7.983333,0.00041761465,-0.14981718,-0.15,0.32206813,170.90031,0.00010052247
480,8,-0.0020803974,-0.14991021,-0.15,0.32150915,170.88763,0.00010052247
481,8.016666,-0.0028489693,8.821675e-05,0,0.32134345,170.86989,0.00010052247
482,8.033334,-0.002849474,8.3404666e-05,0,0.3213515,170.86943,0.00010052247
483,8.05,-0.0028501654,7.656356e-05,0,0.32135803,170.86916,0.00010052247
484,8.066667,-0.002850648,7.655955e-05,0,0.32136256,170.86893,0.00010052247
485,8.083333,-0.0028510932,7.704973e-05,0,0.3213646,170.86873,0.00010052247
486,8.1,-0.0028515775,9.2054855e-05,0,0.32136393,170.86856,0.00010052247
487,8.116667,-0.0028519707,9.264492e-05,0,0.32136178,170.86842,0.00010052247
488,8.133333,-0.0028521644,9.2852446e-05,0,0.3213587,170.86826,0.00010052247
489,8.15,-0.002852282,9.677512e-05,0,0.321355,170.8681,0.00010052247
490,8.166667,-0.0028519782,0.0001351639,0,0.32135049,170.86792,0.00010052247
491,8.183333,-0.0028518813,0.0001345578,0,0.32134548,170.86775,0.00010052247
492,8.2,-0.0028519633,0.00013437051,0,0.32133976,170.86758,0.00010052247
493,8.216666,-0.0028520378,0.00012444991,0,0.3213337,170.86742,0.00010052247
494,8.233334,-0.0028521495,0.00012453087,0,0.32132727,170.86725,0.00010052247
495,8.25,-0.0028521346,0.00012461469,0,0.32132068,170.86707,0.00010052247
496,8.266666,-0.0028521495,0.00012468928,0,0.32131407,170.86688,0.00010052247
497,8.283334,-0.002852142,0.00012476662,0,0.32130757,170.8667,0.00010052247
498,8.3,-0.0028521048,0.00012485503,0,0.32130137,170.86652,0.00010052247
499,8.316667,-0.0028520005,0.00012492212,0,0.3212954,170.86633,0.00010052247
500,8.333333,-0.0028521272,0.0001249994,0,0.3212897,170.86615,0.00010052247
501,8.35,-0.0028520527,0.00012508854,0,0.32128447,170.86597,0.00010052247
502,8.366667,-0.002851993,0.00012515143,0,0.32127964,170.86578,0.00010052247
503,8.383333,-0.0028521346,0.00012523078,0,0.32127514,170.8656,0.00010052247
504,8.4,-0.0028520303,0.00012529994,0,0.32127133,170.86543,0.00010052247
505,8.416667,-0.0028519558,0.0001253471,0,0.32126772,170.86526,0.00010052247
506,8.433333,-0.0028520378,0.00012539282,0,0.32126448,170.8651,0.00010052247
507,8.45,-0.0028519335,0.00012544355,0,0.32126176,170.86496,0.00010052247
508,8.466666,-0.0028519633,0.00012547853,0,0.3212593,170.86482,0.00010052247
509,8.483334,-0.0028519782,0.00012562869,0,0.32125703,170.86469,0.00010052247
510,8.5,-0.0028519782,0.00012627017,0,0.32125515,170.86458,0.00010052247
511,8.516666,-0.0028519037,0.00012730583,0,0.32125354,170.86447,0.00010052247
512,8.533334,-0.0028518068,0.000111370224,0,0.32125214,170.86438,0.00010052247
513,8.55,-0.002851777,0.000111694906,0,0.3212508,170.86429,0.00010052247
514,8.566667,-0.002851585,0.00011184935,0,0.32124946,170.86418,0.00010052247
515,8.583333,-0.002851488,0.00011193282,0,0.3212481,170.86409,0.00010052247
516,8.6,-0.0028513763,0.000112007554,0,0.32124677,170.864,0.00010052247
517,8.616667,-0.0028512497,0.00011205786,0,0.32124543,170.8639,0.00010052247
518,8.633333,-0.0028509907,0.00011210851,0,0.3212441,170.86382,0.00010052247
519,8.65,-0.0028507374,0.000112140566,0,0.32124272,170.86372,0.00010052247
520,8.666667,-0.0028505512,0.00011219926,0,0.32124138,170.86363,0.00010052247
521,8.683333,-0.0028503218,0.00011224568,0,0.32124007,170.86354,0.00010052247
522,8.7,-0.0028499418,0.00011227918,0,0.32123876,170.86345,0.00010052247
523,8.716666,-0.0028496305,0.00011232858,0,0.32123736,170.86336,0.00010052247
524,8.733334,-0.002849489,0.00011237149,0,0.3212361,170.86327,0.00010052247
525,8.75,-0.002849258,0.000112425114,0,0.32123473,170.86317,0.00010052247
526,8.766666,-0.0028490066,0.00011244914,0,0.3212334,170.86307,0.00010052247
527,8.783334,-0.002848798,0.00011248281,0,0.32123208,170.86298,0.00010052247
528,8.8,-0.0028485612,0.00011439123,0,0.3212307,170.86288,0.00010052247
529,8.816667,-0.0028482706,0.00011443099,0,0.3212294,170.8628,0.00010052247
530,8.833333,-0.0028480843,0.000114465125,0,0.32122806,170.8627,0.00010052247
531,8.85,-0.0028477807,0.000114509545,0,0.32122675,170.86261,0.00010052247
532,8.866667,-0.002847438,0.00011454654,0,0.32122537,170.86252,0.00010052247
533,8.883333,-0.0028471714,0.00011459178,0,0.32122406,170.86243,0.00010052247
534,8.9,-0.0028468957,0.000114642964,0,0.32122275,170.86234,0.00010052247
535,8.916667,-0.002846577,0.00011466574,0,0.32122138,170.86223,0.00010052247
536,8.933333,-0.0028463982,0.00011486703,0,0.32122004,170.86214,0.00010052247
537,8.95,-0.0028463162,0.00011477439,0,0.32121867,170.86205,0.00010052247
538,8.966666,-0.002846035,0.00011479143,0,0.3212174,170.86195,0.00010052247
539,8.983334,-0.002845804,0.000114860966,0,0.321216,170.86186,0.00010052247
540,9,-0.00284564,0.00011486933,0,0.32121468,170.86177,0.00010052247
541,9.016666,-0.0028452543,0.00011489832,0,0.32121336,170.86168,0.00010052247
542,9.033334,-0.002844928,0.00011500711,0,0.321212,170.86157,0.00010052247
543,9.05,-0.0028446077,0.00011500878,0,0.32121065,170.86148,0.00010052247
544,9.066667,-0.0028443413,0.000115013616,0,0.3212093,170.86139,0.00010052247
545,9.083333,-0.0028440284,0.00011507224,0,0.32120797,170.8613,0.00010052247
546,9.1,-0.002843939,0.00011511115,0,0.32120657,170.8612,0.00010052247
547,9.116667,-0.0028436873,0.00011514991,0,0.3212053,170.86111,0.00010052247
548,9.133333,-0.0028433816,0.000115472365,0,0.32120392,170.86101,0.00010052247
549,9.15,-0.0028431076,0.00011570903,0,0.32120258,170.86092,0.00010052247
550,9.166667,-0.0028428691,0.000113569884,0,0.32120126,170.86082,0.00010052247
551,9.183333,-0.002842558,0.00011227594,0,0.3211999,170.86073,0.00010052247
552,9.2,-0.0028423048,0.000111838024,0,0.32119855,170.86064,0.00010052247
553,9.216666,-0.002842059,0.00011187782,0,0.3211972,170.86055,0.00010052247
554,9.233334,-0.0028417998,0.00011196396,0,0.3211959,170.86044,0.00010052247
555,9.25,-0.0028415762,0.0001119495,0,0.32119453,170.86035,0.00010052247
556,9.266666,-0.00284125,0.00011161112,0,0.3211932,170.86026,0.00010052247
557,9.283334,-0.0028410861,0.00011201966,0,0.32119182,170.86017,0.00010052247
558,9.3,-0.00284087,0.00011189248,0,0.3211905,170.86008,0.00010052247
559,9.316667,-0.0028407006,0.0001118172,0,0.3211891,170.85999,0.00010052247
560,9.333333,-0.0028404547,0.00011183795,0,0.32118782,170.8599,0.00010052247
561,9.35,-0.0028400987,0.00011069287,0,0.32118648,170.8598,0.00010052247
562,9.366667,-0.0028397634,0.000111774374,0,0.32118514,170.85971,0.00010052247
563,9.383333,-0.0028394298,0.00011173246,0,0.3211838,170.85962,0.00010052247
564,9.4,-0.0028391764,0.000104688144,0,0.32118243,170.85953,0.00010052247
565,9.416667,-0.0028389995,0.00010626164,0,0.32118112,170.85944,0.00010052247
566,9.433333,-0.0028386866,0.000109413726,0,0.32117975,170.85934,0.00010052247
567,9.45,-0.0028385003,0.000107503845,0,0.3211784,170.85925,0.00010052247
568,9.466666,-0.0028381965,0.00010390156,0,0.32117704,170.85916,0.00010052247
569,9.483334,-0.0028378314,0.000104864484,0,0.32117575,170.85907,0.00010052247
570,9.5,-0.0028375871,0.00010475085,0,0.3211744,170.85898,0.00010052247
571,9.516666,-0.0028372519,0.00010224422,0,0.32117307,170.85889,0.00010052247
572,9.533334,-0.0028369632,0.00010495536,0,0.3211718,170.8588,0.00010052247
573,9.55,-0.002836613,0.000103077975,0,0.32117045,170.8587,0.00010052247
574,9.566667,-0.0028362197,0.000108810505,0,0.32116908,170.85861,0.00010052247
575,9.583333,-0.0028360484,0.000104560626,0,0.32116777,170.85852,0.00010052247
576,9.6,-0.0028358935,0.00010422353,0,0.32116646,170.85843,0.00010052247
577,9.616667,-0.0028355806,0.000102942664,0,0.3211651,170.85834,0.00010052247
578,9.633333,-0.002835344,0.00010726678,0,0.32116377,170.85825,0.00010052247
579,9.65,-0.0028350758,0.00010564541,0,0.3211624,170.85815,0.00010052247
580,9.666667,-0.0028347927,0.00010470836,0,0.32116112,170.85806,0.00010052247
581,9.683333,-0.0028344218,0.00010517387,0,0.32115978,170.85797,0.00010052247
582,9.7,-0.0028342505,0.000109208915,0,0.32115844,170.8579,0.00010052247
583,9.716666,-0.0028339766,0.000105082836,0,0.3211571,170.8578,0.00010052247
584,9.733334,-0.0028337755,0.0001064793,0,0.3211558,170.85771,0.00010052247
585,9.75,-0.0028335685,0.00010564741,0,0.32115445,170.85762,0.00010052247
586,9.766666,-0.0028332854,0.00010615104,0,0.32115313,170.85753,0.00010052247
587,9.783334,-0.0028328921,0.00011082309,0,0.3211518,170.85744,0.00010052247
588,9.8,-0.002832691,0.000104015635,0,0.32115048,170.85735,0.00010052247
589,9.816667,-0.0028325121,0.000103705264,0,0.3211491,170.85725,0.00010052247
590,9.833333,-0.0028322681,0.000107272666,0,0.32114777,170.85716,0.00010052247
591,9.85,-0.0028320223,0.00010997306,0,0.32114646,170.85707,0.00010052247
592,9.866667,-0.002831851,0.000105562256,0,0.3211451,170.85698,0.00010052247
593,9.883333,-0.0028317035,0.00010623115,0,0.32114378,170.85689,0.00010052247
594,9.9,-0.002831376,0.00010604757,0,0.3211424,170.8568,0.00010052247
595,9.916667,-0.0028311168,0.00011126627,0,0.32114112,170.8567,0.00010052247
596,9.933333,-0.0028308113,0.0001073888,0,0.32113978,170.85661,0.00010052247
597,9.95,-0.0028305952,0.000105131854,0,0.3211384,170.85652,0.00010052247
598,9.966666,-0.0028302171,0.00010593411,0,0.3211371,170.85643,0.00010052247
599,9.983334,-0.0028299505,0.00010635629,0,0.32113576,170.85634,0.00010052247
600,10,-0.0028297047,0.00010589368,0,0.32113445,170.85626,0.00010052247
601,10.016666,-0.0028295184,0.00010707012,0,0.32113308,170.85616,0.00010052247
602,10.033334,-0.0028293412,0.0001091188,0,0.32113174,170.85606,0.00010052247
603,10.05,-0.0028290208,0.00010522468,0,0.32113037,170.85599,0.00010052247
604,10.066667,-0.002828747,0.00010488911,0,0.32112905,170.8559,0.00010052247
605,10.083333,-0.0028284937,0.00010612204,0,0.32112774,170.8558,0.00010052247
606,10.1,-0.0028282478,0.00010658546,0,0.32112643,170.85571,0.00010052247
607,10.116667,-0.002827959,0.00011081596,0,0.3211251,170.85562,0.00010052247
608,10.133333,-0.0028276385,0.00010695937,0,0.32112378,170.85553,0.00010052247
609,10.15,-0.0028270737,0.00010412113,0,0.32112253,170.85544,0.00010052247
610,10.166667,-0.0028263754,9.535503e-05,0,0.32112166,170.85536,0.00010052247
611,10.183333,-0.0028249722,0.0001177564,0,0.32112128,170.8553,0.00010052247
612,10.2,-0.0028240872,0.00011334119,0,0.32112098,170.85522,0.00010052247
613,10.216666,-0.002823204,9.406792e-05,0,0.32112068,170.85516,0.00010052247
614,10.233334,-0.0028224606,9.3675786e-05,0,0.32112038,170.85509,0.00010052247
615,10.25,-0.0028216727,8.83457e-05,0,0.32112005,170.85501,0.00010052247
616,10.266666,-0.0028207968,9.3727e-05,0,0.32111967,170.85495,0.00010052247
617,10.283334,-0.0028199493,9.5377436e-05,0,0.32111928,170.85487,0.00010052247
618,10.3,-0.0028190585,9.2878676e-05,0,0.3211188,170.8548,0.00010052247
619,10.316667,-0.0028181216,9.602001e-05,0,0.32111827,170.8547,0.00010052247
620,10.333333,-0.0028172755,9.549049e-05,0,0.32111767,170.85463,0.00010052247
621,10.35,-0.002816428,9.2274786e-05,0,0.32111707,170.85454,0.00010052247
622,10.366667,-0.0028155951,9.357698e-05,0,0.32111645,170.85446,0.00010052247
623,10.383333,-0.002814727,9.76746e-05,0,0.32111582,170.85439,0.00010052247
624,10.4,-0.0028138196,9.7110074e-05,0,0.3211152,170.8543,0.00010052247
625,10.416667,-0.002812914,9.704362e-05,0,0.3211145,170.85422,0.00010052247
626,10.433333,-0.0028120887,9.631645e-05,0,0.32111385,170.85413,0.00010052247
627,10.45,-0.0028111457,9.9148376e-05,0,0.32111314,170.85405,0.00010052247
628,10.466666,-0.0028103427,9.914652e-05,0,0.32111242,170.85396,0.00010052247
629,10.483334,-0.0028095548,0.00010037982,0,0.32111153,170.85387,0.00010052247
630,10.5,-0.002808597,9.25567e-05,0,0.32111073,170.85378,0.00010052247
631,10.516666,-0.002807876,0.00010095318,0,0.32110974,170.85368,0.00010052247
632,10.533334,-0.0028070523,9.776905e-05,0,0.3211088,170.85359,0.00010052247
633,10.55,-0.0028061229,9.695295e-05,0,0.32110772,170.85349,0.00010052247
634,10.566667,-0.002805372,0.00010045567,0,0.32110658,170.8534,0.00010052247
635,10.583333,-0.0028045485,0.00010247373,0,0.32110542,170.85329,0.00010052247
636,10.6,-0.002803738,0.00010063653,0,0.32110423,170.8532,0.00010052247
637,10.616667,-0.002802907,0.000102186765,0,0.32110304,170.85309,0.00010052247
638,10.633333,-0.0028020744,0.00010239695,0,0.32110184,170.85298,0.00010052247
639,10.65,-0.002801167,0.000104008745,0,0.32110065,170.85289,0.00010052247
640,10.666667,-0.0028007815,0.00011549919,0,0.32109815,170.85274,0.00010052247
641,10.683333,-0.0028009529,7.518044e-05,0,0.3210958,170.8526,0.00010052247
642,10.7,-0.002801182,8.9031164e-05,0,0.32109368,170.85248,0.00010052247
643,10.716666,-0.0028012788,0.00011688339,0,0.32109162,170.85236,0.00010052247
644,10.733334,-0.002801562,9.4052346e-05,0,0.3210894,170.85222,0.00010052247
645,10.75,-0.0028016663,0.00010025678,0,0.32108724,170.8521,0.00010052247
646,10.766666,-0.002802052,8.989785e-05,0,0.32108504,170.85196,0.00010052247
647,10.783334,-0.002802238,0.00010132218,0,0.32108295,170.85184,0.00010052247
648,10.8,-0.0028023631,6.0508635e-05,0,0.32108077,170.85172,0.00010052247
649,10.816667,-0.002802475,8.4482985e-05,0,0.3210787,170.8516,0.00010052247
650,10.833333,-0.0028028772,0.000111443595,0,0.32107648,170.85146,0.00010052247
651,10.85,-0.0028029573,0.00012759118,0,0.3210743,170.85132,0.00010052247
652,10.866667,-0.0028025643,0.00013485276,0,0.3210723,170.8512,0.00010052247
653,10.883333,-0.0028021561,0.0001330337,0,0.32107022,170.85106,0.00010052247
654,10.9,-0.002801754,0.00010365727,0,0.32106817,170.85094,0.00010052247
655,10.916667,-0.0028011522,0.00017293206,0,0.32106617,170.8508,0.00010052247
656,10.933333,-0.0028008337,0.00013651124,0,0.32106405,170.85066,0.00010052247
657,10.95,-0.0028003734,0.00011576918,0,0.32106197,170.85052,0.00010052247
658,10.966666,-0.002800053,0.00013385387,0,0.3210599,170.8504,0.00010052247
659,10.983334,-0.002799682,0.00014098812,0,0.32105783,170.85027,0.00010052247
660,11,-0.002799155,0.00013516675,0,0.3210557,170.85013,0.00010052247
661,11.016666,-0.0027988048,0.00014505045,0,0.3210537,170.85,0.00010052247
662,11.033334,-0.0027983147,0.00014100902,0,0.32105166,170.84987,0.00010052247
663,11.05,-0.0027978693,0.000113944836,0,0.32104948,170.84973,0.00010052247
664,11.066667,-0.002797549,0.00014731623,0,0.3210474,170.84961,0.00010052247
665,11.083333,-0.0027969547,0.00013153613,0,0.32104537,170.84947,0.00010052247
666,11.1,-0.002796621,0.00016076463,0,0.32104328,170.84933,0.00010052247
667,11.116667,-0.0027960269,0.00011673531,0,0.32104123,170.84921,0.00010052247
668,11.133333,-0.0027956113,0.00013403625,0,0.3210391,170.84908,0.00010052247
669,11.15,-0.0027952685,0.0001333641,0,0.32103708,170.84894,0.00010052247
670,11.166667,-0.0027948008,0.00016246803,0,0.32103497,170.84882,0.00010052247
671,11.183333,-0.0027943032,0.00012887099,0,0.3210329,170.84868,0.00010052247
672,11.2,-0.0027937759,0.00015031219,0,0.3210308,170.84854,0.00010052247
673,11.216666,-0.0027933812,0.00013860001,0,0.32102874,170.84842,0.00010052247
674,11.233334,-0.0027930324,0.00014197815,0,0.32102668,170.84828,0.00010052247
675,11.25,-0.0027924755,0.00011091138,0,0.3210246,170.84814,0.00010052247
676,11.266666,-0.0027917768,0.00014107641,0,0.32102254,170.84802,0.00010052247
677,11.283334,-0.0027913388,0.0001213259,0,0.3210205,170.84789,0.00010052247
678,11.3,-0.002790907,0.00014343369,0,0.3210184,170.84775,0.00010052247
679,11.316667,-0.0027906403,0.00016825658,0,0.32101634,170.84763,0.00010052247
680,11.333333,-0.002790277,0.00013672432,0,0.3210142,170.84749,0.00010052247
681,11.35,-0.002789696,0.00014833633,0,0.32101214,170.84735,0.00010052247
682,11.366667,-0.0027892876,0.00014449634,0,0.32101002,170.84723,0.00010052247
683,11.383333,-0.0027888499,0.00011190064,0,0.32100794,170.84709,0.00010052247
684,11.4,-0.0027882033,0.00015709162,0,0.3210059,170.84697,0.00010052247
685,11.416667,-0.0027876312,0.0001479191,0,0.3210038,170.84685,0.00010052247
686,11.433333,-0.0027869998,0.0001366251,0,0.3210017,170.84673,0.00010052247
687,11.45,-0.002786316,0.00012729902,0,0.3209997,170.8466,0.00010052247
688,11.466666,-0.0027858482,0.0001352828,0,0.3209976,170.84648,0.00010052247
689,11.483334,-0.0027852915,0.00016973978,0,0.32099557,170.84637,0.00010052247
690,11.5,-0.0027847344,0.00013605367,0,0.32099333,170.84624,0.00010052247
691,11.516666,-0.0027842517,0.00010803576,0,0.3209912,170.84612,0.00010052247
692,11.533334,-0.002783635,0.00015563508,0,0.32098916,170.84601,0.00010052247
693,11.55,-0.0027829362,0.00012817606,0,0.32098705,170.84589,0.00010052247
694,11.566667,-0.0027824016,0.00012464612,0,0.32098493,170.84576,0.00010052247
695,11.583333,-0.0027817998,0.00015381063,0,0.3209828,170.84564,0.00010052247
696,11.6,-0.0027811383,0.0001305596,0,0.32098073,170.84552,0.00010052247
697,11.616667,-0.002780684,0.00013733837,0,0.32097852,170.8454,0.00010052247
698,11.633333,-0.0027799944,0.00014430196,0,0.32097644,170.84528,0.00010052247
699,11.65,-0.0027794954,0.00013986671,0,0.32097426,170.84515,0.00010052247
700,11.666667,-0.0027788058,0.00013931718,0,0.32097217,170.84505,0.00010052247
701,11.683333,-0.0027782621,0.00013745927,0,0.32096997,170.84492,0.00010052247
702,11.7,-0.0027774456,0.00011352995,0,0.32096788,170.8448,0.00010052247
703,11.716666,-0.0027769036,0.00015852116,0,0.32096574,170.84468,0.00010052247
704,11.733334,-0.0027763539,0.00012946872,0,0.32096356,170.84456,0.00010052247
705,11.75,-0.0027758698,0.00011795786,0,0.32096133,170.84444,0.00010052247
706,11.766666,-0.0027751802,8.85804e-05,0,0.32095918,170.84431,0.00010052247
707,11.783334,-0.002774608,0.00011479244,0,0.32095698,170.8442,0.00010052247
708,11.8,-0.0027739168,9.257027e-05,0,0.32095486,170.84407,0.00010052247
709,11.816667,-0.002773427,0.00017159904,0,0.3209527,170.84395,0.00010052247
710,11.833333,-0.0027727357,0.00012704913,0,0.3209505,170.84383,0.00010052247
711,11.85,-0.0027722516,0.00012440066,0,0.32094833,170.8437,0.00010052247
712,11.866667,-0.0027715175,0.00012885341,0,0.32094616,170.84358,0.00010052247
713,11.883333,-0.0027710558,0.0001463149,0,0.320944,170.84346,0.00010052247
714,11.9,-0.0027703661,0.00013269385,0,0.3209419,170.84332,0.00010052247
715,11.916667,-0.0027696823,0.00012875556,0,0.32093972,170.8432,0.00010052247
716,11.933333,-0.0027691848,0.0001247847,0,0.32093757,170.84308,0.00010052247
717,11.95,-0.0027685384,0.0001285672,0,0.32093552,170.84296,0.00010052247
718,11.966666,-0.0027678024,0.00016626452,0,0.32093346,170.84283,0.00010052247
719,11.983334,-0.0027672453,0.00010186333,0,0.3209312,170.84271,0.00010052247
720,12,-0.0027666586,0.00015270385,0,0.32092914,170.84259,0.00010052247
721,12.016666,-0.0010508683,0.15007481,0.15,0.321318,170.86351,0.00010052247
722,12.033334,0.0014519116,0.15020229,0.15,0.32188615,170.87627,0.00010052247
723,12.05,0.0039551994,0.1501982,0.15,0.32245317,170.88895,0.00010052247
724,12.066667,0.0064581768,0.15019296,0.15,0.32301944,170.90158,0.00010052247
725,12.083333,0.008961343,0.15022695,0.15,0.323585,170.91422,0.00010052247
726,12.1,0.011464506,0.15021712,0.15,0.3241501,170.92677,0.00010052247
727,12.116667,0.013967454,0.15017715,0.15,0.32471508,170.93925,0.00010052247
728,12.133333,0.016470183,0.15017259,0.15,0.32528043,170.95164,0.00010052247
729,12.15,0.018973267,0.15018639,0.15,0.3258465,170.96399,0.00010052247
730,12.166667,0.021475773,0.15020894,0.15,0.3264135,170.97604,0.00010052247
731,12.183333,0.023978047,0.15020026,0.15,0.32698196,170.98808,0.00010052247
732,12.2,0.026480407,0.15019074,0.15,0.32755175,171.0001,0.00010052247
733,12.216666,0.028983226,0.15019317,0.15,0.32812303,171.0121,0.00010052247
734,12.233334,0.03148574,0.15018097,0.15,0.32869563,171.02406,0.00010052247
735,12.25,0.033988964,0.15019538,0.15,0.32926962,171.03593,0.00010052247
736,12.266666,0.036492012,0.15019664,0.15,0.32984474,171.04776,0.00010052247
737,12.283334,0.038994808,0.15019296,0.15,0.330421,171.05952,0.00010052247
738,12.3,0.041497916,0.15019289,0.15,0.33099836,171.07118,0.00010052247
739,12.316667,0.044001356,0.15019356,0.15,0.3315765,171.08275,0.00010052247
740,12.333333,0.04650446,0.15019351,0.15,0.33215508,171.0942,0.00010052247
741,12.35,0.049007647,0.15019187,0.15,0.33273402,171.10556,0.00010052247
742,12.366667,0.051510964,0.15018956,0.15,0.33331284,171.1168,0.00010052247
743,12.383333,0.054013707,0.1501868,0.15,0.33389136,171.12796,0.00010052247
744,12.4,0.05651666,0.15018499,0.15,0.33446914,171.13898,0.00010052247
745,12.416667,0.059019875,0.1501824,0.15,0.3350463,171.14993,0.00010052247
746,12.433333,0.061522692,0.15022074,0.15,0.3356223,171.16075,0.00010052247
747,12.45,0.06402599,0.15020792,0.15,0.33619723,171.17148,0.00010052247
748,12.466666,0.06652913,0.15017813,0.15,0.3367709,171.18207,0.00010052247
749,12.483334,0.069031924,0.15017477,0.15,0.33734342,171.1926,0.00010052247
750,12.5,0.07153453,0.15017284,0.15,0.3379148,171.203,0.00010052247
751,12.516666,0.07403719,0.15015616,0.15,0.33848527,171.21332,0.00010052247
752,12.533334,0.07654063,0.15018171,0.15,0.33905533,171.22356,0.00010052247
753,12.55,0.07904358,0.15019205,0.15,0.33962488,171.23373,0.00010052247
754,12.566667,0.08154618,0.15016736,0.15,0.3401939,171.24376,0.00010052247
755,12.583333,0.084048994,0.15016416,0.15,0.34076324,171.25375,0.00010052247
756,12.6,0.08655156,0.15016076,0.15,0.3413329,171.26366,0.00010052247
757,12.616667,0.089053966,0.1501533,0.15,0.34190312,171.2735,0.00010052247
758,12.633333,0.09155652,0.15015122,0.15,0.34247434,171.28326,0.00010052247
759,12.65,0.09405848,0.15014389,0.15,0.3430463,171.29298,0.00010052247
760,12.666667,0.09656011,0.15016346,0.15,0.34361947,171.30264,0.00010052247
761,12.683333,0.09906181,0.15014854,0.15,0.34419385,171.31226,0.00010052247
762,12.7,0.1015632,0.1498523,0.15,0.34477207,171.3219,0.00010052247
763,12.716666,0.10406473,0.14985481,0.15,0.345358,171.33156,0.00010052247
764,12.733334,0.10656549,0.14984381,0.15,0.34594226,171.3412,0.00010052247
765,12.75,0.10906948,0.15015662,0.15,0.34652865,171.35107,0.00010052247
766,12.766666,0.111574374,0.15020771,0.15,0.34711394,171.36098,0.00010052247
767,12.783334,0.11407883,0.15014863,0.15,0.34769666,171.3708,0.00010052247
768,12.8,0.1165826,0.1501436,0.15,0.34827703,171.38063,0.00010052247
769,12.816667,0.11908654,0.15013957,0.15,0.34885553,171.39043,0.00010052247
770,12.833333,0.12158936,0.15012594,0.15,0.34943268,171.40012,0.00010052247
771,12.85,0.124092594,0.15010907,0.15,0.35001013,171.40933,0.00010052247
772,12.866667,0.12659577,0.15014517,0.15,0.3505892,171.41853,0.00010052247
773,12.883333,0.12909913,0.15012679,0.15,0.35116953,171.4277,0.00010052247
774,12.9,0.13160257,0.15011133,0.15,0.35175124,171.43681,0.00010052247
775,12.916667,0.13410635,0.15010436,0.15,0.35233414,171.44589,0.00010052247
776,12.933333,0.13661033,0.15010403,0.15,0.35291818,171.4549,0.00010052247
777,12.95,0.1391145,0.15011226,0.15,0.35350347,171.46388,0.00010052247
778,12.966666,0.14161827,0.1501116,0.15,0.35409,171.47284,0.00010052247
779,12.983334,0.14412226,0.15011817,0.15,0.35467792,171.48175,0.00010052247
780,13,0.14662622,0.1501459,0.15,0.35526693,171.4906,0.00010052247
781,13.016666,0.14912967,0.15013726,0.15,0.35585722,171.4994,0.00010052247
782,13.033334,0.15163329,0.15013367,0.15,0.35644862,171.50815,0.00010052247
783,13.05,0.15413675,0.1501374,0.15,0.357041,171.51683,0.00010052247
784,13.066667,0.15664111,0.15016332,0.15,0.35763422,171.52545,0.00010052247
785,13.083333,0.15914516,0.15012972,0.15,0.35822827,171.53398,0.00010052247
786,13.1,0.16164893,0.15015483,0.15,0.3588231,171.54243,0.00010052247
787,13.116667,0.16415276,0.15014695,0.15,0.35941872,171.5508,0.00010052247
788,13.133333,0.16665654,0.15014878,0.15,0.3600147,171.55904,0.00010052247
789,13.15,0.16916041,0.15013164,0.15,0.36061057,171.56723,0.00010052247
790,13.166667,0.17166474,0.15015994,0.15,0.36120585,171.57527,0.00010052247
791,13.183333,0.17416942,0.15015513,0.15,0.36180067,171.58324,0.00010052247
792,13.2,0.17667384,0.15014632,0.15,0.36239427,171.59108,0.00010052247
793,13.216666,0.17917798,0.150152,0.15,0.36298656,171.59883,0.00010052247
794,13.233334,0.18168248,0.15015124,0.15,0.36357725,171.60648,0.00010052247
795,13.25,0.18418619,0.15015453,0.15,0.36416623,171.61404,0.00010052247
796,13.266666,0.18668999,0.150132,0.15,0.3647533,171.62149,0.00010052247
797,13.283334,0.18919383,0.15012951,0.15,0.36533856,171.62886,0.00010052247
798,13.3,0.19169724,0.15015711,0.15,0.36592212,171.63617,0.00010052247
799,13.316667,0.19420113,0.15015115,0.15,0.36650404,171.64337,0.00010052247
800,13.333333,0.19670501,0.15015133,0.15,0.36708462,171.65048,0.00010052247
801,13.35,0.19920865,0.15011363,0.15,0.36766407,171.65756,0.00010052247
802,13.366667,0.2017116,0.15011497,0.15,0.3682427,171.66454,0.00010052247
803,13.383333,0.20421502,0.15011421,0.15,0.36882088,171.67145,0.00010052247
804,13.4,0.20671606,0.15011258,0.15,0.3693995,171.67834,0.00010052247
805,13.416667,0.20921701,0.15011524,0.15,0.36997852,171.68518,0.00010052247
806,13.433333,0.21171807,0.15010959,0.15,0.37055779,171.69194,0.00010052247
807,13.45,0.2142189,0.15011165,0.15,0.37113777,171.69865,0.00010052247
808,13.466666,0.21672016,0.15011258,0.15,0.37171856,171.70529,0.00010052247
809,13.483334,0.21922156,0.1501055,0.15,0.3723003,171.71185,0.00010052247
810,13.5,0.22172303,0.15011169,0.15,0.37288305,171.71835,0.00010052247
811,13.516666,0.22422425,0.15011317,0.15,0.37346688,171.72481,0.00010052247
812,13.533334,0.22672527,0.15011233,0.15,0.37405172,171.73117,0.00010052247
813,13.55,0.2292264,0.15012217,0.15,0.37463734,171.73749,0.00010052247
814,13.566667,0.23172703,0.15010941,0.15,0.37522367,171.74371,0.00010052247
815,13.583333,0.23422821,0.150123,0.15,0.37581077,171.74992,0.00010052247
816,13.6,0.23672949,0.15012175,0.15,0.3763982,171.75603,0.00010052247
817,13.616667,0.23923081,0.15010644,0.15,0.37698588,171.76207,0.00010052247
818,13.633333,0.24173176,0.15009838,0.15,0.3775735,171.76804,0.00010052247
819,13.65,0.24423322,0.15010816,0.15,0.3781611,171.77397,0.00010052247
820,13.666667,0.24673419,0.15011115,0.15,0.3787484,171.77982,0.00010052247
821,13.683333,0.24923475,0.15010755,0.15,0.37933528,171.7856,0.00010052247
822,13.7,0.25173545,0.15011905,0.15,0.3799219,171.79132,0.00010052247
823,13.716666,0.25423622,0.15010616,0.15,0.3805083,171.79697,0.00010052247
824,13.733334,0.25673723,0.15010591,0.15,0.38109463,171.80255,0.00010052247
825,13.75,0.25923842,0.15011302,0.15,0.38168094,171.80807,0.00010052247
826,13.766666,0.26173973,0.15010461,0.15,0.38226733,171.81352,0.00010052247
827,13.783334,0.2642407,0.15010269,0.15,0.3828539,171.8189,0.00010052247
828,13.8,0.26674172,0.15011472,0.15,0.38344097,171.8242,0.00010052247
829,13.816667,0.26924267,0.15010287,0.15,0.38402867,171.82944,0.00010052247
830,13.833333,0.27174363,0.15010332,0.15,0.38461718,171.8346,0.00010052247
831,13.85,0.2742445,0.15010844,0.15,0.3852065,171.83969,0.00010052247
832,13.866667,0.27674568,0.15010658,0.15,0.3857968,171.8447,0.00010052247
833,13.883333,0.27924684,0.15010665,0.15,0.386388,171.84964,0.00010052247
834,13.9,0.2817477,0.15010637,0.15,0.38698,171.85449,0.00010052247
835,13.916667,0.28424856,0.15010576,0.15,0.3875728,171.85928,0.00010052247
836,13.933333,0.28674936,0.15010408,0.15,0.38816613,171.864,0.00010052247
837,13.95,0.28925017,0.15010527,0.15,0.38875973,171.86864,0.00010052247
838,13.966666,0.29175112,0.15010478,0.15,0.3893534,171.87318,0.00010052247
839,13.983334,0.29425228,0.1501046,0.15,0.3899469,171.87766,0.00010052247
840,14,0.29675326,0.15010422,0.15,0.3905397,171.88205,0.00010052247
841,14.016666,0.2972812,8.969082e-05,0,0.39067227,171.87012,0.00010052247
842,14.033334,0.29728118,8.890529e-05,0,0.39067397,171.87,0.00010052247
843,14.05,0.2972815,9.913391e-05,0,0.390673,171.86992,0.00010052247
844,14.066667,0.29728204,0.000100338846,0,0.39067057,171.86983,0.00010052247
845,14.083333,0.29728213,9.680464e-05,0,0.3906668,171.86972,0.00010052247
846,14.1,0.29728225,9.196808e-05,0,0.39066184,171.86958,0.00010052247
847,14.116667,0.29728216,9.106994e-05,0,0.39065585,171.86943,0.00010052247
848,14.133333,0.29728225,9.097358e-05,0,0.39064905,171.86926,0.00010052247
849,14.15,0.29728216,9.1339934e-05,0,0.39064184,171.8691,0.00010052247
850,14.166667,0.29728228,9.154083e-05,0,0.39063424,171.86891,0.00010052247
851,14.183333,0.29728225,9.177613e-05,0,0.39062667,171.86871,0.00010052247
852,14.2,0.2972824,9.197648e-05,0,0.3906193,171.8685,0.00010052247
853,14.216666,0.29728252,9.219932e-05,0,0.3906122,171.86829,0.00010052247
854,14.233334,0.2972827,9.256861e-05,0,0.39060584,171.86807,0.00010052247
855,14.25,0.2972827,9.251587e-05,0,0.3906001,171.86784,0.00010052247
856,14.266666,0.29728267,9.316506e-05,0,0.3905951,171.86761,0.00010052247
857,14.283334,0.2972827,8.9329704e-05,0,0.3905909,171.86739,0.00010052247
858,14.3,0.2972827,9.379082e-05,0,0.39058754,171.86717,0.00010052247
859,14.316667,0.29728276,9.235122e-05,0,0.39058492,171.86696,0.00010052247
860,14.333333,0.29728273,9.263098e-05,0,0.39058304,171.86676,0.00010052247
861,14.35,0.29728276,9.2512586e-05,0,0.3905817,171.86658,0.00010052247
862,14.366667,0.29728276,9.262211e-05,0,0.39058077,171.86641,0.00010052247
863,14.383333,0.29728284,9.268803e-05,0,0.39058024,171.86624,0.00010052247
864,14.4,0.29728296,9.21486e-05,0,0.39057985,171.8661,0.00010052247
865,14.416667,0.29728287,9.151928e-05,0,0.39057952,171.86597,0.00010052247
866,14.433333,0.29728293,8.900099e-05,0,0.3905792,171.86584,0.00010052247
867,14.45,0.29728296,8.5711225e-05,0,0.39057887,171.86574,0.00010052247
868,14.466666,0.29728305,8.771347e-05,0,0.39057845,171.86565,0.00010052247
869,14.483334,0.29728332,9.79062e-05,0,0.39057827,171.86555,0.00010052247
870,14.5,0.2972834,9.6755524e-05,0,0.3905779,171.86546,0.00010052247
871,14.516666,0.29728356,9.6568336e-05,0,0.3905776,171.86537,0.00010052247
872,14.533334,0.2972836,9.881314e-05,0,0.39057723,171.86528,0.00010052247
873,14.55,0.29728365,0.00010128657,0,0.39057693,171.86519,0.00010052247
874,14.566667,0.29728395,0.000101800324,0,0.3905767,171.86511,0.00010052247
875,14.583333,0.29728416,9.9882374e-05,0,0.3905764,171.86502,0.00010052247
876,14.6,0.29728428,9.716323e-05,0,0.3905761,171.86493,0.00010052247
877,14.616667,0.29728442,9.754179e-05,0,0.39057577,171.86484,0.00010052247
878,14.633333,0.2972846,9.534892e-05,0,0.3905754,171.86475,0.00010052247
879,14.65,0.2972847,9.4926785e-05,0,0.39057517,171.86465,0.00010052247
880,14.666667,0.29728487,9.462663e-05,0,0.39057487,171.86456,0.00010052247
881,14.683333,0.29728514,9.751386e-05,0,0.3905745,171.86447,0.00010052247
882,14.7,0.2972855,9.951146e-05,0,0.3905743,171.86438,0.00010052247
883,14.716666,0.29728577,0.000100146506,0,0.39057392,171.86429,0.00010052247
884,14.733334,0.29728585,0.00010023243,0,0.39057368,171.86421,0.00010052247
885,14.75,0.2972859,0.000100759404,0,0.39057347,171.86412,0.00010052247
886,14.766666,0.29728606,9.859925e-05,0,0.39057338,171.86403,0.00010052247
887,14.783334,0.29728606,9.921852e-05,0,0.3905733,171.86395,0.00010052247
888,14.8,0.29728636,9.988542e-05,0,0.39057314,171.86388,0.00010052247
889,14.816667,0.29728645,9.863096e-05,0,0.390573,171.8638,0.00010052247
890,14.833333,0.29728657,9.9169265e-05,0,0.39057288,171.86371,0.00010052247
891,14.85,0.29728672,0.0001016708,0,0.3905728,171.86362,0.00010052247
892,14.866667,0.297287,0.00010074479,0,0.39057267,171.86354,0.00010052247
893,14.883333,0.29728705,9.940474e-05,0,0.39057255,171.86345,0.00010052247
894,14.9,0.29728708,9.898901e-05,0,0.39057234,171.86337,0.00010052247
895,14.916667,0.2972872,9.8738856e-05,0,0.39057225,171.86328,0.00010052247
896,14.933333,0.29728726,9.9661505e-05,0,0.39057207,171.8632,0.00010052247
897,14.95,0.29728723,9.8333374e-05,0,0.39057192,171.86313,0.00010052247
898,14.966666,0.29728743,9.979006e-05,0,0.39057183,171.86304,0.00010052247
899,14.983334,0.29728755,9.817513e-05,0,0.39057174,171.86296,0.00010052247
900,15,0.29728767,9.922211e-05,0,0.3905716,171.86287,0.00010052247
901,15.016666,0.29728794,9.955185e-05,0,0.39057148,171.86278,0.00010052247
902,15.033334,0.29728815,9.8956225e-05,0,0.3905713,171.86269,0.00010052247
903,15.05,0.29728818,0.000100915626,0,0.3905712,171.86261,0.00010052247
904,15.066667,0.29728827,0.00010042621,0,0.39057115,171.86253,0.00010052247
905,15.083333,0.29728857,9.666109e-05,0,0.39057097,171.86246,0.00010052247
906,15.1,0.2972886,0.00010047862,0,0.39057088,171.86238,0.00010052247
907,15.116667,0.2972887,0.000102096936,0,0.3905707,171.86229,0.00010052247
908,15.133333,0.29728884,0.000103004,0,0.39057052,171.86221,0.00010052247
909,15.15,0.297289,0.00010175647,0,0.39057046,171.86214,0.00010052247
910,15.166667,0.29728922,0.000101125865,0,0.3905703,171.86206,0.00010052247
911,15.183333,0.29728928,0.00010146365,0,0.39057022,171.86198,0.00010052247
912,15.2,0.29728958,0.000100351004,0,0.3905701,171.86191,0.00010052247
913,15.216666,0.29728958,9.9446836e-05,0,0.39056998,171.86183,0.00010052247
914,15.233334,0.29728952,9.7164084e-05,0,0.39056984,171.86174,0.00010052247
915,15.25,0.2972895,9.388921e-05,0,0.3905697,171.86166,0.00010052247
916,15.266666,0.29728958,9.7309305e-05,0,0.39056954,171.86159,0.00010052247
917,15.283334,0.29728958,9.675894e-05,0,0.39056942,171.86151,0.00010052247
918,15.3,0.29728976,0.00010069534,0,0.39056936,171.86142,0.00010052247
919,15.316667,0.2972899,0.00010106518,0,0.39056918,171.86134,0.00010052247
920,15.333333,0.29729003,0.00010000419,0,0.3905691,171.86127,0.00010052247
921,15.35,0.29729018,9.92119e-05,0,0.39056903,171.86119,0.00010052247
922,15.366667,0.2972903,9.948952e-05,0,0.39056882,171.86111,0.00010052247
923,15.383333,0.29729053,9.717662e-05,0,0.3905688,171.86102,0.00010052247
924,15.4,0.29729065,9.869813e-05,0,0.39056867,171.86095,0.00010052247
925,15.416667,0.29729065,9.816154e-05,0,0.39056855,171.86087,0.00010052247
926,15.433333,0.29729077,9.992866e-05,0,0.3905684,171.86078,0.00010052247
927,15.45,0.29729104,9.9469195e-05,0,0.39056832,171.8607,0.00010052247
928,15.466666,0.29729104,9.978617e-05,0,0.3905681,171.86063,0.00010052247
929,15.483334,0.2972911,9.955084e-05,0,0.390568,171.86055,0.00010052247
930,15.5,0.2972913,0.0001012648,0,0.39056787,171.86046,0.00010052247
931,15.516666,0.29729137,0.00010052745,0,0.39056778,171.86038,0.00010052247
932,15.533334,0.29729143,0.00010053938,0,0.3905676,171.8603,0.00010052247
933,15.55,0.29729164,0.00010091298,0,0.39056748,171.86023,0.00010052247
934,15.566667,0.29729173,0.00010129478,0,0.3905674,171.86015,0.00010052247
935,15.583333,0.29729193,9.990067e-05,0,0.39056733,171.86008,0.00010052247
936,15.6,0.29729193,0.000101194724,0,0.39056718,171.86,0.00010052247
937,15.616667,0.29729202,0.000102232094,0,0.390567,171.85991,0.00010052247
938,15.633333,0.2972923,9.983188e-05,0,0.3905669,171.85983,0.00010052247
939,15.65,0.29729253,9.868654e-05,0,0.3905668,171.85976,0.00010052247
940,15.666667,0.29729223,-2.3459188e-05,0,0.3905666,171.85968,0.00010052247
941,15.683333,0.29729134,-2.194457e-05,0,0.39056623,171.85965,0.00010052247
942,15.7,0.29729053,-2.5407855e-05,0,0.390566,171.85962,0.00010052247
943,15.716666,0.2972897,-2.5750274e-05,0,0.3905657,171.85959,0.00010052247
944,15.733334,0.29728875,-2.5895939e-05,0,0.39056528,171.85956,0.00010052247
945,15.75,0.2972879,-2.3661041e-05,0,0.39056498,171.85953,0.00010052247
946,15.766666,0.2972873,-2.794691e-05,0,0.39056465,171.8595,0.00010052247
947,15.783334,0.2972864,-2.2996823e-05,0,0.39056438,171.85947,0.00010052247
948,15.8,0.29728583,-2.340773e-05,0,0.39056408,171.85944,0.00010052247
949,15.816667,0.2972852,-2.3663943e-05,0,0.3905638,171.85942,0.00010052247
950,15.833333,0.29728448,-2.3440338e-05,0,0.39056343,171.85939,0.00010052247
951,15.85,0.29728365,-2.2692857e-05,0,0.39056313,171.85936,0.00010052247
952,15.866667,0.29728296,-2.4508581e-05,0,0.39056286,171.85933,0.00010052247
953,15.883333,0.2972823,-2.3512677e-05,0,0.39056256,171.8593,0.00010052247
954,15.9,0.29728162,-2.291737e-05,0,0.39056233,171.85927,0.00010052247
955,15.916667,0.2972809,-2.2997294e-05,0,0.39056197,171.85924,0.00010052247
956,15.933333,0.2972804,-2.2664235e-05,0,0.39056167,171.85922,0.00010052247
957,15.95,0.2972796,-2.3346869e-05,0,0.39056137,171.85919,0.00010052247
958,15.966666,0.29727888,-2.2793343e-05,0,0.39056107,171.85916,0.00010052247
959,15.983334,0.29727817,-2.2932822e-05,0,0.39056084,171.85913,0.00010052247
960,16,0.2972776,-2.2463566e-05,0,0.39056054,171.85912,0.00010052247
961,16.016666,0.29530963,-0.15005995,-0.15,0.39010674,171.86821,0.00010052247
962,16.033333,0.29280707,-0.15004927,-0.15,0.38952288,171.86392,0.00010052247
963,16.05,0.2903038,-0.1500443,-0.15,0.38893756,171.85954,0.00010052247
964,16.066668,0.28780085,-0.15003951,-0.15,0.38835227,171.85512,0.00010052247
965,16.083334,0.28529826,-0.15003863,-0.15,0.38776702,171.85059,0.00010052247
966,16.1,0.2827959,-0.15003192,-0.15,0.38718197,171.84602,0.00010052247
967,16.116667,0.28029382,-0.15004139,-0.15,0.3865971,171.84132,0.00010052247
968,16.133333,0.27779138,-0.15004013,-0.15,0.3860123,171.83649,0.00010052247
969,16.15,0.2752886,-0.15003765,-0.15,0.38542756,171.83159,0.00010052247
970,16.166666,0.27278578,-0.15003759,-0.15,0.38484302,171.82663,0.00010052247
971,16.183332,0.27028352,-0.15003526,-0.15,0.38425854,171.8216,0.00010052247
972,16.2,0.26778153,-0.15002494,-0.15,0.3836743,171.8165,0.00010052247
973,16.216667,0.26527923,-0.15002592,-0.15,0.38309005,171.81136,0.00010052247
974,16.233334,0.2627767,-0.15002078,-0.15,0.38250569,171.80615,0.00010052247
975,16.25,0.2602744,-0.15002823,-0.15,0.3819212,171.80084,0.00010052247
976,16.266666,0.25777206,-0.15001974,-0.15,0.38133666,171.79549,0.00010052247
977,16.283333,0.2552697,-0.15003295,-0.15,0.38075173,171.79005,0.00010052247
978,16.3,0.25276744,-0.1500213,-0.15,0.38016647,171.78455,0.00010052247
979,16.316668,0.25026542,-0.15002736,-0.15,0.37958094,171.77895,0.00010052247
980,16.333334,0.24776347,-0.15003558,-0.15,0.37899473,171.77327,0.00010052247
981,16.35,0.24526161,-0.15003635,-0.15,0.37840813,171.7675,0.00010052247
982,16.366667,0.24275964,-0.15003838,-0.15,0.37782085,171.76161,0.00010052247
983,16.383333,0.240257,-0.15003808,-0.15,0.37723285,171.75565,0.00010052247
984,16.4,0.23775432,-0.1500383,-0.15,0.3766442,171.74956,0.00010052247
985,16.416666,0.23525156,-0.15003529,-0.15,0.37605506,171.7434,0.00010052247
986,16.433332,0.23274939,-0.15003498,-0.15,0.3754655,171.7371,0.00010052247
987,16.45,0.23024742,-0.15004188,-0.15,0.37487546,171.73076,0.00010052247
988,16.466667,0.2277455,-0.15004493,-0.15,0.37428504,171.72429,0.00010052247
989,16.483334,0.2252434,-0.15003635,-0.15,0.3736942,171.71773,0.00010052247
990,16.5,0.2227414,-0.15004621,-0.15,0.37310326,171.71106,0.00010052247
991,16.516666,0.22023949,-0.15003529,-0.15,0.37251207,171.70432,0.00010052247
992,16.533333,0.21773717,-0.1500359,-0.15,0.3719208,171.69748,0.00010052247
993,16.55,0.21523441,-0.15003765,-0.15,0.37132946,171.69057,0.00010052247
994,16.566668,0.21273199,-0.15003999,-0.15,0.37073827,171.68356,0.00010052247
995,16.583334,0.2102297,-0.15005101,-0.15,0.37014732,171.6765,0.00010052247
996,16.6,0.20772788,-0.1500311,-0.15,0.36955664,171.66934,0.00010052247
997,16.616667,0.20522574,-0.15003905,-0.15,0.36896616,171.66211,0.00010052247
998,16.633333,0.20272373,-0.15004966,-0.15,0.36837587,171.65482,0.00010052247
999,16.65,0.20022142,-0.1500246,-0.15,0.36778578,171.64746,0.00010052247
1000,16.666666,0.19771941,-0.15002885,-0.15,0.36719602,171.64005,0.00010052247
1001,16.683332,0.1952172,-0.15003835,-0.15,0.36660644,171.63258,0.00010052247
1002,16.7,0.19271511,-0.15002066,-0.15,0.36601704,171.62503,0.00010052247
1003,16.716667,0.19021314,-0.15004617,-0.15,0.3654278,171.61746,0.00010052247
1004,16.733334,0.18771118,-0.15005396,-0.15,0.36483872,171.60982,0.00010052247
1005,16.75,0.18520924,-0.15002348,-0.15,0.3642497,171.60211,0.00010052247
1006,16.766666,0.18270762,-0.15002835,-0.15,0.36366075,171.59436,0.00010052247
1007,16.783333,0.18020555,-0.15003897,-0.15,0.36307177,171.58658,0.00010052247
1008,16.8,0.1777036,-0.15005411,-0.15,0.3624828,171.57872,0.00010052247
1009,16.816668,0.1752018,-0.15003058,-0.15,0.3618938,171.5708,0.00010052247
1010,16.833334,0.17269948,-0.15003553,-0.15,0.36130476,171.56285,0.00010052247
1011,16.85,0.17019552,-0.15037745,-0.15,0.36071497,171.55489,0.00010052247
1012,16.866667,0.16768953,-0.15037835,-0.15,0.36012498,171.547,0.00010052247
1013,16.883333,0.1651808,-0.15035984,-0.15,0.35953483,171.53917,0.00010052247
1014,16.9,0.16267,-0.15024836,-0.15,0.35894522,171.53136,0.00010052247
1015,16.916666,0.16016681,-0.15003964,-0.15,0.35836032,171.5233,0.00010052247
1016,16.933332,0.15766509,-0.15002635,-0.15,0.3577763,171.51508,0.00010052247
1017,16.95,0.1551632,-0.15003887,-0.15,0.35719344,171.50682,0.00010052247
1018,16.966667,0.15266149,-0.15003143,-0.15,0.35661188,171.4985,0.00010052247
1019,16.983334,0.15015976,-0.15003401,-0.15,0.35603157,171.49019,0.00010052247
1020,17,0.14765805,-0.15003234,-0.15,0.35545242,171.4818,0.00010052247
1021,17.016666,0.14515628,-0.15005268,-0.15,0.3548744,171.47337,0.00010052247
1022,17.033333,0.14265427,-0.15006483,-0.15,0.35429752,171.46487,0.00010052247
1023,17.05,0.14015123,-0.15011695,-0.15,0.35372144,171.45634,0.00010052247
1024,17.066668,0.13764587,-0.15018135,-0.15,0.3531456,171.44774,0.00010052247
1025,17.083334,0.13513885,-0.15022206,-0.15,0.35257027,171.43906,0.00010052247
1026,17.1,0.13263172,-0.15025397,-0.15,0.35199597,171.43033,0.00010052247
1027,17.116667,0.13012272,-0.15031068,-0.15,0.35142192,171.42151,0.00010052247
1028,17.133333,0.12761202,-0.15034947,-0.15,0.35084832,171.41263,0.00010052247
1029,17.15,0.12510099,-0.15035404,-0.15,0.3502756,171.40366,0.00010052247
1030,17.166666,0.1225903,-0.1503499,-0.15,0.34970337,171.39456,0.00010052247
1031,17.183332,0.12007998,-0.1503696,-0.15,0.34913138,171.3854,0.00010052247
1032,17.2,0.11757026,-0.15035786,-0.15,0.34855917,171.3761,0.00010052247
1033,17.216667,0.1150618,-0.15035138,-0.15,0.34798628,171.36668,0.00010052247
1034,17.233334,0.11255382,-0.15034178,-0.15,0.34741247,171.35713,0.00010052247
1035,17.25,0.11004708,-0.15036015,-0.15,0.34683707,171.34746,0.00010052247
1036,17.266666,0.10754172,-0.15035604,-0.15,0.34625992,171.33766,0.00010052247
1037,17.283333,0.10503749,-0.15035333,-0.15,0.34568062,171.32773,0.00010052247
1038,17.3,0.10253449,-0.15035337,-0.15,0.34509894,171.31764,0.00010052247
1039,17.316668,0.10003212,-0.15035693,-0.15,0.34451506,171.30746,0.00010052247
1040,17.333334,0.09752991,-0.15035619,-0.15,0.3439292,171.29715,0.00010052247
1041,17.35,0.095027775,-0.15035172,-0.15,0.34334132,171.28677,0.00010052247
1042,17.366667,0.09252558,-0.15035112,-0.15,0.3427517,171.27629,0.00010052247
1043,17.383333,0.09002345,-0.15035062,-0.15,0.34216046,171.26575,0.00010052247
1044,17.4,0.08751506,-0.1503509,-0.15,0.34157038,171.25523,0.00010052247
1045,17.416666,0.08500417,-0.1503481,-0.15,0.34098107,171.2448,0.00010052247
1046,17.433332,0.08249301,-0.15034908,-0.15,0.34039092,171.23427,0.00010052247
1047,17.45,0.079982154,-0.15033713,-0.15,0.33980015,171.22366,0.00010052247
1048,17.466667,0.077471234,-0.1503502,-0.15,0.33920923,171.21298,0.00010052247
1049,17.483334,0.07496985,-0.15000683,-0.15,0.33862314,171.20232,0.00010052247
1050,17.5,0.07246888,-0.14999388,-0.15,0.3380368,171.19156,0.00010052247
1051,17.516666,0.06996821,-0.14999977,-0.15,0.3374513,171.18077,0.00010052247
1052,17.533333,0.06746756,-0.15001377,-0.15,0.33686683,171.1699,0.00010052247
1053,17.55,0.06496664,-0.15000756,-0.15,0.33628356,171.15901,0.00010052247
1054,17.566668,0.06246567,-0.15001525,-0.15,0.33570153,171.14804,0.00010052247
1055,17.583334,0.059965122,-0.15001602,-0.15,0.33512086,171.13701,0.00010052247
1056,17.6,0.057464637,-0.15001337,-0.15,0.33454147,171.12592,0.00010052247
1057,17.616667,0.05496395,-0.15000938,-0.15,0.3339633,171.11476,0.00010052247
1058,17.633333,0.05246361,-0.15000752,-0.15,0.33338615,171.10356,0.00010052247
1059,17.65,0.04996322,-0.15000926,-0.15,0.33281004,171.09233,0.00010052247
1060,17.666666,0.047462836,-0.15001674,-0.15,0.33223462,171.08101,0.00010052247
1061,17.683332,0.04496254,-0.1500191,-0.15,0.33165982,171.06967,0.00010052247
1062,17.7,0.04246185,-0.15000916,-0.15,0.33108532,171.05824,0.00010052247
1063,17.716667,0.039961252,-0.15000959,-0.15,0.33051112,171.04678,0.00010052247
1064,17.733334,0.03746081,-0.15001811,-0.15,0.3299372,171.03526,0.00010052247
1065,17.75,0.034960147,-0.15002452,-0.15,0.32936338,171.0237,0.00010052247
1066,17.766666,0.0324593,-0.15001793,-0.15,0.32878962,171.01205,0.00010052247
1067,17.783333,0.029958721,-0.15001702,-0.15,0.32821614,171.00038,0.00010052247
1068,17.8,0.027458083,-0.15001866,-0.15,0.3276428,170.98862,0.00010052247
1069,17.816668,0.024957264,-0.15001963,-0.15,0.32707003,170.97679,0.00010052247
1070,17.833334,0.022456253,-0.1500205,-0.15,0.32649773,170.9649,0.00010052247
1071,17.85,0.019955477,-0.15002763,-0.15,0.32592627,170.95294,0.00010052247
1072,17.866667,0.017454442,-0.15001898,-0.15,0.32535568,170.94089,0.00010052247
1073,17.883333,0.014953846,-0.15002221,-0.15,0.32478616,170.92877,0.00010052247
1074,17.9,0.012453355,-0.15002143,-0.15,0.3242179,170.91655,0.00010052247
1075,17.916666,0.009952519,-0.1500217,-0.15,0.32365087,170.90428,0.00010052247
1076,17.933332,0.0074522467,-0.15002733,-0.15,0.32308534,170.89192,0.00010052247
1077,17.95,0.0049516517,-0.15002947,-0.15,0.32252103,170.87947,0.00010052247
1078,17.966667,0.0024509667,-0.15002233,-0.15,0.321958,170.86694,0.00010052247
1079,17.983334,-4.9203718e-05,-0.15002038,-0.15,0.3213961,170.85432,0.00010052247
1080,18,-0.0025495526,-0.15002589,-0.15,0.32083508,170.84163,0.00010052247
1081,18.016666,-0.0033257296,-2.0927382e-06,0,0.3206687,170.82425,0.00010052247
1082,18.033333,-0.0033259678,-3.471073e-06,0,0.32067826,170.82404,0.00010052247
1083,18.05,-0.0033263166,-6.0359243e-06,0,0.32068557,170.82385,0.00010052247
1084,18.066668,-0.0033266367,-4.678618e-06,0,0.32069007,170.82373,0.00010052247
1085,18.083334,-0.0033268142,-1.2318299e-05,0,0.32069135,170.82362,0.00010052247
1086,18.1,-0.0033269334,-1.8397058e-06,0,0.3206904,170.82356,0.00010052247
1087,18.116667,-0.0033270153,-1.1431464e-06,0,0.32068822,170.82347,0.00010052247
1088,18.133333,-0.0033271792,-1.0591926e-06,0,0.32068494,170.82336,0.00010052247
1089,18.15,-0.003327386,-9.3213725e-07,0,0.3206806,170.82326,0.00010052247
1090,18.166666,-0.0033275425,-8.1665445e-07,0,0.32067537,170.82315,0.00010052247
1091,18.183332,-0.003327699,-5.0108576e-07,0,0.32066944,170.82303,0.00010052247
1092,18.2,-0.0033277287,8.757558e-08,0,0.32066292,170.8229,0.00010052247
1093,18.216667,-0.0033279655,1.0975381e-06,0,0.32065603,170.82277,0.00010052247
1094,18.233334,-0.0033281443,5.161342e-06,0,0.3206489,170.82265,0.00010052247
1095,18.25,-0.0033281667,1.27784415e-05,0,0.32064176,170.82251,0.00010052247
1096,18.266666,-0.0033282784,1.3011077e-05,0,0.32063487,170.82239,0.00010052247
1097,18.283333,-0.0033281741,1.3082381e-05,0,0.32062837,170.82225,0.00010052247
1098,18.3,-0.0033280847,1.3127839e-05,0,0.3206222,170.82211,0.00010052247
1099,18.316668,-0.0033282412,1.31576e-05,0,0.32061657,170.82198,0.00010052247
1100,18.333334,-0.0033281294,1.3395168e-05,0,0.32061157,170.82184,0.00010052247
1101,18.35,-0.003328107,1.3713614e-05,0,0.32060722,170.82172,0.00010052247
1102,18.366667,-0.0033280698,1.3782424e-05,0,0.32060337,170.8216,0.00010052247
1103,18.383333,-0.0033280773,1.3832178e-05,0,0.32060018,170.82147,0.00010052247
1104,18.4,-0.0033280624,7.508651e-06,0,0.32059747,170.82137,0.00010052247
1105,18.416666,-0.0033280698,1.2490573e-05,0,0.32059526,170.82126,0.00010052247
1106,18.433332,-0.0033280698,1.3343446e-05,0,0.32059354,170.82118,0.00010052247
1107,18.45,-0.0033279283,1.7810671e-05,0,0.32059222,170.8211,0.00010052247
1108,18.466667,-0.0033278181,1.0285577e-05,0,0.3205911,170.82104,0.00010052247
1109,18.483334,-0.0033279283,1.0635878e-05,0,0.3205902,170.82098,0.00010052247
1110,18.5,-0.0033280028,1.4429729e-05,0,0.32058963,170.82095,0.00010052247
1111,18.516666,-0.003327958,5.0945555e-06,0,0.32058907,170.82092,0.00010052247
1112,18.533333,-0.0033280922,2.8110157e-06,0,0.32058862,170.8209,0.00010052247
1113,18.55,-0.0033281592,3.5621201e-06,0,0.3205881,170.82088,0.00010052247
1114,18.566668,-0.0033283157,3.7727796e-06,0,0.3205876,170.82086,0.00010052247
1115,18.583334,-0.0033284125,3.5391781e-06,0,0.32058713,170.82083,0.00010052247
1116,18.6,-0.0033286791,3.2909668e-06,0,0.32058662,170.82082,0.00010052247
1117,18.616667,-0.0033287536,3.4018567e-06,0,0.3205861,170.82079,0.00010052247
1118,18.633333,-0.0033288356,4.276128e-06,0,0.32058558,170.82076,0.00010052247
1119,18.65,-0.0033288952,3.4401082e-06,0,0.32058513,170.82074,0.00010052247
1120,18.666666,-0.0033290663,3.1387542e-06,0,0.3205846,170.82071,0.00010052247
1121,18.683332,-0.0033290812,3.2098737e-06,0,0.32058418,170.8207,0.00010052247
1122,18.7,-0.0033291243,4.1596513e-06,0,0.32058364,170.82066,0.00010052247
1123,18.716667,-0.0033291169,3.4889424e-06,0,0.32058313,170.82063,0.00010052247
1124,18.733334,-0.0033291765,3.8212897e-06,0,0.32058266,170.82062,0.00010052247
1125,18.75,-0.0033292212,3.3316517e-06,0,0.32058215,170.82059,0.00010052247
1126,18.766666,-0.0033291765,3.7308282e-06,0,0.32058164,170.82056,0.00010052247
1127,18.783333,-0.0033292659,6.009653e-06,0,0.3205812,170.82054,0.00010052247
1128,18.8,-0.0033293702,3.3786134e-06,0,0.32058063,170.82051,0.00010052247
1129,18.816668,-0.0033294447,3.5977253e-06,0,0.32058018,170.8205,0.00010052247
1130,18.833334,-0.0033297113,4.0246423e-06,0,0.32057968,170.82047,0.00010052247
1131,18.85,-0.003329756,7.4477834e-06,0,0.32057914,170.82043,0.00010052247
1132,18.866667,-0.0033298677,4.3645773e-06,0,0.32057866,170.82042,0.00010052247
1133,18.883333,-0.0033299944,4.5797387e-06,0,0.3205782,170.82039,0.00010052247
1134,18.9,-0.003330121,5.7492384e-06,0,0.32057765,170.82036,0.00010052247
1135,18.916666,-0.0033303727,4.0947803e-06,0,0.3205771,170.82034,0.00010052247
1136,18.933332,-0.003330343,4.1821368e-06,0,0.32057658,170.82031,0.00010052247
1137,18.95,-0.0033303727,3.981532e-06,0,0.3205761,170.82028,0.00010052247
1138,18.966667,-0.003330544,3.7170337e-06,0,0.3205756,170.82027,0.00010052247
1139,18.983334,-0.0033306335,3.821593e-06,0,0.3205751,170.82024,0.00010052247
1140,19,-0.0033306708,5.4654256e-06,0,0.32057458,170.82022,0.00010052247
1141,19.016666,-0.0033307006,4.0426125e-06,0,0.32057407,170.82019,0.00010052247
1142,19.033333,-0.0033308347,4.134016e-06,0,0.3205736,170.82016,0.00010052247
1143,19.05,-0.0033309893,4.4248295e-06,0,0.3205731,170.82014,0.00010052247
1144,19.066668,-0.0033310414,4.612304e-06,0,0.32057258,170.82011,0.00010052247
1145,19.083334,-0.003331168,4.520354e-06,0,0.32057208,170.8201,0.00010052247
1146,19.1,-0.0033312426,3.790236e-06,0,0.32057157,170.82007,0.00010052247
1147,19.116667,-0.0033312128,5.3936405e-06,0,0.3205711,170.82004,0.00010052247
1148,19.133333,-0.0033313618,4.171264e-06,0,0.32057056,170.82002,0.00010052247
1149,19.15,-0.0033313097,5.093791e-06,0,0.32057005,170.81999,0.00010052247
1150,19.166666,-0.003331466,5.1321094e-06,0,0.32056955,170.81996,0.00010052247
1151,19.183332,-0.0033313916,6.563197e-06,0,0.32056904,170.81995,0.00010052247
1152,19.2,-0.0033314289,4.122721e-06,0,0.32056856,170.81992,0.00010052247
1153,19.216667,-0.0033313767,4.7158037e-06,0,0.32056805,170.81989,0.00010052247
1154,19.233334,-0.0033314214,4.532173e-06,0,0.32056758,170.81987,0.00010052247
1155,19.25,-0.0033314289,5.9615554e-06,0,0.3205671,170.81984,0.00010052247
1156,19.266666,-0.0033314512,4.2785477e-06,0,0.32056665,170.81982,0.00010052247
1157,19.283333,-0.0033316358,5.0494764e-06,0,0.32056615,170.8198,0.00010052247
1158,19.3,-0.0033316358,4.584354e-06,0,0.3205657,170.81978,0.00010052247
1159,19.316668,-0.0033315613,5.654264e-06,0,0.32056516,170.81975,0.00010052247
1160,19.333334,-0.0033314587,4.654916e-06,0,0.32056466,170.81972,0.00010052247
1161,19.35,-0.0033316284,3.1393688e-06,0,0.32056424,170.8197,0.00010052247
1162,19.366667,-0.0033315837,4.61278e-06,0,0.32056373,170.81967,0.00010052247
1163,19.383333,-0.003331673,5.2446144e-06,0,0.32056323,170.81966,0.00010052247
1164,19.4,-0.0033315986,5.3336476e-06,0,0.32056275,170.81963,0.00010052247
1165,19.416666,-0.0033316656,5.4300185e-06,0,0.32056227,170.8196,0.00010052247
1166,19.433332,-0.0033316656,4.6225414e-06,0,0.3205618,170.81958,0.00010052247
1167,19.45,-0.0033316433,6.4741175e-06,0,0.32056135,170.81955,0.00010052247
1168,19.466667,-0.003331606,4.57207e-06,0,0.32056087,170.81953,0.00010052247
1169,19.483334,-0.003331688,-7.593276e-07,0,0.3205604,170.8195,0.00010052247
1170,19.5,-0.0033315986,4.9333216e-06,0,0.3205599,170.81949,0.00010052247
1171,19.516666,-0.0033315837,5.0440563e-06,0,0.32055944,170.81946,0.00010052247
1172,19.533333,-0.0033316656,4.901945e-06,0,0.32055894,170.81944,0.00010052247
1173,19.55,-0.0033315392,6.128001e-06,0,0.32055843,170.81941,0.00010052247
1174,19.566668,-0.0033316507,4.840117e-06,0,0.32055795,170.81938,0.00010052247
1175,19.583334,-0.0033317998,5.001546e-06,0,0.32055742,170.81937,0.00010052247
1176,19.6,-0.0033317849,5.6146187e-06,0,0.32055694,170.81934,0.00010052247
1177,19.616667,-0.0033317253,4.951722e-06,0,0.3205564,170.8193,0.00010052247
1178,19.633333,-0.0033318817,8.498642e-06,0,0.32055593,170.81929,0.00010052247
1179,19.65,-0.0033316805,5.1941433e-06,0,0.32055545,170.81926,0.00010052247
1180,19.666666,-0.0033317998,4.324891e-06,0,0.3205549,170.81923,0.00010052247
1181,19.683332,-0.0033318668,5.436432e-06,0,0.32055444,170.81921,0.00010052247
1182,19.7,-0.0033319413,4.6511313e-06,0,0.32055387,170.81918,0.00010052247
1183,19.716667,-0.003332001,5.5128394e-06,0,0.32055336,170.81915,0.00010052247
1184,19.733334,-0.0033320307,5.3295903e-06,0,0.32055286,170.81914,0.00010052247
1185,19.75,-0.0033320158,6.50497e-06,0,0.3205524,170.8191,0.00010052247
1186,19.766666,-0.0033320605,5.486851e-06,0,0.32055193,170.81909,0.00010052247
1187,19.783333,-0.0033322598,5.5640567e-06,0,0.32055146,170.81906,0.00010052247
1188,19.8,-0.0033322673,5.52517e-06,0,0.32055092,170.81905,0.00010052247
1189,19.816668,-0.0033322673,5.0699973e-06,0,0.32055047,170.81902,0.00010052247
1190,19.833334,-0.0033323641,5.5496876e-06,0,0.32055,170.819,0.00010052247
1191,19.85,-0.003332394,7.3672813e-06,0,0.3205495,170.81897,0.00010052247
1192,19.866667,-0.003332595,5.6078657e-06,0,0.320549,170.81894,0.00010052247
1193,19.883333,-0.0033326175,5.1825477e-06,0,0.32054847,170.81892,0.00010052247
1194,19.9,-0.0033327502,5.69135e-06,0,0.32054797,170.8189,0.00010052247
1195,19.916666,-0.0033327725,5.9793038e-06,0,0.3205475,170.81886,0.00010052247
1196,19.933332,-0.0033327949,5.4285742e-06,0,0.32054695,170.81885,0.00010052247
1197,19.95,-0.0033327725,5.9062913e-06,0,0.32054648,170.81882,0.00010052247
1198,19.966667,-0.0033328468,5.6814642e-06,0,0.320546,170.81879,0.00010052247
1199,19.983334,-0.0033329437,6.9602493e-06,0,0.32054546,170.81877,0.00010052247
1200,20,-0.003333033,5.7379416e-06,0,0.320545,170.81874,0.00010052247
