frame,time_s,step_ms,energy_J,kinetic_J,broken_pairs,sampled_depth_m,grabbed
1,0.016666668,24.683922,106.127884,0.24314332,0,0,0
2,0.033333335,24.192293,105.86692,0.6246738,0,0,0
3,0.05,22.822454,105.58507,0.8812335,0,0,0
4,0.06666667,26.638102,104.93211,0.6819295,0,0,0
5,0.083333336,23.69488,104.47258,0.545393,0,0,0
6,0.1,26.414001,103.93107,0.13339604,0,0,0
7,0.11666667,26.219004,103.79161,0.038860418,0,0,0
8,0.13333334,26.34742,103.7481,0.0046854224,0,0,0
9,0.15,26.868563,103.74301,1.0334632e-05,0,0,0
10,0.16666667,27.839752,103.74259,2.2339149e-05,0,0,0
11,0.18333334,26.36758,103.74204,4.926157e-05,0,0,0
12,0.2,29.773668,103.7414,8.417836e-05,0,0,0
13,0.21666667,32.153713,103.740715,0.00012429059,0,0,0
14,0.23333333,33.507084,103.74,0.0001625161,0,0,0
15,0.25,31.771072,103.73932,0.00019032841,0,3.1615713e-05,0
16,0.26666668,32.060165,103.73872,0.00020234348,0,3.1615713e-05,0
17,0.28333333,28.837606,103.738335,0.00021018626,0,3.1615713e-05,0
18,0.3,32.584007,103.73794,0.00020301595,0,3.1615713e-05,0
19,0.31666666,29.465117,103.73756,0.00018189871,0,3.1615713e-05,0
20,0.33333334,31.582342,103.73717,2.1620022e-05,0,3.1615713e-05,0
21,0.35,32.082115,103.73687,1.0341577e-05,0,3.1615713e-05,0
22,0.36666667,30.704556,103.73655,8.158894e-06,0,3.1615713e-05,0
23,0.38333333,25.699657,103.73627,5.886473e-06,0,3.1615713e-05,0
24,0.4,25.22712,103.73598,5.9080485e-06,0,3.1615713e-05,0
25,0.41666666,25.048811,103.735695,5.775118e-06,0,3.1615713e-05,0
26,0.43333334,27.680634,103.735405,5.610402e-06,0,3.1615713e-05,0
27,0.45,25.740004,103.73512,5.3376775e-06,0,3.1615713e-05,0
28,0.46666667,25.20122,103.73483,5.1539205e-06,0,3.1615713e-05,0
29,0.48333332,25.157993,103.73455,4.8184115e-06,0,3.1615713e-05,0
30,0.5,24.99086,103.73427,4.541295e-06,0,9.6398755e-05,0
31,0.51666665,24.891668,103.73398,4.2518377e-06,0,9.6398755e-05,0
32,0.53333336,24.843847,103.7337,3.9785427e-06,0,9.6398755e-05,0
33,0.55,25.059355,103.73342,3.5511323e-06,0,9.6398755e-05,0
34,0.56666666,25.35289,103.73314,3.092913e-06,0,9.6398755e-05,0
35,0.5833333,25.120058,103.73286,2.5968372e-06,0,9.6398755e-05,0
36,0.6,25.143019,103.732635,1.5077957e-07,0,9.6398755e-05,0
37,0.6166667,25.13184,103.73249,3.3165568e-07,0,9.6398755e-05,0
38,0.6333333,28.69952,103.732346,5.3557875e-07,0,9.6398755e-05,0
39,0.65,26.825956,103.73219,7.964704e-07,0,9.6398755e-05,0
40,0.6666667,25.190477,103.73205,1.0992445e-06,0,9.6398755e-05,0
41,0.68333334,25.504902,103.731895,1.4942102e-06,0,9.6398755e-05,0
42,0.7,28.60952,103.73175,1.7704186e-06,0,9.6398755e-05,0
43,0.71666664,27.149475,103.7316,2.0962957e-06,0,9.6398755e-05,0
44,0.73333335,27.888899,103.73142,2.3778591e-06,0,9.6398755e-05,0
45,0.75,29.298494,103.731255,2.6107743e-06,0,9.99799e-05,0
46,0.76666665,27.416391,103.73108,2.7739472e-06,0,9.99799e-05,0
47,0.78333336,28.004951,103.7309,2.8580873e-06,0,9.99799e-05,0
48,0.8,26.60523,103.73073,2.8572847e-06,0,9.99799e-05,0
49,0.81666666,28.032047,103.73055,2.8916866e-06,0,9.99799e-05,0
50,0.8333333,25.964155,103.73038,2.6136752e-06,0,9.99799e-05,0
51,0.85,25.19972,103.73021,2.3839432e-06,0,9.99799e-05,0
52,0.8666667,29.194628,103.73005,2.10131e-06,0,9.99799e-05,0
53,0.8833333,24.58264,103.7299,1.78118e-06,0,9.99799e-05,0
54,0.9,28.013477,103.729744,1.4482158e-06,0,9.99799e-05,0
55,0.9166667,28.13778,103.72961,1.1125156e-06,0,9.99799e-05,0
56,0.93333334,25.740952,103.72946,8.058574e-07,0,9.99799e-05,0
57,0.95,25.856873,103.72931,5.448858e-07,0,9.99799e-05,0
58,0.96666664,29.301352,103.729164,3.446158e-07,0,9.99799e-05,0
59,0.98333335,28.588242,103.72903,2.3001463e-07,0,9.99799e-05,0
60,1,26.976864,103.72888,2.2856632e-07,0,0.00010022045,0
61,1.0166667,27.765224,103.72874,2.2871411e-07,0,0.00010022045,0
62,1.0333333,28.10905,103.72859,2.2854776e-07,0,0.00010022045,0
63,1.05,29.052862,103.72845,2.2826609e-07,0,0.00010022045,0
64,1.0666667,26.291098,103.7283,2.2651516e-07,0,0.00010022045,0
65,1.0833334,25.49612,103.72815,2.2659988e-07,0,0.00010022045,0
66,1.1,26.652723,103.728004,2.262222e-07,0,0.00010022045,0
67,1.1166667,26.765884,103.72786,2.258683e-07,0,0.00010022045,0
68,1.1333333,28.156458,103.727715,2.4991476e-07,0,0.00010022045,0
69,1.15,29.59044,103.72757,2.5324434e-07,0,0.00010022045,0
70,1.1666666,27.681698,103.727425,2.5286755e-07,0,0.00010022045,0
71,1.1833333,25.28779,103.72729,2.5244654e-07,0,0.00010022045,0
72,1.2,24.795761,103.72714,2.5200958e-07,0,0.00010022045,0
73,1.2166667,25.142149,103.727,2.5155072e-07,0,0.00010022045,0
74,1.2333333,28.238764,103.72685,2.5153392e-07,0,0.00010022045,0
75,1.25,28.899956,103.7267,2.5144433e-07,0,0.000100236524,0
76,1.2666667,28.57555,103.72654,2.503798e-07,0,0.000100236524,0
77,1.2833333,25.90787,103.72638,2.5027384e-07,0,0.000100236524,0
78,1.3,28.236418,103.72621,2.4988734e-07,0,0.000100236524,0
79,1.3166667,25.898964,103.72605,2.4950373e-07,0,0.000100236524,0
80,1.3333334,25.182226,103.72589,2.4912353e-07,0,0.000100236524,0
81,1.35,25.577166,103.72573,2.4867495e-07,0,0.000100236524,0
82,1.3666667,25.823366,103.72557,2.4823547e-07,0,0.000100236524,0
83,1.3833333,26.850243,103.72541,2.4779754e-07,0,0.000100236524,0
84,1.4,25.292364,103.72524,2.473625e-07,0,0.000100236524,0
85,1.4166666,25.993301,103.72508,2.4689606e-07,0,0.000100236524,0
86,1.4333333,25.108696,103.724915,2.4642418e-07,0,0.000100236524,0
87,1.45,26.123695,103.72475,2.4594095e-07,0,0.000100236524,0
88,1.4666667,27.611576,103.72459,2.4547688e-07,0,0.000100236524,0
89,1.4833333,28.544771,103.72442,2.4500343e-07,0,0.000100236524,0
90,1.5,25.193031,103.72426,2.4453232e-07,0,0.000100236524,0
91,1.5166667,25.142899,103.72409,2.4406356e-07,0,0.000100236524,0
92,1.5333333,24.90032,103.72392,2.435927e-07,0,0.000100236524,0
93,1.55,24.802183,103.72376,2.4312482e-07,0,0.000100236524,0
94,1.5666667,25.310438,103.723595,2.426585e-07,0,0.000100236524,0
95,1.5833334,25.136534,103.723434,2.422065e-07,0,0.000100236524,0
96,1.6,25.668844,103.72327,2.447727e-07,0,0.000100236524,0
97,1.6166667,25.557655,103.72311,2.4112163e-07,0,0.000100236524,0
98,1.6333333,24.87272,103.72294,2.4074726e-07,0,0.000100236524,0
99,1.65,24.863659,103.72277,2.402724e-07,0,0.000100236524,0
100,1.6666666,25.37563,103.72261,2.3979595e-07,0,0.000100236524,0
101,1.6833333,25.934927,103.72244,2.393307e-07,0,0.000100236524,0
102,1.7,25.812796,103.72228,2.38873e-07,0,0.000100236524,0
103,1.7166667,25.786314,103.722115,2.3841417e-07,0,0.000100236524,0
104,1.7333333,26.634508,103.722,2.3813998e-07,0,0.000100236524,0
105,1.75,30.519642,103.72189,2.3795923e-07,0,0.00010026975,0
106,1.7666667,27.920183,103.72179,2.3776748e-07,0,0.00010026975,0
107,1.7833333,30.51298,103.72169,2.3758972e-07,0,0.00010026975,0
108,1.8,42.099083,103.72158,2.3741718e-07,0,0.00010026975,0
109,1.8166667,37.601505,103.72147,2.3723865e-07,0,0.00010026975,0
110,1.8333334,36.076458,103.72137,2.3706045e-07,0,0.00010026975,0
111,1.85,31.812435,103.72126,2.3687488e-07,0,0.00010026975,0
112,1.8666667,34.769627,103.72115,2.3668748e-07,0,0.00010026975,0
113,1.8833333,40.384117,103.721054,2.3651567e-07,0,0.00010026975,0
114,1.9,26.035868,103.72095,2.3634371e-07,0,0.00010026975,0
115,1.9166666,27.698986,103.72084,2.3616184e-07,0,0.00010026975,0
116,1.9333333,26.519146,103.72073,2.3598683e-07,0,0.00010026975,0
117,1.95,25.447714,103.72063,2.3580581e-07,0,0.00010026975,0
118,1.9666667,25.049078,103.72053,2.3563649e-07,0,0.00010026975,0
119,1.9833333,25.209919,103.72042,2.3544825e-07,0,0.00010026975,0
120,2,24.862494,103.720314,2.352756e-07,0,0.00010026975,0
121,2.0166667,25.34721,103.72021,2.3511271e-07,0,0.00010026975,0
122,2.0333333,25.709902,103.7201,2.349279e-07,0,0.00010026975,0
123,2.05,24.602411,103.71999,2.3475678e-07,0,0.00010026975,0
124,2.0666666,25.940308,103.719894,2.3457699e-07,0,0.00010026975,0
125,2.0833333,27.950705,103.71979,2.3440332e-07,0,0.00010026975,0
126,2.1,27.490181,103.71968,2.3421302e-07,0,0.00010026975,0
127,2.1166666,25.839964,103.719574,2.3404202e-07,0,0.00010026975,0
128,2.1333334,28.06595,103.71947,2.3385859e-07,0,0.00010026975,0
129,2.15,27.349152,103.719376,2.3373592e-07,0,0.00010026975,0
130,2.1666667,25.02717,103.71929,2.3374042e-07,0,0.00010026975,0
131,2.1833334,25.351328,103.71921,2.33745e-07,0,0.00010026975,0
132,2.2,25.438444,103.71912,2.3375817e-07,0,0.00010026975,0
133,2.2166667,24.516462,103.71903,2.3377953e-07,0,0.00010026975,0
134,2.2333333,24.997477,103.71895,2.3370579e-07,0,0.00010026975,0
135,2.25,25.072836,103.718864,2.3385965e-07,0,0.00010026975,0
136,2.2666667,25.204578,103.71878,2.336643e-07,0,0.00010026975,0
137,2.2833333,24.473085,103.7187,2.3368213e-07,0,0.00010026975,0
138,2.3,24.73425,103.71861,2.3363118e-07,0,0.00010026975,0
139,2.3166666,24.740519,103.71853,2.3361238e-07,0,0.00010026975,0
140,2.3333333,24.785046,103.71844,2.3368739e-07,0,0.00010026975,0
141,2.35,25.152405,103.71835,2.3355709e-07,0,0.00010026975,0
142,2.3666666,25.629288,103.71828,2.3363424e-07,0,0.00010026975,0
143,2.3833334,27.17077,103.718185,2.3369651e-07,0,0.00010026975,0
144,2.4,26.08435,103.7181,2.3370937e-07,0,0.00010026975,0
145,2.4166667,24.544703,103.71802,2.3382417e-07,0,0.00010026975,0
146,2.4333334,24.810402,103.71793,2.3366945e-07,0,0.00010026975,0
147,2.45,24.904371,103.71785,2.3365399e-07,0,0.00010026975,0
148,2.4666667,25.605793,103.717766,2.3354755e-07,0,0.00010026975,0
149,2.4833333,25.122698,103.71769,2.3368106e-07,0,0.00010026975,0
150,2.5,24.452196,103.717606,2.3365065e-07,0,0.00010026975,0
151,2.5166667,25.257683,103.717514,2.3365229e-07,0,0.00010026975,0
152,2.5333333,27.500483,103.71744,2.3365577e-07,0,0.00010026975,0
153,2.55,28.675081,103.71735,2.3367959e-07,0,0.00010026975,0
154,2.5666666,25.39033,103.71727,2.3359978e-07,0,0.00010026975,0
155,2.5833333,24.579037,103.71718,2.3369883e-07,0,0.00010026975,0
156,2.6,24.739365,103.717094,2.3372877e-07,0,0.00010026975,0
157,2.6166666,24.880173,103.71701,2.3373238e-07,0,0.00010026975,0
158,2.6333334,25.79844,103.71693,2.3371976e-07,0,0.00010026975,0
159,2.65,30.012463,103.71685,2.3369809e-07,0,0.00010026975,0
160,2.6666667,28.074244,103.71677,2.33711e-07,0,0.00010026975,0
161,2.6833334,28.837955,103.71668,2.3381922e-07,0,0.00010026975,0
162,2.7,28.97183,103.7166,2.3367177e-07,0,0.00010026975,0
163,2.7166667,28.039295,103.716515,2.3364898e-07,0,0.00010026975,0
164,2.7333333,27.06421,103.71643,2.3364319e-07,0,0.00010026975,0
165,2.75,29.110422,103.71635,2.3378468e-07,0,0.00010026975,0
166,2.7666667,27.93192,103.71626,2.3370058e-07,0,0.00010026975,0
167,2.7833333,26.156572,103.71618,2.3369006e-07,0,0.00010026975,0
168,2.8,27.660038,103.716095,2.3367096e-07,0,0.00010026975,0
169,2.8166666,25.848473,103.71601,2.3368011e-07,0,0.00010026975,0
170,2.8333333,25.339535,103.715935,2.3364673e-07,0,0.00010026975,0
171,2.85,24.698835,103.71585,2.3369918e-07,0,0.00010026975,0
172,2.8666666,24.634369,103.71577,2.3373829e-07,0,0.00010026975,0
173,2.8833334,25.204166,103.71568,2.3365283e-07,0,0.00010026975,0
174,2.9,24.983015,103.7156,2.33699e-07,0,0.00010026975,0
175,2.9166667,24.935028,103.715515,2.3369613e-07,0,0.00010026975,0
176,2.9333334,25.41666,103.71543,2.3362756e-07,0,0.00010026975,0
177,2.95,25.351076,103.71535,2.3362689e-07,0,0.00010026975,0
178,2.9666667,25.763823,103.71527,2.3364692e-07,0,0.00010026975,0
179,2.9833333,25.384495,103.71519,2.336357e-07,0,0.00010026975,0
180,3,25.100225,103.7151,2.336151e-07,0,0.00010026975,0
181,3.0166667,25.610401,103.71502,2.1216053e-07,0,0.00010026975,1
182,3.0333333,39.39498,103.71719,0.0023823322,0,0.00010026975,1
183,3.05,49.821487,103.72798,0.013188959,0,0.00010026975,1
184,3.0666666,32.91046,103.74755,0.03203539,0,0.00010026975,1
185,3.0833333,33.667713,103.771576,0.053964816,0,0.00010026975,1
186,3.1,26.456923,103.795906,0.07427121,0,0.00010026975,1
187,3.1166666,25.388346,103.81732,0.08888786,0,0.00010026975,1
188,3.1333334,29.99359,103.834274,0.09506607,0,0.00010026975,1
189,3.15,29.49367,103.848625,0.09509246,0,0.00010026975,1
190,3.1666667,27.378408,103.86213,0.091516055,0,0.00010026975,1
191,3.1833334,27.802011,103.876175,0.08619822,0,0.00010026975,1
192,3.2,24.64043,103.89198,0.080481246,0,0.00010026975,1
193,3.2166667,25.480759,103.909966,0.075132996,0,0.00010026975,1
194,3.2333333,27.619776,103.93007,0.07036642,0,0.00010026975,1
195,3.25,28.296938,103.95187,0.06590769,0,0.00010026975,1
196,3.2666667,29.103968,103.97479,0.061249427,0,0.00010026975,1
197,3.2833333,31.28476,103.99854,0.056350738,0,0.00010026975,1
198,3.3,30.382372,104.022896,0.051288035,0,0.00010026975,1
199,3.3166666,28.926577,104.04772,0.046285108,0,0.00010026975,1
200,3.3333333,29.793526,104.07251,0.041093282,0,0.00010026975,1
201,3.35,30.117989,104.09771,0.036472525,0,0.00010026975,1
202,3.3666666,32.034554,104.12309,0.032634255,0,0.00010026975,1
203,3.3833334,31.41201,104.148445,0.029570889,0,0.00010026975,1
204,3.4,32.28183,104.17353,0.027259052,0,0.00010026975,1
205,3.4166667,31.474726,104.19816,0.02534026,0,0.00010026975,1
206,3.4333334,32.59567,104.22202,0.02395418,0,0.00010026975,1
207,3.45,31.897224,104.2437,0.024680348,0,0.00010026975,1
208,3.4666667,36.209785,104.25948,0.027518326,0,0.00010026975,1
209,3.4833333,34.908836,104.27375,0.034322128,0,0.00010026975,1
210,3.5,34.718075,104.287056,0.0445295,0,0.00010026975,1
211,3.5166667,35.133884,104.30294,0.05970056,0,0.00010026975,1
212,3.5333333,32.0395,104.32228,0.08791733,0,0.00010026975,1
213,3.55,34.611572,104.32804,0.0930517,0,0.00010026975,1
214,3.5666666,33.584766,104.34572,0.10616096,0,0.00010026975,1
215,3.5833333,34.336388,104.3655,0.11878466,0,0.00010026975,1
216,3.6,35.87698,104.38684,0.12934145,0,0.00010026975,1
217,3.6166666,33.26836,104.4097,0.1359573,0,0.00010026975,1
218,3.6333334,34.007797,104.4345,0.13977759,0,0.00010026975,1
219,3.65,33.46319,104.458725,0.13884924,0,0.00010026975,1
220,3.6666667,33.440914,104.48546,0.12931204,0,0.00010026975,1
221,3.6833334,34.427513,104.51719,0.11567944,0,0.00010026975,1
222,3.7,36.135864,104.549576,0.09849265,0,0.00010026975,1
223,3.7166667,34.11967,104.579544,0.08380909,0,0.00010026975,1
224,3.7333333,35.276123,104.607864,0.06950427,0,0.00010026975,1
225,3.75,36.118206,104.634865,0.0548631,0,0.00010026975,1
226,3.7666667,38.05417,104.66106,0.042173453,0,0.00010026975,1
227,3.7833333,37.930965,104.68683,0.032659188,0,0.00010026975,1
228,3.8,37.76006,104.71231,0.026328588,0,0.00010026975,1
229,3.8166666,36.999058,104.73813,0.024330078,0,0.00010026975,1
230,3.8333333,36.636604,104.76161,0.025296869,0,0.00010026975,1
231,3.85,37.67902,104.78293,0.028145093,0,0.00010026975,1
232,3.8666666,37.070995,104.80407,0.032608107,0,0.00010026975,1
233,3.8833334,37.148655,104.82667,0.037477147,0,0.00010026975,1
234,3.9,32.71362,104.84919,0.040136706,0,0.00010026975,1
235,3.9166667,32.738564,104.874054,0.042948853,0,0.00010026975,1
236,3.9333334,34.431698,104.90157,0.045906894,0,0.00010026975,1
237,3.95,37.513336,104.93138,0.049497813,0,0.00010026975,1
238,3.9666667,35.723286,104.9466,0.042294785,0,0.00010026975,1
239,3.9833333,37.761585,104.94864,0.046043187,0,0.00010026975,1
240,4,38.29765,104.95352,0.053076018,0,0.00010026975,1
241,4.016667,36.156258,104.96724,0.06639396,0,0.00010026975,1
242,4.0333333,37.494987,104.99025,0.085689425,0,0.00010026975,1
243,4.05,37.937035,105.02122,0.10936681,0,0.00010026975,1
244,4.0666666,38.087532,105.058426,0.13745223,0,0.00010026975,1
245,4.0833335,36.231133,105.100296,0.16569506,0,0.00010026975,1
246,4.1,38.540527,105.13698,0.19207351,0,0.00010026975,1
247,4.116667,35.6261,105.16446,0.21506,0,0.00010026975,1
248,4.133333,36.49518,105.18088,0.2409474,0,0.00010026975,1
249,4.15,40.104313,105.17441,0.2641214,0,0.00010026975,1
250,4.1666665,35.267464,105.14723,0.2650515,0,0.00010026975,1
251,4.1833334,33.949284,105.13084,0.2743421,0,0.00010026975,1
252,4.2,35.121956,105.10431,0.27687907,0,0.00010026975,1
253,4.2166667,35.54821,105.069115,0.26314452,0,0.00010026975,1
254,4.233333,34.852634,105.046844,0.2563354,0,0.00010026975,1
255,4.25,33.505157,105.01224,0.24388415,0,0.00010026975,1
256,4.266667,33.708668,104.97109,0.23009658,0,0.00010026975,1
257,4.2833333,32.909924,104.92418,0.21610673,0,0.00010026975,1
258,4.3,37.24851,104.87141,0.20010744,0,0.00010026975,1
259,4.3166666,34.725742,104.81634,0.18507847,0,0.00010026975,1
260,4.3333335,33.281597,104.759056,0.17170618,0,0.00010026975,1
261,4.35,33.644245,104.6978,0.15750884,0,0.00010026975,1
262,4.366667,35.922157,104.648415,0.14918785,0,0.00010026975,1
263,4.383333,34.95958,104.60771,0.1471113,0,0.00010026975,1
264,4.4,34.907543,104.56407,0.1468725,0,0.00010026975,1
265,4.4166665,34.407913,104.49859,0.12703623,0,0.00010026975,1
266,4.4333334,37.871117,104.45458,0.12214163,0,0.00010026975,1
267,4.45,37.573666,104.41263,0.121494785,0,0.00010026975,1
268,4.4666667,34.879658,104.36971,0.120372854,0,0.00010026975,1
269,4.483333,35.74044,104.33027,0.119265296,0,0.00010026975,1
270,4.5,36.419193,104.30268,0.12331055,0,0.00010026975,1
271,4.516667,36.499016,104.281586,0.12863672,0,0.00010026975,1
272,4.5333333,36.26861,104.26246,0.13281597,0,0.00010026975,1
273,4.55,34.533,104.24371,0.13519354,0,0.00010026975,1
274,4.5666666,33.23184,104.21346,0.13331814,0,0.00010026975,1
275,4.5833335,34.541294,104.149734,0.107012704,0,0.00010026975,1
276,4.6,34.165554,104.115105,0.092366144,0,0.00010026975,1
277,4.616667,35.035183,104.088356,0.08138665,0,0.00010026975,1
278,4.633333,35.55693,104.06593,0.070650004,0,0.00010026975,1
279,4.65,37.271446,104.04424,0.057656355,0,0.00010026975,1
280,4.6666665,39.25794,104.020935,0.04272642,0,0.00010026975,1
281,4.6833334,34.675625,104.00492,0.03309465,0,0.00010026975,1
282,4.7,33.91911,103.99614,0.029899195,0,0.00010026975,1
283,4.7166667,36.609707,103.99495,0.032004762,0,0.00010026975,1
284,4.733333,39.26066,103.99507,0.035474036,0,0.00010026975,1
285,4.75,37.88225,103.98965,0.035802603,0,0.00010026975,1
286,4.766667,36.75182,103.98108,0.036144152,0,0.00010026975,1
287,4.7833333,34.824417,103.96767,0.038509633,0,0.00010026975,1
288,4.8,34.56513,103.94637,0.040804345,0,0.00010026975,1
289,4.8166666,34.850895,103.92204,0.04625096,0,0.00010026975,1
290,4.8333335,34.7086,103.89641,0.054782934,0,0.00010026975,1
291,4.85,34.36401,103.86868,0.06088069,0,0.00010026975,1
292,4.866667,33.31126,103.84186,0.06475321,0,0.00010026975,1
293,4.883333,32.841084,103.812485,0.05362357,0,0.00010026975,1
294,4.9,34.832718,103.807106,0.0497862,0,0.00010026975,1
295,4.9166665,34.272713,103.823746,0.06101168,0,0.00010026975,1
296,4.9333334,32.349636,103.83951,0.0686767,0,0.00010026975,1
297,4.95,32.60261,103.853775,0.072866805,0,0.00010026975,1
298,4.9666667,34.170937,103.86648,0.07301687,0,0.00010026975,1
299,4.983333,33.356674,103.878975,0.07025367,0,0.00010026975,1
300,5,34.893818,103.89308,0.06684761,0,0.00010026975,1
301,5.016667,36.35887,103.89114,0.049803745,0,0.00010026975,0
302,5.0333333,34.83227,103.889435,0.039084964,0,0.00010026975,0
303,5.05,37.322105,103.887344,0.03362245,0,0.00010026975,0
304,5.0666666,38.377098,103.88486,0.03300589,0,0.00010026975,0
305,5.0833335,37.799553,103.88188,0.036163095,0,0.00010026975,0
306,5.1,38.607906,103.87793,0.041011497,0,0.00010026975,0
307,5.116667,36.913464,103.87253,0.03909598,0,0.00010026975,0
308,5.133333,32.965046,103.868355,0.03701515,0,0.00010026975,0
309,5.15,34.80999,103.86459,0.03469845,0,0.00010026975,0
310,5.1666665,33.887085,103.861084,0.03309553,0,0.00010026975,0
311,5.1833334,34.1294,103.85331,0.029310398,0,0.00010026975,0
312,5.2,32.740475,103.84913,0.032761127,0,0.00010026975,0
313,5.2166667,32.719425,103.84738,0.04137116,0,0.00010026975,0
314,5.233333,35.86861,103.84571,0.051934715,0,0.00010026975,0
315,5.25,34.3424,103.84353,0.0625173,0,0.00010026975,0
316,5.266667,32.530434,103.8408,0.07212379,0,0.00010026975,0
317,5.2833333,33.499287,103.83786,0.080442786,0,0.00010026975,0
318,5.3,31.883833,103.83474,0.08676978,0,0.00010026975,0
319,5.3166666,32.072384,103.831635,0.09068517,0,0.00010026975,0
320,5.3333335,34.300144,103.82834,0.0913343,0,0.00010026975,0
321,5.35,33.810833,103.82544,0.089105204,0,0.00010026975,0
322,5.366667,33.040558,103.822586,0.08349333,0,0.00010026975,0
323,5.383333,33.564346,103.82005,0.07565707,0,0.00010026975,0
324,5.4,33.427826,103.81781,0.06611038,0,0.00010026975,0
325,5.4166665,33.08856,103.81579,0.0553926,0,0.00010026975,0
326,5.4333334,34.171295,103.81341,0.041715074,0,0.00010026975,0
327,5.45,34.595474,103.811646,0.03028736,0,0.00010026975,0
328,5.4666667,34.993298,103.81007,0.02053619,0,0.00010026975,0
329,5.483333,35.475178,103.80889,0.011686173,0,0.00010026975,0
330,5.5,33.07993,103.80782,0.005417121,0,0.00010026975,0
331,5.516667,32.848473,103.80696,0.0022181608,0,0.00010026975,0
332,5.5333333,33.582157,103.806046,0.0016830696,0,0.00010026975,0
333,5.55,36.33604,103.80506,0.0031100765,0,0.00010026975,0
334,5.5666666,35.312714,103.803894,0.006164215,0,0.00010026975,0
335,5.5833335,38.48448,103.80261,0.01071926,0,0.00010026975,0
336,5.6,34.399757,103.80109,0.016401356,0,0.00010026975,0
337,5.616667,33.168808,103.79958,0.02281079,0,0.00010026975,0
338,5.633333,37.040558,103.798355,0.029579908,0,0.00010026975,0
339,5.65,34.80926,103.79701,0.03619294,0,0.00010026975,0
340,5.6666665,37.788685,103.795586,0.04226986,0,0.00010026975,0
341,5.6833334,36.343456,103.7941,0.047496155,0,0.00010026975,0
342,5.7,49.474926,103.79259,0.051621463,0,0.00010026975,0
343,5.7166667,51.735615,103.79107,0.054422844,0,0.00010026975,0
344,5.733333,47.09126,103.7896,0.05572636,0,0.00010026975,0
345,5.75,40.956875,103.78816,0.055384323,0,0.00010026975,0
346,5.766667,35.874012,103.78674,0.05336167,0,0.00010026975,0
347,5.7833333,40.142723,103.785355,0.049757645,0,0.00010026975,0
348,5.8,34.91527,103.78401,0.044811726,0,0.00010026975,0
349,5.8166666,37.946476,103.78274,0.038837746,0,0.00010026975,0
350,5.8333335,34.558468,103.78155,0.03220924,0,0.00010026975,0
351,5.85,34.330902,103.78013,0.024863001,0,0.00010026975,0
352,5.866667,34.00214,103.77877,0.017882416,0,0.00010026975,0
353,5.883333,33.98341,103.77764,0.011855468,0,0.00010026975,0
354,5.9,34.228447,103.77678,0.0069480096,0,0.00010026975,0
355,5.9166665,34.09792,103.776245,0.003214011,0,0.00010026975,0
356,5.9333334,33.974293,103.77587,0.00090762624,0,0.00010026975,0
357,5.95,33.97547,103.77563,0.00016859335,0,0.00010026975,0
358,5.9666667,35.062946,103.77539,0.0008042726,0,0.00010026975,0
359,5.983333,44.41077,103.775085,0.002538241,0,0.00010026975,0
360,6,47.381123,103.77468,0.005229398,0,0.00010026975,0
361,6.016667,44.52817,103.77418,0.0087092705,0,0.00010026975,0
362,6.0333333,49.20541,103.77357,0.012763303,0,0.00010026975,0
363,6.05,39.149536,103.77285,0.017142756,0,0.00010026975,0
364,6.0666666,37.88175,103.77205,0.02157934,0,0.00010026975,0
365,6.0833335,37.398994,103.77116,0.025799248,0,0.00010026975,0
366,6.1,37.152332,103.770195,0.02954543,0,0.00010026975,0
367,6.116667,35.5223,103.76917,0.03258861,0,0.00010026975,0
368,6.133333,40.868668,103.768105,0.03474375,0,0.00010026975,0
369,6.15,35.19533,103.76701,0.035866838,0,0.00010026975,0
370,6.1666665,38.043747,103.7659,0.03589648,0,0.00010026975,0
371,6.1833334,37.769283,103.76467,0.034835473,0,0.00010026975,0
372,6.2,33.51532,103.76347,0.03274753,0,0.00010026975,0
373,6.2166667,35.07701,103.76233,0.029766843,0,0.00010026975,0
374,6.233333,34.39093,103.76124,0.026072213,0,0.00010026975,0
375,6.25,34.519238,103.760216,0.0218884,0,0.000100404315,0
376,6.266667,34.28799,103.759285,0.017470315,0,0.000100404315,0
377,6.2833333,34.80727,103.758446,0.013086457,0,0.000100404315,0
378,6.3,33.176735,103.75772,0.009002778,0,0.000100404315,0
379,6.3166666,36.733074,103.757095,0.005466732,0,0.000100404315,0
380,6.3333335,37.447727,103.75653,0.0025622272,0,0.000100404315,0
381,6.35,34.176334,103.756065,0.0007697072,0,0.000100404315,0
382,6.366667,35.28109,103.755806,2.314652e-05,0,0.000100404315,0
383,6.383333,36.06518,103.75567,0.00021011029,0,0.000100404315,0
384,6.4,32.699787,103.75546,0.0010497917,0,0.000100404315,0
385,6.4166665,33.790382,103.75517,0.002480115,0,0.000100404315,0
386,6.4333334,35.820415,103.75479,0.004412147,0,0.000100404315,0
387,6.45,33.136787,103.754326,0.0067258454,0,0.000100404315,0
388,6.4666667,37.309914,103.75379,0.009277741,0,0.000100404315,0
389,6.483333,32.174576,103.75318,0.011909579,0,0.000100404315,0
390,6.5,32.77606,103.75252,0.0144586,0,0.000100404315,0
391,6.516667,35.824528,103.7518,0.016767807,0,0.000100404315,0
392,6.5333333,32.72084,103.751045,0.018696807,0,0.000100404315,0
393,6.55,32.382145,103.75025,0.020134062,0,0.000100404315,0
394,6.5666666,33.906876,103.749435,0.02099555,0,0.000100404315,0
395,6.5833335,34.46137,103.7486,0.02123228,0,0.000100404315,0
396,6.6,37.525295,103.747665,0.020838281,0,0.000100404315,0
397,6.616667,36.507805,103.74673,0.01983442,0,0.000100404315,0
398,6.633333,36.18704,103.745804,0.018267728,0,0.000100404315,0
399,6.65,35.560528,103.744934,0.016240094,0,0.000100404315,0
400,6.6666665,35.624424,103.74411,0.013873803,0,0.000100404315,0
401,6.6833334,37.434692,103.74333,0.011309353,0,0.000100404315,0
402,6.7,36.77237,103.74261,0.00869154,0,0.000100404315,0
403,6.7166667,33.843136,103.74204,0.00619766,0,0.000100404315,0
404,6.733333,33.958443,103.7416,0.0039755036,0,0.000100404315,0
405,6.75,34.812065,103.741264,0.0021604053,0,0.000100404315,0
406,6.766667,33.271435,103.74103,0.00086052297,0,0.000100404315,0
407,6.7833333,34.494045,103.74089,0.00014407074,0,0.000100404315,0
408,6.8,34.767075,103.74082,2.2352668e-05,0,0.000100404315,0
409,6.8166666,34.61533,103.74073,0.00029997554,0,0.000100404315,0
410,6.8333335,37.639767,103.74057,0.00088900456,0,0.000100404315,0
411,6.85,34.026176,103.74035,0.0017515783,0,0.000100404315,0
412,6.866667,33.754856,103.740074,0.002833161,0,0.000100404315,0
413,6.883333,40.136356,103.739746,0.004065617,0,0.000100404315,0
414,6.9,36.10776,103.73936,0.0053714192,0,0.000100404315,0
415,6.9166665,34.59561,103.73894,0.0066685556,0,0.000100404315,0
416,6.9333334,34.096443,103.73847,0.007875626,0,0.000100404315,0
417,6.95,34.815563,103.737976,0.008916913,0,0.000100404315,0
418,6.9666667,33.718792,103.73746,0.009727311,0,0.000100404315,0
419,6.983333,34.18504,103.736916,0.010246845,0,0.000100404315,0
420,7,37.413532,103.73635,0.010460155,0,0.000100404315,0
421,7.016667,36.388977,103.73578,0.010358408,0,0.000100404315,0
422,7.0333333,37.68098,103.73521,0.009951335,0,0.000100404315,0
423,7.05,33.79923,103.73459,0.009263949,0,0.000100404315,0
424,7.0666666,33.29123,103.733925,0.008332075,0,0.000100404315,0
425,7.0833335,33.483932,103.7333,0.0072108395,0,0.000100404315,0
426,7.1,33.22882,103.7327,0.0059654173,0,0.000100404315,0
427,7.116667,33.77752,103.73215,0.004671512,0,0.000100404315,0
428,7.133333,32.82545,103.73165,0.0034085661,0,0.000100404315,0
429,7.15,33.621574,103.731224,0.0022567506,0,0.000100404315,0
430,7.1666665,33.93688,103.73086,0.0012900749,0,0.000100404315,0
431,7.1833334,33.062332,103.730576,0.00056972157,0,0.000100404315,0
432,7.2,33.218803,103.730354,0.00013526334,0,0.000100404315,0
433,7.2166667,33.986004,103.73021,1.8705416e-06,0,0.000100404315,0
434,7.233333,33.34946,103.73007,6.773669e-05,0,0.000100404315,0
435,7.25,33.18003,103.7299,0.00024311901,0,0.000100404315,0
436,7.266667,34.91057,103.72969,0.0005167175,0,0.000100404315,0
437,7.2833333,32.400517,103.72945,0.0008718055,0,0.000100404315,0
438,7.3,32.35155,103.729164,0.0012866479,0,0.000100404315,0
439,7.3166666,36.474606,103.72886,0.0017357969,0,0.000100404315,0
440,7.3333335,37.548042,103.72852,0.002191687,0,0.000100404315,0
441,7.35,35.925896,103.728165,0.0026266961,0,0.000100404315,0
442,7.366667,36.647255,103.727776,0.0030153368,0,0.000100404315,0
443,7.383333,35.740097,103.72738,0.0033323716,0,0.000100404315,0
444,7.4,32.19479,103.72697,0.0035585996,0,0.000100404315,0
445,7.4166665,36.142303,103.72655,0.0036802862,0,0.000100404315,0
446,7.4333334,35.423553,103.72612,0.0036900346,0,0.000100404315,0
447,7.45,36.943287,103.72569,0.0035871863,0,0.000100404315,0
448,7.4666667,33.078606,103.72527,0.003378431,0,0.000100404315,0
449,7.483333,36.69209,103.72486,0.0030765214,0,0.000100404315,0
450,7.5,33.906864,103.72446,0.0027001444,0,0.000100404315,0
451,7.516667,32.31035,103.724075,0.0022724771,0,0.000100404315,0
452,7.5333333,32.208374,103.72372,0.0018196693,0,0.000100404315,0
453,7.55,33.718494,103.72338,0.0013673301,0,0.000100404315,0
454,7.5666666,32.862587,103.72307,0.00094383105,0,0.000100404315,0
455,7.5833335,32.572918,103.722786,0.0005770769,0,0.000100404315,0
456,7.6,32.21251,103.722534,0.0002885905,0,0.000100404315,0
457,7.616667,32.862446,103.72233,9.500058e-05,0,0.000100404315,0
458,7.633333,33.243984,103.72215,6.3422076e-06,0,0.000100404315,0
459,7.65,34.03556,103.722015,2.6718396e-06,0,0.000100404315,0
460,7.6666665,35.58596,103.72187,1.6748349e-05,0,0.000100404315,0
461,7.6833334,36.682518,103.72171,4.2356827e-05,0,0.000100404315,0
462,7.7,34.41213,103.72153,7.772897e-05,0,0.000100404315,0
463,7.7166667,34.004696,103.721344,0.00012049957,0,0.000100404315,0
464,7.733333,33.783894,103.72116,0.0001678583,0,0.000100404315,0
465,7.75,34.628155,103.720955,0.0002167254,0,0.00010043432,0
466,7.766667,33.74996,103.72075,0.00026392232,0,0.00010043432,0
467,7.7833333,32.889343,103.720535,0.0003049195,0,0.00010043432,0
468,7.8,34.352116,103.72032,0.0003377955,0,0.00010043432,0
469,7.8166666,34.10557,103.72009,0.00036096745,0,0.00010043432,0
470,7.8333335,33.8917,103.719864,0.00037295235,0,0.00010043432,0
471,7.85,34.45099,103.719635,0.00037299673,0,0.00010043432,0
472,7.866667,33.12247,103.719406,0.00036109125,0,0.00010043432,0
473,7.883333,32.27379,103.71918,0.00033799914,0,0.00010043432,0
474,7.9,36.866047,103.71896,0.00030521615,0,0.00010043432,0
475,7.9166665,34.180096,103.71875,0.0002648439,0,0.00010043432,0
476,7.9333334,33.214184,103.718544,0.00021953478,0,0.00010043432,0
477,7.95,34.19182,103.71834,0.00017196703,0,0.00010043432,0
478,7.9666667,32.043484,103.71815,0.00012542591,0,0.00010043432,0
479,7.983333,32.405422,103.717964,8.2844774e-05,0,0.00010043432,0
480,8,37.231182,103.7178,4.7062218e-05,0,0.00010043432,0
481,8.016666,34.900944,103.717636,2.022452e-05,0,0.00010043432,0
482,8.033334,32.546787,103.71749,4.3351233e-06,0,0.00010043432,0
483,8.05,33.340343,103.71737,2.3370143e-07,0,0.00010043432,0
484,8.066667,34.027813,103.71725,2.8334338e-07,0,0.00010043432,0
485,8.083333,35.7843,103.717125,2.6576237e-07,0,0.00010043432,0
486,8.1,35.97258,103.717,2.5150797e-07,0,0.00010043432,0
487,8.116667,33.954006,103.71689,2.4733404e-07,0,0.00010043432,0
488,8.133333,32.61034,103.71677,2.60315e-07,0,0.00010043432,0
489,8.15,32.971367,103.716644,2.477297e-07,0,0.00010043432,0
490,8.166667,32.785286,103.71652,2.4402746e-07,0,0.00010043432,0
491,8.183333,33.477318,103.7164,2.4492456e-07,0,0.00010043432,0
492,8.2,33.63482,103.716286,2.4531914e-07,0,0.00010043432,0
493,8.216666,33.672134,103.71616,2.455661e-07,0,0.00010043432,0
494,8.233334,32.905045,103.71604,2.4548478e-07,0,0.00010043432,0
495,8.25,32.53138,103.71593,2.429876e-07,0,0.00010044046,0
496,8.266666,40.559345,103.715805,2.4412586e-07,0,0.00010044046,0
497,8.283334,59.28852,103.71568,2.4399685e-07,0,0.00010044046,0
498,8.3,48.793,103.71557,2.454646e-07,0,0.00010044046,0
499,8.316667,47.32086,103.71545,2.4439083e-07,0,0.00010044046,0
500,8.333333,35.278343,103.715324,2.4316276e-07,0,0.00010044046,0
501,8.35,39.759274,103.7152,2.4357888e-07,0,0.00010044046,0
502,8.366667,39.7353,103.71509,2.4581772e-07,0,0.00010044046,0
503,8.383333,40.6514,103.714966,2.4508267e-07,0,0.00010044046,0
504,8.4,38.52191,103.71484,2.442728e-07,0,0.00010044046,0
505,8.416667,38.342857,103.71473,2.443443e-07,0,0.00010044046,0
506,8.433333,35.090332,103.71461,2.450007e-07,0,0.00010044046,0
507,8.45,38.737545,103.714485,2.4455005e-07,0,0.00010044046,0
508,8.466666,39.768387,103.71437,2.4385037e-07,0,0.00010044046,0
509,8.483334,42.25693,103.71425,2.4461443e-07,0,0.00010044046,0
510,8.5,36.622684,103.71413,2.443873e-07,0,0.00010044046,0
511,8.516666,34.84299,103.71401,2.444952e-07,0,0.00010044046,0
512,8.533334,34.408157,103.71389,2.4546077e-07,0,0.00010044046,0
513,8.55,33.82461,103.71377,2.4549666e-07,0,0.00010044046,0
514,8.566667,33.907543,103.71365,2.4459388e-07,0,0.00010044046,0
515,8.583333,34.261734,103.71353,2.4559992e-07,0,0.00010044046,0
516,8.6,33.536415,103.71341,2.4560273e-07,0,0.00010044046,0
517,8.616667,35.884926,103.713295,2.4542203e-07,0,0.00010044046,0
518,8.633333,33.61014,103.71317,2.4687552e-07,0,0.00010044046,0
519,8.65,32.26078,103.71305,2.4816944e-07,0,0.00010044046,0
520,8.666667,33.253357,103.71294,2.4766163e-07,0,0.00010044046,0
521,8.683333,34.221657,103.712814,2.4865938e-07,0,0.00010044046,0
522,8.7,32.8461,103.7127,2.4968776e-07,0,0.00010044046,0
523,8.716666,33.281242,103.71258,2.4895914e-07,0,0.00010044046,0
524,8.733334,33.075317,103.712456,2.4903926e-07,0,0.00010044046,0
525,8.75,33.498547,103.71234,2.5031696e-07,0,0.00010045066,0
526,8.766666,32.640934,103.71222,2.5363232e-07,0,0.00010045066,0
527,8.783334,33.211365,103.712105,2.7857888e-07,0,0.00010045066,0
528,8.8,32.621162,103.71198,2.7198507e-07,0,0.00010045066,0
529,8.816667,32.47586,103.71187,2.8916222e-07,0,0.00010045066,0
530,8.833333,33.1974,103.71175,2.5601747e-07,0,0.00010045066,0
531,8.85,33.03183,103.71163,2.7474783e-07,0,0.00010045066,0
532,8.866667,34.742584,103.71151,2.6328973e-07,0,0.00010045066,0
533,8.883333,38.859642,103.711395,2.7874978e-07,0,0.00010045066,0
534,8.9,36.434685,103.71128,2.7154599e-07,0,0.00010045066,0
535,8.916667,35.013283,103.71116,2.721106e-07,0,0.00010045066,0
536,8.933333,37.334988,103.711044,2.6415026e-07,0,0.00010045066,0
537,8.95,36.258915,103.71093,2.5975243e-07,0,0.00010045066,0
538,8.966666,35.250717,103.71081,2.625696e-07,0,0.00010045066,0
539,8.983334,32.82302,103.71069,2.9711643e-07,0,0.00010045066,0
540,9,33.697994,103.71057,2.6103655e-07,0,0.00010052436,0
541,9.016666,35.828445,103.71046,2.651842e-07,0,0.00010052436,0
542,9.033334,33.19037,103.710335,2.8040458e-07,0,0.00010052436,0
543,9.05,33.729443,103.71022,2.6457016e-07,0,0.00010052436,0
544,9.066667,37.271194,103.7101,2.7054068e-07,0,0.00010052436,0
545,9.083333,40.089058,103.709984,2.6086752e-07,0,0.00010052436,0
546,9.1,37.959606,103.70987,2.6255148e-07,0,0.00010052436,0
547,9.116667,36.76221,103.709755,2.7521446e-07,0,0.00010052436,0
548,9.133333,37.215923,103.70963,3.2232452e-07,0,0.00010052436,0
549,9.15,36.75051,103.70952,2.6408452e-07,0,0.00010052436,0
550,9.166667,37.863922,103.709404,2.6230342e-07,0,0.00010052436,0
551,9.183333,35.122726,103.70928,3.691233e-07,0,0.00010052436,0
552,9.2,38.768044,103.70917,2.653225e-07,0,0.00010052436,0
553,9.216666,34.27564,103.70905,2.696526e-07,0,0.00010052436,0
554,9.233334,39.47973,103.70894,2.8798158e-07,0,0.00010052436,0
555,9.25,33.811783,103.70882,2.8247925e-07,0,0.00010052436,0
556,9.266666,33.938236,103.7087,2.6819572e-07,0,0.00010052436,0
557,9.283334,33.451694,103.70858,2.6812344e-07,0,0.00010052436,0
558,9.3,37.333553,103.708466,2.6999552e-07,0,0.00010052436,0
559,9.316667,35.469032,103.70835,2.6484187e-07,0,0.00010052436,0
560,9.333333,36.993202,103.70823,2.706647e-07,0,0.00010052436,0
561,9.35,36.86625,103.708115,2.6622064e-07,0,0.00010052436,0
562,9.366667,35.541508,103.708,2.903353e-07,0,0.00010052436,0
563,9.383333,35.095947,103.707886,2.734397e-07,0,0.00010052436,0
564,9.4,39.764843,103.70776,3.7428518e-07,0,0.00010052436,0
565,9.416667,46.379597,103.70765,2.782788e-07,0,0.00010052436,0
566,9.433333,46.84536,103.70753,2.6735862e-07,0,0.00010052436,0
567,9.45,36.588226,103.70741,2.6350483e-07,0,0.00010052436,0
568,9.466666,37.356777,103.7073,2.7353374e-07,0,0.00010052436,0
569,9.483334,35.01992,103.70718,2.8874294e-07,0,0.00010052436,0
570,9.5,36.15449,103.70706,2.696803e-07,0,0.00010052436,0
571,9.516666,34.56707,103.70695,2.617755e-07,0,0.00010052436,0
572,9.533334,35.33881,103.70683,2.787697e-07,0,0.00010052436,0
573,9.55,33.594753,103.70672,2.7337774e-07,0,0.00010052436,0
574,9.566667,35.618954,103.7066,2.8704278e-07,0,0.00010052436,0
575,9.583333,34.63928,103.70648,2.6512785e-07,0,0.00010052436,0
576,9.6,34.681858,103.70637,2.911329e-07,0,0.00010052436,0
577,9.616667,35.444317,103.706245,2.721811e-07,0,0.00010052436,0
578,9.633333,34.45204,103.70613,2.6884035e-07,0,0.00010052436,0
579,9.65,32.36246,103.70602,2.6475936e-07,0,0.00010052436,0
580,9.666667,34.150375,103.7059,2.741296e-07,0,0.00010052436,0
581,9.683333,37.069443,103.70578,2.815909e-07,0,0.00010052436,0
582,9.7,35.20814,103.705666,2.6489187e-07,0,0.00010052436,0
583,9.716666,36.55561,103.70555,2.653799e-07,0,0.00010052436,0
584,9.733334,36.12339,103.70543,2.6565934e-07,0,0.00010052436,0
585,9.75,38.212337,103.705315,2.808068e-07,0,0.00010052436,0
586,9.766666,34.924713,103.7052,2.6619355e-07,0,0.00010052436,0
587,9.783334,33.345486,103.705086,2.6119454e-07,0,0.00010052436,0
588,9.8,37.781246,103.70497,2.686325e-07,0,0.00010052436,0
589,9.816667,36.062366,103.70486,2.7556038e-07,0,0.00010052436,0
590,9.833333,36.59635,103.704735,2.6475198e-07,0,0.00010052436,0
591,9.85,36.105904,103.70462,2.683231e-07,0,0.00010052436,0
592,9.866667,35.87164,103.704506,3.591025e-07,0,0.00010052436,0
593,9.883333,37.068085,103.70439,2.6258843e-07,0,0.00010052436,0
594,9.9,32.644962,103.70428,2.69087e-07,0,0.00010052436,0
595,9.916667,32.62885,103.70416,2.7210626e-07,0,0.00010052436,0
596,9.933333,34.021423,103.70405,2.59685e-07,0,0.00010052436,0
597,9.95,35.61259,103.703926,2.748125e-07,0,0.00010052436,0
598,9.966666,35.40099,103.70381,2.6873374e-07,0,0.00010052436,0
599,9.983334,33.81018,103.7037,2.7047292e-07,0,0.00010052436,0
600,10,33.55101,103.70358,2.7274257e-07,0,0.00010052436,0
601,10.016666,33.17512,103.70346,3.6262043e-07,0,0.00010052436,0
602,10.033334,32.376255,103.70335,2.804451e-07,0,0.00010052436,0
603,10.05,32.29763,103.70323,2.7776267e-07,0,0.00010052436,0
604,10.066667,32.912548,103.70312,2.5897265e-07,0,0.00010052436,0
605,10.083333,44.471725,103.703,2.617085e-07,0,0.00010052436,0
606,10.1,46.346287,103.7029,9.082062e-08,0,0.00010052436,0
607,10.116667,46.862293,103.702835,8.9738926e-08,0,0.00010052436,0
608,10.133333,45.18129,103.70277,9.5556175e-08,0,0.00010052436,0
609,10.15,41.371796,103.70269,9.222635e-08,0,0.00010052436,0
610,10.166667,36.722607,103.70262,9.261332e-08,0,0.00010052436,0
611,10.183333,37.356457,103.70255,1.02515486e-07,0,0.00010052436,0
612,10.2,35.424534,103.702484,9.1741505e-08,0,0.00010052436,0
613,10.216666,35.5296,103.702415,8.813031e-08,0,0.00010052436,0
614,10.233334,36.282017,103.70235,9.13198e-08,0,0.00010052436,0
615,10.25,38.03309,103.70227,9.455868e-08,0,0.00010052436,0
616,10.266666,38.53881,103.70221,9.8460205e-08,0,0.00010052436,0
617,10.283334,38.138203,103.70213,9.0166765e-08,0,0.00010052436,0
618,10.3,36.91975,103.702065,9.5991645e-08,0,0.00010052436,0
619,10.316667,35.597584,103.701996,9.3116014e-08,0,0.00010052436,0
620,10.333333,37.58826,103.70193,9.428165e-08,0,0.00010052436,0
621,10.35,39.245888,103.70185,9.740307e-08,0,0.00010052436,0
622,10.366667,47.77723,103.70178,9.246832e-08,0,0.00010052436,0
623,10.383333,40.55196,103.70171,8.8849525e-08,0,0.00010052436,0
624,10.4,35.61057,103.701645,1.2835233e-07,0,0.00010052436,0
625,10.416667,36.796997,103.70158,9.720855e-08,0,0.00010052436,0
626,10.433333,42.02506,103.70151,9.868748e-08,0,0.00010052436,0
627,10.45,42.484287,103.70144,9.361254e-08,0,0.00010052436,0
628,10.466666,37.1594,103.70137,9.39335e-08,0,0.00010052436,0
629,10.483334,33.708176,103.701294,9.148408e-08,0,0.00010052436,0
630,10.5,37.17406,103.701225,9.127614e-08,0,0.00010052436,0
631,10.516666,37.689644,103.70116,9.471034e-08,0,0.00010052436,0
632,10.533334,34.070602,103.70109,9.349139e-08,0,0.00010052436,0
633,10.55,34.44253,103.70102,9.617355e-08,0,0.00010052436,0
634,10.566667,34.242516,103.70095,1.07326656e-07,0,0.00010052436,0
635,10.583333,34.180035,103.70088,9.5297004e-08,0,0.00010052436,0
636,10.6,34.310665,103.70081,9.4989474e-08,0,0.00010052436,0
637,10.616667,36.50865,103.700745,1.01301275e-07,0,0.00010052436,0
638,10.633333,36.06761,103.700676,1.07724624e-07,0,0.00010052436,0
639,10.65,35.266964,103.70061,9.517361e-08,0,0.00010052436,0
640,10.666667,35.252277,103.70054,9.404949e-08,0,0.00010052436,0
641,10.683333,34.81646,103.70046,1.0529397e-07,0,0.00010052436,0
642,10.7,33.33601,103.70039,9.977978e-08,0,0.00010052436,0
643,10.716666,33.360634,103.700325,9.3435574e-08,0,0.00010052436,0
644,10.733334,33.55451,103.70026,9.574427e-08,0,0.00010052436,0
645,10.75,50.496475,103.70019,1.0452212e-07,0,0.00010052436,0
646,10.766666,57.309658,103.70012,1.0123143e-07,0,0.00010052436,0
647,10.783334,43.340027,103.70005,9.2052396e-08,0,0.00010052436,0
648,10.8,48.092495,103.69998,1.00652066e-07,0,0.00010052436,0
649,10.816667,42.488346,103.69991,9.961149e-08,0,0.00010052436,0
650,10.833333,47.041313,103.69984,9.26612e-08,0,0.00010052436,0
651,10.85,40.158333,103.69977,9.591343e-08,0,0.00010052436,0
652,10.866667,41.60332,103.6997,1.1193378e-07,0,0.00010052436,0
653,10.883333,39.99723,103.69963,1.1307478e-07,0,0.00010052436,0
654,10.9,37.85877,103.69957,9.225841e-08,0,0.00010052436,0
655,10.916667,39.04699,103.69949,1.1328215e-07,0,0.00010052436,0
656,10.933333,40.434082,103.699425,9.306145e-08,0,0.00010052436,0
657,10.95,41.843338,103.699356,1.0753925e-07,0,0.00010052436,0
658,10.966666,40.05351,103.69929,9.536856e-08,0,0.00010052436,0
659,10.983334,38.93334,103.69922,1.0154926e-07,0,0.00010052436,0
660,11,41.731525,103.69915,1.1481254e-07,0,0.00010052436,0
661,11.016666,41.880344,103.69908,9.959581e-08,0,0.00010052436,0
662,11.033334,40.07666,103.69902,1.10271046e-07,0,0.00010052436,0
663,11.05,38.309467,103.698944,9.720065e-08,0,0.00010052436,0
664,11.066667,38.399994,103.698875,9.883238e-08,0,0.00010052436,0
665,11.083333,38.754494,103.69881,1.0745228e-07,0,0.00010052436,0
666,11.1,40.917233,103.69874,9.883964e-08,0,0.00010052436,0
667,11.116667,40.76825,103.69867,9.641015e-08,0,0.00010052436,0
668,11.133333,39.471703,103.6986,1.027419e-07,0,0.00010052436,0
669,11.15,39.80033,103.69853,1.041928e-07,0,0.00010052436,0
670,11.166667,42.74749,103.69846,1.298141e-07,0,0.00010052436,0
671,11.183333,39.338387,103.698395,1.0535923e-07,0,0.00010052436,0
672,11.2,42.226017,103.698326,1.0482647e-07,0,0.00010052436,0
673,11.216666,40.357998,103.69826,9.521877e-08,0,0.00010052436,0
674,11.233334,36.2992,103.69819,9.685243e-08,0,0.00010052436,0
675,11.25,37.30668,103.69812,1.2591555e-07,0,0.00010052436,0
676,11.266666,36.48122,103.69805,1.04453896e-07,0,0.00010052436,0
677,11.283334,36.972603,103.69798,1.09093335e-07,0,0.00010052436,0
678,11.3,44.94587,103.69792,1.0445138e-07,0,0.00010052436,0
679,11.316667,40.40998,103.69785,1.0196387e-07,0,0.00010052436,0
680,11.333333,38.57753,103.697784,1.113009e-07,0,0.00010052436,0
681,11.35,36.771122,103.697716,9.907259e-08,0,0.00010052436,0
682,11.366667,41.484837,103.69765,9.6931394e-08,0,0.00010052436,0
683,11.383333,39.965107,103.69758,1.3033775e-07,0,0.00010052436,0
684,11.4,38.02884,103.69751,1.01796644e-07,0,0.00010052436,0
685,11.416667,38.385223,103.69744,1.1456398e-07,0,0.00010052436,0
686,11.433333,35.14241,103.69737,9.825348e-08,0,0.00010052436,0
687,11.45,33.910088,103.6973,1.0121611e-07,0,0.00010052436,0
688,11.466666,34.704544,103.697235,9.77035e-08,0,0.00010052436,0
689,11.483334,34.23041,103.69717,1.06517234e-07,0,0.00010052436,0
690,11.5,33.016224,103.6971,1.04178426e-07,0,0.00010052436,0
691,11.516666,37.41961,103.69703,1.1270387e-07,0,0.00010052436,0
692,11.533334,33.477634,103.69696,1.0478388e-07,0,0.00010052436,0
693,11.55,33.50012,103.69689,1.0484521e-07,0,0.00010052436,0
694,11.566667,33.47016,103.69682,1.06803384e-07,0,0.00010052436,0
695,11.583333,34.05337,103.696754,9.8842314e-08,0,0.00010052436,0
696,11.6,33.131237,103.696686,9.946781e-08,0,0.00010052436,0
697,11.616667,33.60665,103.69662,1.1774517e-07,0,0.00010052436,0
698,11.633333,35.71354,103.696556,1.1091264e-07,0,0.00010052436,0
699,11.65,34.157646,103.69649,1.0714311e-07,0,0.00010052436,0
700,11.666667,35.41498,103.69642,8.15425e-08,0,0.00010052436,0
701,11.683333,33.64194,103.696365,5.5264266e-08,0,0.00010052436,0
702,11.7,34.041664,103.696304,8.758723e-08,0,0.00010052436,0
703,11.716666,34.70641,103.69625,2.7566117e-07,0,0.00010052436,0
704,11.733334,33.362885,103.6962,2.1941005e-07,0,0.00010052436,0
705,11.75,33.903152,103.69614,1.2456869e-07,0,0.00010052436,0
706,11.766666,33.480526,103.69608,1.0773246e-07,0,0.00010052436,0
707,11.783334,34.35406,103.69603,1.082604e-07,0,0.00010052436,0
708,11.8,36.886555,103.69597,1.1147283e-07,0,0.00010052436,0
709,11.816667,33.211147,103.695915,1.11433614e-07,0,0.00010052436,0
710,11.833333,33.563915,103.69586,1.03899566e-07,0,0.00010052436,0
711,11.85,35.157433,103.6958,1.09227294e-07,0,0.00010052436,0
712,11.866667,33.863693,103.69575,1.06834385e-07,0,0.00010052436,0
713,11.883333,33.35261,103.69569,1.0134809e-07,0,0.00010052436,0
714,11.9,34.258865,103.69563,1.015686e-07,0,0.00010052436,0
715,11.916667,35.342247,103.69558,1.0126847e-07,0,0.00010052436,0
716,11.933333,38.36374,103.69552,9.792348e-08,0,0.00010052436,0
717,11.95,40.731308,103.695465,9.607787e-08,0,0.00010052436,0
718,11.966666,35.875847,103.695404,9.518295e-08,0,0.00010052436,0
719,11.983334,34.038975,103.69535,1.07480254e-07,0,0.00010052436,0
720,12,33.420673,103.6953,1.2048595e-07,0,0.00010052436,0
