frame,time_s,step_ms,broken_pairs,grabbed,tip_x,tip_y,tip_z,sampled_peak_overlap_m
1,0.016666668,9.52009,0,0,0,0.22860363,0,0
2,0.033333335,10.024,0,0,0,0.22448318,0,0
3,0.05,12.080592,0,0,0,0.21763957,0,0
4,0.06666667,10.503587,0,0,0,0.20807366,0,0
5,0.083333336,12.037331,0,0,0.00032844252,0.20390813,-2.1880498e-05,0
6,0.1,11.848186,0,0,0.00084397657,0.20389828,-2.4986379e-05,0
7,0.11666667,12.637746,0,0,0.0012565929,0.20386745,3.489514e-05,0
8,0.13333334,11.607709,0,0,0.0015949894,0.20386751,6.581179e-05,0
9,0.15,14.646087,0,0,0.0018601487,0.20386781,8.348757e-05,0
10,0.16666667,11.850242,0,0,0.0020473963,0.2038663,9.5408104e-05,0
11,0.18333334,11.643044,0,0,0.0021887952,0.20386381,0.00010579276,0
12,0.2,11.634054,0,0,0.0023013412,0.20386083,0.00011571354,0
13,0.21666667,11.409515,0,0,0.0023926583,0.20385785,0.00012569189,0
14,0.23333333,11.470901,0,0,0.0024674262,0.20385487,0.0001357248,0
15,0.25,11.725631,0,0,0.0025250048,0.2038519,0.00014623179,0
16,0.26666668,12.108458,0,0,0.002564938,0.20384891,0.00015791514,3.1364423e-05
17,0.28333333,11.246851,0,0,0.002587004,0.20384593,0.0001718457,3.1364423e-05
18,0.3,11.948243,0,0,0.0025934654,0.20384245,0.00018837322,3.1364423e-05
19,0.31666666,11.708243,0,0,0.0025908872,0.20383887,0.00020627328,3.1364423e-05
20,0.33333334,11.360757,0,0,0.002583547,0.2038353,0.00022475235,3.1364423e-05
21,0.35,12.219894,0,0,0.0025737355,0.20383172,0.0002434218,3.1364423e-05
22,0.36666667,11.793425,0,0,0.0025626775,0.20382814,0.0002620911,3.1364423e-05
23,0.38333333,11.235507,0,0,0.0025510294,0.20382456,0.000280667,3.1364423e-05
24,0.4,11.777302,0,0,0.00253914,0.20382099,0.00029910394,3.1364423e-05
25,0.41666666,11.171935,0,0,0.0025271955,0.20381741,0.00031737992,3.1364423e-05
26,0.43333334,14.823766,0,0,0.0025152958,0.20381384,0.00033548495,3.1364423e-05
27,0.45,11.20103,0,0,0.002503492,0.20381026,0.0003534147,3.1364423e-05
28,0.46666667,12.745547,0,0,0.0024918108,0.20380668,0.00037116796,3.1364423e-05
29,0.48333332,14.441682,0,0,0.0024802666,0.2038031,0.00038874501,3.1364423e-05
30,0.5,11.383352,0,0,0.0024688654,0.20379953,0.00040614698,3.1364423e-05
31,0.51666665,11.682504,0,0,0.0024576103,0.20379595,0.0004233752,5.6707813e-05
32,0.53333336,12.744285,0,0,0.0024451148,0.20379238,0.0004395796,5.6707813e-05
33,0.55,12.48956,0,0,0.002431894,0.2037888,0.00045504002,5.6707813e-05
34,0.56666666,11.946819,0,0,0.0024181756,0.20378523,0.0004700049,5.6707813e-05
35,0.5833333,11.49112,0,0,0.0024046684,0.20378149,0.00048477805,5.6707813e-05
36,0.6,14.272279,0,0,0.0023914033,0.20377791,0.0004994523,5.6707813e-05
37,0.6166667,12.088527,0,0,0.002377762,0.20377411,0.00051378924,5.6707813e-05
38,0.6333333,11.591783,0,0,0.0023641295,0.20377053,0.0005279063,5.6707813e-05
39,0.65,11.30715,0,0,0.0023511394,0.20376696,0.0005420652,5.6707813e-05
40,0.6666667,11.945286,0,0,0.0023378634,0.20376317,0.0005559267,5.6707813e-05
41,0.68333334,11.436687,0,0,0.0023246384,0.2037596,0.0005695931,5.6707813e-05
42,0.7,11.253088,0,0,0.0023120241,0.20375581,0.0005832748,5.6707813e-05
43,0.71666664,11.545853,0,0,0.0022991586,0.20375223,0.000596675,5.6707813e-05
44,0.73333335,12.70723,0,0,0.002286851,0.20374866,0.0006100717,5.6707813e-05
45,0.75,12.491422,0,0,0.002274299,0.20374486,0.00062320166,5.6707813e-05
46,0.76666665,14.568165,0,0,0.0022623742,0.2037413,0.0006363774,9.2057446e-05
47,0.78333336,15.075576,0,0,0.00225018,0.2037375,0.0006492693,9.2057446e-05
48,0.8,12.668093,0,0,0.0022384052,0.20373392,0.0006621185,9.2057446e-05
49,0.81666666,12.922696,0,0,0.0022265513,0.20373034,0.0006747453,9.2057446e-05
50,0.8333333,13.923145,0,0,0.002215225,0.20372657,0.0006873785,9.2057446e-05
51,0.85,16.519033,0,0,0.0022035483,0.20372298,0.00069970655,9.2057446e-05
52,0.8666667,15.491785,0,0,0.0021924411,0.2037194,0.0007120617,9.2057446e-05
53,0.8833333,13.432911,0,0,0.0021810231,0.20371562,0.0007241282,9.2057446e-05
54,0.9,13.057606,0,0,0.0021700005,0.20371205,0.0007361736,9.2057446e-05
55,0.9166667,13.402114,0,0,0.0021589808,0.20370847,0.00074803137,9.2057446e-05
56,0.93333334,14.161927,0,0,0.00214827,0.20370474,0.0007598206,9.2057446e-05
57,0.95,13.775983,0,0,0.00213743,0.20370117,0.0007714081,9.2057446e-05
58,0.96666664,14.294563,0,0,0.0021272653,0.2036976,0.00078310224,9.2057446e-05
59,0.98333335,13.10777,0,0,0.0021166867,0.20369382,0.00079445814,9.2057446e-05
60,1,13.178501,0,0,0.0021062302,0.20369025,0.0008057038,9.2057446e-05
61,1.0166667,14.591273,0,1,0.002097465,0.20368667,0.0008154892,0.0001000822
62,1.0333333,13.919398,0,1,0.0029842742,0.20369938,0.001100364,0.0001000822
63,1.05,12.494188,0,1,0.0054660523,0.20376906,0.0021152669,0.0001000822
64,1.0666667,12.249383,0,1,0.009524115,0.20397486,0.0041767024,0.0001000822
65,1.0833334,13.345033,0,1,0.015057344,0.20444164,0.007433159,0.0001000822
66,1.1,12.778452,0,1,0.021772595,0.205308,0.011934589,0.0001000822
67,1.1166667,12.818366,0,1,0.029549245,0.20671311,0.01754328,0.0001000822
68,1.1333333,12.916511,0,1,0.038297046,0.20878732,0.023966882,0.0001000822
69,1.15,12.403695,0,1,0.047777686,0.21165545,0.0308369,0.0001000822
70,1.1666666,12.154747,0,1,0.057797614,0.21500324,0.03781971,0.0001000822
71,1.1833333,12.533025,0,1,0.06840629,0.21841048,0.04465498,0.0001000822
72,1.2,12.29622,0,1,0.07960462,0.22202432,0.050453063,0.0001000822
73,1.2166667,14.740092,0,1,0.09110984,0.22591285,0.055577885,0.0001000822
74,1.2333333,14.066613,0,1,0.10263089,0.23004326,0.060270727,0.0001000822
75,1.25,12.356189,0,1,0.11403825,0.23420213,0.064768225,0.0001000822
76,1.2666667,12.708772,0,1,0.12509327,0.23821212,0.06927033,0.00010124064
77,1.2833333,12.489382,0,1,0.13500687,0.24299206,0.07359982,0.00010124064
78,1.3,12.289382,0,1,0.14382562,0.24811243,0.077746235,0.00010124064
79,1.3166667,12.450284,0,1,0.15163693,0.2535398,0.08174296,0.00010124064
80,1.3333334,12.304001,0,1,0.1587741,0.2591397,0.085700385,0.00010124064
81,1.35,12.982473,0,1,0.16549988,0.2649037,0.08971107,0.00010124064
82,1.3666667,13.066873,0,1,0.17107676,0.2710723,0.09347445,0.00010124064
83,1.3833333,12.980237,0,1,0.1758282,0.2776098,0.097489946,0.00010124064
84,1.4,12.944019,0,1,0.1798007,0.28479233,0.10185021,0.00010124064
85,1.4166666,12.496361,0,1,0.18283722,0.29283246,0.10660271,0.00010124064
86,1.4333333,12.829998,0,1,0.18452631,0.30180982,0.11160514,0.00010124064
87,1.45,12.958548,0,1,0.18454818,0.31158653,0.116667,0.00010124064
88,1.4666667,13.409896,0,1,0.18302156,0.32198602,0.121620946,0.00010124064
89,1.4833333,15.295254,0,1,0.179849,0.33274147,0.12631315,0.00010124064
90,1.5,14.794948,0,1,0.17491005,0.3435346,0.13063535,0.00010124064
91,1.5166667,13.989697,0,1,0.16813357,0.35381538,0.1345317,0.00010124064
92,1.5333333,14.291225,0,1,0.159591,0.363006,0.1383613,0.00010124064
93,1.55,14.50774,0,1,0.14983857,0.37092313,0.14214407,0.00010124064
94,1.5666667,13.650865,0,1,0.13933687,0.37764677,0.1455497,0.00010124064
95,1.5833334,16.655107,0,1,0.12737028,0.383889,0.14905156,0.00010124064
96,1.6,17.757296,0,1,0.11383288,0.38955274,0.15258446,0.00010124064
97,1.6166667,17.768267,0,1,0.09916403,0.39412686,0.15561259,0.00010124064
98,1.6333333,14.671024,0,1,0.08340203,0.3974651,0.15811022,0.00010124064
99,1.65,17.858723,0,1,0.06656696,0.39934322,0.16000685,0.00010124064
100,1.6666666,14.816055,0,1,0.049398847,0.39968997,0.16112927,0.00010124064
101,1.6833333,18.277237,0,1,0.032244835,0.39844027,0.16144323,0.00010124064
102,1.7,15.276288,0,1,0.01500516,0.39507046,0.16122544,0.00010124064
103,1.7166667,19.052135,0,1,-0.0018841254,0.38998652,0.16060697,0.00010124064
104,1.7333333,13.746667,0,1,-0.01878556,0.38357323,0.15955578,0.00010124064
105,1.75,17.12257,0,1,-0.035785284,0.37586144,0.15796432,0.00010124064
106,1.7666667,13.708892,0,1,-0.052713715,0.36716428,0.15537757,0.00010124064
107,1.7833333,14.024423,0,1,-0.069044225,0.35774913,0.15176421,0.00010124064
108,1.8,14.125017,0,1,-0.08493285,0.34759456,0.1469404,0.00010124064
109,1.8166667,12.976248,0,1,-0.10023616,0.33714572,0.14070699,0.00010124064
110,1.8333334,13.276114,0,1,-0.11499674,0.32671732,0.13320741,0.00010124064
111,1.85,13.004287,0,1,-0.12886998,0.31674454,0.12452035,0.00010124064
112,1.8666667,13.364821,0,1,-0.1418087,0.3074791,0.11497884,0.00010124064
113,1.8833333,13.62301,0,1,-0.15387112,0.29911333,0.104953125,0.00010124064
114,1.9,13.802367,0,1,-0.16459835,0.2929242,0.09407127,0.00010124064
115,1.9166666,13.770975,0,1,-0.17327222,0.28731915,0.08348429,0.00010124064
116,1.9333333,17.819399,0,1,-0.18015055,0.2817182,0.074277006,0.00010124064
117,1.95,14.748264,0,1,-0.18461816,0.27724975,0.0662746,0.00010124064
118,1.9666667,14.229784,0,1,-0.18681128,0.273171,0.05966959,0.00010124064
119,1.9833333,13.881492,0,1,-0.1869188,0.2692726,0.05431152,0.00010124064
120,2,13.613207,0,1,-0.18497354,0.26523852,0.049963813,0.00010124064
121,2.0166667,14.080471,0,1,-0.18093485,0.26117608,0.046329882,0.00010124064
122,2.0333333,13.989223,0,1,-0.17472309,0.25739095,0.042986248,0.00010124064
123,2.05,14.122325,0,1,-0.16651815,0.25406256,0.039379474,0.00010124064
124,2.0666666,13.319887,0,1,-0.15709119,0.25104827,0.035492472,0.00010124064
125,2.0833333,17.392147,0,1,-0.14650424,0.24764618,0.031754717,0.00010124064
126,2.1,19.501846,0,1,-0.1347514,0.24370569,0.028493302,0.00010124064
127,2.1166666,19.38353,0,1,-0.122254506,0.23938486,0.025450999,0.00010124064
128,2.1333334,19.773602,0,1,-0.10909462,0.23481154,0.022603495,0.00010124064
129,2.15,18.600677,0,1,-0.09530114,0.23019513,0.020050833,0.00010124064
130,2.1666667,22.795582,0,1,-0.081030175,0.22555384,0.017655905,0.00010124064
131,2.1833334,14.253444,0,1,-0.066319525,0.22119004,0.015207772,0.00010124064
132,2.2,21.898718,0,1,-0.051112283,0.21737845,0.012592596,0.00010124064
133,2.2166667,16.059391,0,1,-0.03543557,0.21438067,0.0097089615,0.00010124064
134,2.2333333,15.20485,0,1,-0.019180436,0.21252814,0.0065506925,0.00010124064
135,2.25,14.542163,0,1,-0.002497356,0.21168438,0.0032483975,0.00010124064
136,2.2666667,13.993734,0,1,0.0144032035,0.2117482,-6.989774e-05,0.00010124064
137,2.2833333,13.889321,0,1,0.031366687,0.21269797,-0.003318466,0.00010124064
138,2.3,17.450815,0,1,0.048105873,0.2143052,-0.006469293,0.00010124064
139,2.3166666,13.398707,0,1,0.064426504,0.2163167,-0.009806986,0.00010124064
140,2.3333333,16.407265,0,1,0.08028357,0.21836615,-0.013455392,0.00010124064
141,2.35,14.684968,0,1,0.095694594,0.22052658,-0.017243283,0.00010124064
142,2.3666666,15.211103,0,1,0.11056261,0.22358036,-0.020436985,0.00010124064
143,2.3833334,14.019915,0,1,0.12471973,0.2274589,-0.023171118,0.00010124064
144,2.4,13.598667,0,1,0.13807827,0.23173286,-0.025940344,0.00010124064
145,2.4166667,15.876162,0,1,0.15047267,0.2363491,-0.028749894,0.00010124064
146,2.4333334,13.317349,0,1,0.16183276,0.24117613,-0.031524878,0.00010124064
147,2.45,13.590633,0,1,0.17218646,0.24588653,-0.034172993,0.00010124064
148,2.4666667,14.847398,0,1,0.18149012,0.25031224,-0.036447484,0.00010124064
149,2.4833333,12.102716,0,1,0.18948309,0.25462145,-0.038036246,0.00010124064
150,2.5,12.722015,0,1,0.19626328,0.25857726,-0.038765922,0.00010124064
151,2.5166667,12.58672,0,1,0.1729265,0.2761262,-0.033685606,0.00010124064
152,2.5333333,13.595323,0,1,0.12639835,0.29981232,-0.01544128,0.00010124064
153,2.55,13.683485,0,1,0.0599607,0.3184694,0.0014945999,0.00010124064
154,2.5666666,14.868356,0,1,-0.0015092208,0.33858496,0.006070207,0.00010124064
155,2.5833333,15.461724,0,1,-0.051799197,0.3578739,0.008028333,0.00010124064
156,2.6,14.933713,0,1,-0.091095515,0.37418565,0.010741894,0.00010124064
157,2.6166666,15.843767,0,1,-0.12463044,0.38710302,0.015245542,0.00010124064
158,2.6333334,14.235572,0,1,-0.1538881,0.39772463,0.020896446,0.00010124064
159,2.65,14.638025,0,1,-0.1802937,0.40627697,0.026564257,0.00010124064
160,2.6666667,18.093916,0,1,-0.2059989,0.41204268,0.029397808,0.00010124064
161,2.6833334,15.813245,0,1,-0.2296018,0.41543365,0.029414626,0.00010124064
162,2.7,19.093716,0,1,-0.2488589,0.4140575,0.026054744,0.00010124064
163,2.7166667,17.40094,0,1,-0.26374996,0.40811488,0.019974705,0.00010124064
164,2.7333333,16.663448,0,1,-0.2725844,0.40411067,0.013296668,0.00010124064
165,2.75,16.14271,0,1,-0.2758243,0.40049836,0.008335996,0.00010124064
166,2.7666667,16.90984,0,1,-0.27528548,0.3959374,0.0052460292,0.00010169686
167,2.7833333,16.781391,0,1,-0.271065,0.39415887,0.0056458362,0.00010169686
168,2.8,17.190275,0,1,-0.2654855,0.39263391,0.008576939,0.00010169686
169,2.8166666,18.389292,0,1,-0.25991425,0.3898373,0.012293172,0.00010169686
170,2.8333333,18.611223,0,1,-0.25472406,0.38706186,0.016240247,0.00010169686
171,2.85,18.63222,0,1,-0.24995354,0.38413686,0.020035433,0.00010169686
172,2.8666666,20.427164,0,1,-0.24472927,0.38177812,0.023151368,0.00010169686
173,2.8833334,17.672987,0,1,-0.23984905,0.37933588,0.025993045,0.00010169686
174,2.9,16.555323,0,1,-0.23519762,0.37644827,0.028426051,0.00010169686
175,2.9166667,16.334541,0,1,-0.23062804,0.37326866,0.029956477,0.00010169686
176,2.9333334,16.508215,0,1,-0.22612017,0.36977136,0.030912843,0.00010169686
177,2.95,16.39375,0,1,-0.22144167,0.36560762,0.03087284,0.00010169686
178,2.9666667,18.344872,0,1,-0.21699962,0.36136365,0.029901376,0.00010169686
179,2.9833333,18.413137,0,1,-0.21267956,0.3569292,0.028522862,0.00010169686
180,3,16.950632,0,1,-0.20793082,0.35258964,0.025985016,0.00010169686
181,3.0166667,17.000767,0,1,-0.19898285,0.3471653,0.023782045,0.00010169686
182,3.0333333,16.535912,0,1,-0.18774645,0.3407086,0.020933341,0.00010169686
183,3.05,17.625134,0,1,-0.1764127,0.33425173,0.01833572,0.00010169686
184,3.0666666,18.471924,0,1,-0.16514628,0.32741767,0.016839413,0.00010169686
185,3.0833333,18.843452,0,1,-0.15437351,0.31867638,0.01725686,0.00010169686
186,3.1,18.153296,0,1,-0.14538911,0.30734605,0.019175857,0.00010169686
187,3.1166666,17.17168,0,1,-0.13713245,0.29496482,0.02099533,0.00010169686
188,3.1333334,15.738591,0,1,-0.12725665,0.2844104,0.021217234,0.00010169686
189,3.15,14.257698,0,1,-0.11630182,0.27493852,0.01864261,0.00010169686
190,3.1666667,15.581119,0,1,-0.106865264,0.26625445,0.013961701,0.00010169686
191,3.1833334,15.887463,0,1,-0.10008188,0.2580709,0.008382368,0.00010169686
192,3.2,15.690192,0,1,-0.09515435,0.24925339,0.0053084297,0.00010169686
193,3.2166667,15.366947,0,1,-0.0908562,0.24262376,0.0037822407,0.00010169686
194,3.2333333,14.981648,0,1,-0.08607682,0.23717071,0.0037072685,0.00010169686
195,3.25,14.416136,0,1,-0.08052952,0.231559,0.004552835,0.00010169686
196,3.2666667,15.691473,0,1,-0.07415951,0.22585157,0.006076891,0.00010169686
197,3.2833333,14.121611,0,1,-0.06677907,0.22041126,0.008154491,0.00010169686
198,3.3,14.024397,0,1,-0.057714175,0.21674615,0.010562766,0.00010169686
199,3.3166666,14.078118,0,1,-0.047686186,0.21446401,0.013217109,0.00010169686
200,3.3333333,14.469556,0,1,-0.036685374,0.21336208,0.016319847,0.00010169686
201,3.35,14.193058,0,1,-0.02458653,0.21405457,0.019712828,0.00010169686
202,3.3666666,13.965524,0,1,-0.011521832,0.21734792,0.022934584,0.00010169686
203,3.3833334,14.80252,0,1,0.0022628782,0.22217777,0.025978299,0.00010169686
204,3.4,14.838753,0,1,0.016282402,0.22782138,0.028848317,0.00010169686
205,3.4166667,14.267328,0,1,0.029718699,0.23339945,0.03135402,0.00010169686
206,3.4333334,14.982378,0,1,0.042201877,0.23837247,0.03359174,0.00010169686
207,3.45,15.055748,0,1,0.053603996,0.2426389,0.035622176,0.00010169686
208,3.4666667,14.675812,0,1,0.064005174,0.24647363,0.03735702,0.00010169686
209,3.4833333,14.51574,0,1,0.07397532,0.2499359,0.03863248,0.00010169686
210,3.5,17.548002,0,1,0.08376245,0.2531484,0.039671917,0.00010169686
211,3.5166667,15.46923,0,1,0.093655534,0.25627813,0.040950816,0.00010169686
212,3.5333333,16.52828,0,1,0.103900075,0.25952783,0.0425543,0.00010169686
213,3.55,16.40066,0,1,0.11452646,0.2630857,0.044645786,0.00010169686
214,3.5666666,15.096972,0,1,0.12518872,0.26700848,0.04705402,0.00010169686
215,3.5833333,14.858574,0,1,0.13568737,0.271175,0.04951351,0.00010169686
216,3.6,17.272715,0,1,0.14592008,0.27547744,0.051843673,0.00010169686
217,3.6166666,15.90289,0,1,0.15569054,0.2797899,0.053804766,0.00010169686
218,3.6333334,14.974893,0,1,0.16471842,0.28404367,0.05519553,0.00010169686
219,3.65,14.749809,0,1,0.17267269,0.2882647,0.055778597,0.00010169686
220,3.6666667,14.488428,0,1,0.179601,0.29195714,0.055752773,0.00010169686
221,3.6833334,14.733748,0,1,0.18537709,0.29503128,0.055180248,0.00010169686
222,3.7,15.572007,0,1,0.19000143,0.29711005,0.054292403,0.00010169686
223,3.7166667,15.381611,0,1,0.19348931,0.2979512,0.053837493,0.00010169686
224,3.7333333,15.805876,0,1,0.19577512,0.2985689,0.05465853,0.00010169686
225,3.75,15.261298,0,1,0.19695422,0.2990168,0.056834843,0.00010169686
226,3.7666667,15.341183,0,1,0.1969105,0.29966235,0.060569424,0.00010169686
227,3.7833333,15.488939,0,1,0.1955088,0.30056214,0.065782055,0.00010169686
228,3.8,14.623997,0,1,0.19354437,0.30153555,0.07260427,0.00010169686
229,3.8166666,15.839956,0,1,0.1899394,0.3035641,0.08095928,0.00010169686
230,3.8333333,15.013138,0,1,0.18485649,0.306692,0.09053241,0.00010169686
231,3.85,15.779459,0,1,0.17822053,0.3112253,0.10058927,0.00010169686
232,3.8666666,15.304852,0,1,0.16998397,0.31709704,0.11027847,0.00010169686
233,3.8833334,14.775869,0,1,0.1604456,0.32394618,0.11934745,0.00010169686
234,3.9,15.477577,0,1,0.14986452,0.33140093,0.12768935,0.00010169686
235,3.9166667,15.653033,0,1,0.13848634,0.3391365,0.13525435,0.00010169686
236,3.9333334,15.110762,0,1,0.12659843,0.3469344,0.14216669,0.00010169686
237,3.95,15.014262,0,1,0.114191644,0.35448202,0.148079,0.00010169686
238,3.9666667,14.113601,0,1,0.10131284,0.36147422,0.15300427,0.00010169686
239,3.9833333,14.629059,0,1,0.08789969,0.36735708,0.15673877,0.00010169686
240,4,14.618502,0,1,0.074074306,0.3718709,0.15966636,0.00010169686
241,4.016667,14.17686,0,0,0.060410768,0.37390348,0.16195714,0.00010169686
242,4.0333333,13.916503,0,0,0.04686569,0.37285137,0.1639398,0.00010169686
243,4.05,16.096003,0,0,0.03355297,0.36894462,0.1654218,0.00010169686
244,4.0666666,15.284648,0,0,0.020386806,0.36217466,0.16632228,0.00010169686
245,4.0833335,13.89782,0,0,0.007493085,0.35273117,0.1668425,0.00010169686
246,4.1,16.22513,0,0,-0.0051225917,0.34058592,0.16699393,0.00010169686
247,4.116667,14.502651,0,0,-0.017492324,0.3258704,0.16671929,0.00010169686
248,4.133333,17.794762,0,0,-0.029662691,0.3086211,0.16595478,0.00010169686
249,4.15,13.987311,0,0,-0.041517988,0.28879485,0.16452864,0.00010169686
250,4.1666665,13.835874,0,0,-0.05243112,0.2678923,0.15882793,0.00010169686
251,4.1833334,13.633704,0,0,-0.063205995,0.25121427,0.14780617,0.00010169686
252,4.2,13.454285,0,0,-0.073260576,0.24063493,0.13137382,0.00010169686
253,4.2166667,13.940661,0,0,-0.082384706,0.23426536,0.112120606,0.00010169686
254,4.233333,14.051923,0,0,-0.09054157,0.23148346,0.0914288,0.00010169686
255,4.25,14.649319,0,0,-0.098472215,0.23100999,0.07078399,0.00010169686
256,4.266667,14.323448,0,0,-0.10545841,0.2326717,0.051660262,0.00010169686
257,4.2833333,15.09899,0,0,-0.11176978,0.23483834,0.03382756,0.00010169686
258,4.3,14.891398,0,0,-0.11738744,0.23724018,0.01735375,0.00010169686
259,4.3166666,14.512122,0,0,-0.12228985,0.2396822,0.002086684,0.00010169686
260,4.3333335,13.805595,0,0,-0.12676781,0.240905,-0.01233293,0.00010169686
261,4.35,14.081286,0,0,-0.13072585,0.24110626,-0.025727108,0.00010169686
262,4.366667,14.06073,0,0,-0.13377546,0.24121119,-0.037633214,0.00010169686
263,4.383333,17.200726,0,0,-0.13613993,0.24051659,-0.048463654,0.00010169686
264,4.4,14.814135,0,0,-0.1376628,0.23924573,-0.0581278,0.00010169686
265,4.4166665,14.846176,0,0,-0.13816518,0.23757106,-0.06663696,0.00010169686
266,4.4333334,14.375831,0,0,-0.13747966,0.23580278,-0.07396631,0.00010169686
267,4.45,13.984129,0,0,-0.13544893,0.23423567,-0.080201864,0.00010169686
268,4.4666667,16.74845,0,0,-0.13193752,0.2331826,-0.08557869,0.00010169686
269,4.483333,15.896936,0,0,-0.12677002,0.23284037,-0.09032808,0.00010169686
270,4.5,17.167597,0,0,-0.12013379,0.23282866,-0.09473785,0.00010169686
271,4.516667,14.746862,0,0,-0.11200468,0.23341893,-0.09900292,0.00010173508
272,4.5333333,16.839045,0,0,-0.10262453,0.23424219,-0.1033987,0.00010173508
273,4.55,15.268187,0,0,-0.092393585,0.23455182,-0.10800757,0.00010173508
274,4.5666666,14.907891,0,0,-0.08141795,0.2342371,-0.11283232,0.00010173508
275,4.5833335,17.104197,0,0,-0.06974039,0.23342267,-0.11783519,0.00010173508
276,4.6,15.283675,0,0,-0.057487745,0.23209098,-0.12295993,0.00010173508
277,4.616667,16.161959,0,0,-0.044770267,0.23050746,-0.1281703,0.00010173508
278,4.633333,13.703863,0,0,-0.031655125,0.22920215,-0.13326971,0.00010173508
279,4.65,14.053476,0,0,-0.018212741,0.22809857,-0.13802727,0.00010173508
280,4.6666665,14.171179,0,0,-0.004537207,0.22769558,-0.14219126,0.00010173508
281,4.6833334,13.833684,0,0,0.009094315,0.22842956,-0.14534834,0.00010173508
282,4.7,14.635571,0,0,0.022413712,0.23008199,-0.1472735,0.00010173508
283,4.7166667,14.1544,0,0,0.035185844,0.23262562,-0.14767389,0.00010173508
284,4.733333,14.934111,0,0,0.0471585,0.2359425,-0.14617376,0.00010173508
285,4.75,14.324964,0,0,0.05826836,0.2392027,-0.14288136,0.00010173508
286,4.766667,14.397379,0,0,0.068503484,0.24222837,-0.13769199,0.00010173508
287,4.7833333,13.926545,0,0,0.077909134,0.24432878,-0.1308814,0.00010173508
288,4.8,13.353378,0,0,0.08656881,0.24539107,-0.1225999,0.00010173508
289,4.8166666,14.291531,0,0,0.09443615,0.24536234,-0.11290632,0.00010173508
290,4.8333335,14.049956,0,0,0.10141166,0.24435772,-0.101861246,0.00010173508
291,4.85,14.291314,0,0,0.10745883,0.24222663,-0.089623794,0.00010173508
292,4.866667,14.172181,0,0,0.11261728,0.23923203,-0.07617745,0.00010173508
293,4.883333,14.196169,0,0,0.11677033,0.23546332,-0.06163876,0.00010173508
294,4.9,14.14336,0,0,0.11987447,0.2313142,-0.046082754,0.00010173508
295,4.9166665,14.321212,0,0,0.12176975,0.22758704,-0.029595084,0.00010173508
296,4.9333334,14.344702,0,0,0.12221812,0.2245753,-0.012486585,0.00010173508
297,4.95,14.960148,0,0,0.121233866,0.22233267,0.0049670776,0.00010173508
298,4.9666667,14.718048,0,0,0.11867207,0.22124203,0.022438979,0.00010173508
299,4.983333,14.29343,0,0,0.11468199,0.22131222,0.039587043,0.00010173508
300,5,15.086941,0,0,0.109506145,0.2225268,0.05597514,0.00010173508
301,5.016667,14.675834,0,0,0.10336734,0.22462209,0.07128598,0.00010173508
302,5.0333333,14.98868,0,0,0.09647505,0.22714204,0.08537737,0.00010173508
303,5.05,15.068498,0,0,0.08900134,0.22977883,0.09816737,0.00010173508
304,5.0666666,15.181346,0,0,0.08107736,0.23227401,0.10947559,0.00010173508
305,5.0833335,14.713014,0,0,0.07279219,0.234195,0.11937635,0.00010173508
306,5.1,14.913889,0,0,0.06425179,0.23543452,0.12787074,0.00010173508
307,5.116667,13.721628,0,0,0.05552058,0.23602387,0.13495861,0.00010173508
308,5.133333,14.009293,0,0,0.046675783,0.23601142,0.1407248,0.00010173508
309,5.15,14.382554,0,0,0.037747975,0.23541729,0.14515765,0.00010173508
310,5.1666665,13.804989,0,0,0.028785044,0.23434964,0.14822315,0.00010173508
311,5.1833334,15.235149,0,0,0.019833516,0.23286644,0.14993757,0.00010173508
312,5.2,14.353689,0,0,0.010926983,0.23108315,0.15031055,0.00010173508
313,5.2166667,14.966871,0,0,0.0021130114,0.22922446,0.14934035,0.00010173508
314,5.233333,13.756401,0,0,-0.0065011485,0.22744334,0.14705795,0.00010173508
315,5.25,14.556486,0,0,-0.0150077,0.22590163,0.14358328,0.00010173508
316,5.266667,15.879952,0,0,-0.023434844,0.22455013,0.13911277,0.00010173508
317,5.2833333,18.228727,0,0,-0.031764038,0.2234162,0.13376829,0.00010173508
318,5.3,14.177288,0,0,-0.03996744,0.22254527,0.12767848,0.00010173508
319,5.3166666,18.699799,0,0,-0.04796107,0.22185938,0.12103268,0.00010173508
320,5.3333335,15.503555,0,0,-0.055714346,0.22119772,0.113960735,0.00010173508
321,5.35,14.710226,0,0,-0.06319823,0.22049049,0.10653625,0.00010173508
322,5.366667,14.652689,0,0,-0.07037136,0.2197016,0.09875484,0.00010173508
323,5.383333,16.262987,0,0,-0.07720721,0.21885017,0.09058628,0.00010173508
324,5.4,15.623197,0,0,-0.083685376,0.21805377,0.08201394,0.00010173508
325,5.4166665,14.590408,0,0,-0.08974651,0.21733005,0.07305435,0.00010173508
326,5.4333334,14.760538,0,0,-0.09530975,0.21675353,0.06370901,0.00010173508
327,5.45,14.066464,0,0,-0.10029375,0.21637236,0.053979218,0.00010173508
328,5.4666667,14.294074,0,0,-0.10460398,0.21621522,0.043850474,0.00010173508
329,5.483333,14.513612,0,0,-0.10808622,0.21627916,0.03325801,0.00010173508
330,5.5,17.651691,0,0,-0.11069087,0.21643813,0.02221363,0.00010173508
331,5.516667,14.491638,0,0,-0.1123793,0.21667965,0.010749917,0.00010173508
332,5.5333333,14.214866,0,0,-0.11312511,0.21701589,-0.0010851567,0.00010173508
333,5.55,14.161166,0,0,-0.1129429,0.21744333,-0.0132098645,0.00010173508
334,5.5666666,13.706164,0,0,-0.1117951,0.2179661,-0.025492705,0.00010173508
335,5.5833335,14.074959,0,0,-0.10965985,0.21853039,-0.037799653,0.00010173508
336,5.6,13.590361,0,0,-0.106533766,0.2191029,-0.050032012,0.00010173508
337,5.616667,14.470866,0,0,-0.10242831,0.21964903,-0.062088367,0.00010173508
338,5.633333,14.307795,0,0,-0.097352244,0.22016974,-0.073863685,0.00010173508
339,5.65,14.453318,0,0,-0.091351755,0.22075072,-0.08522949,0.00010173508
340,5.6666665,13.918004,0,0,-0.08450053,0.22141634,-0.09603162,0.00010173508
341,5.6833334,13.60661,0,0,-0.07684824,0.22214782,-0.10615591,0.00010173508
342,5.7,13.815886,0,0,-0.068450585,0.2229475,-0.11549173,0.00010173508
343,5.7166667,13.881303,0,0,-0.05933922,0.22384907,-0.123878494,0.00010173508
344,5.733333,16.390022,0,0,-0.04958967,0.22480743,-0.1311805,0.00010173508
345,5.75,19.914494,0,0,-0.03932779,0.2257832,-0.13732187,0.00010173508
346,5.766667,20.6789,0,0,-0.028679121,0.22678296,-0.1422212,0.00010173508
347,5.7833333,23.026047,0,0,-0.017795632,0.22771321,-0.1458528,0.00010173508
348,5.8,22.977257,0,0,-0.006831632,0.22855753,-0.1481932,0.00010173508
349,5.8166666,21.335093,0,0,0.0040428024,0.2293504,-0.14923719,0.00010173508
350,5.8333335,19.38114,0,0,0.014691352,0.23001887,-0.14898771,0.00010173508
351,5.85,21.175095,0,0,0.025019173,0.23049675,-0.14740314,0.00010173508
352,5.866667,19.924862,0,0,0.034896165,0.2306709,-0.14444107,0.00010173508
353,5.883333,19.628126,0,0,0.044227287,0.23049054,-0.14019352,0.00010173508
354,5.9,15.864931,0,0,0.052940812,0.23002936,-0.13482127,0.00010173508
355,5.9166665,14.727279,0,0,0.061007317,0.22928667,-0.12841526,0.00010173508
356,5.9333334,15.291881,0,0,0.068381585,0.22823659,-0.121047266,0.00010173508
357,5.95,14.828216,0,0,0.07501395,0.22695932,-0.11271196,0.00010173508
358,5.9666667,15.92698,0,0,0.08085935,0.22552489,-0.103437945,0.00010173508
359,5.983333,15.04002,0,0,0.085879736,0.22397031,-0.09328799,0.00010173508
360,6,14.757912,0,0,0.090045825,0.2223311,-0.082351476,0.00010173508
