frame,body_a,body_b,overlapping_child_pairs,max_child_sat_depth_m,over_0_1mm,over_0_5mm
60,0,3,1,5.037959e-05,0,0
60,0,5,2,4.495972e-05,0,0
60,0,7,2,1.9252793e-05,0,0
60,0,11,2,9.9036886e-05,0,0
60,0,13,1,4.1020985e-06,0,0
60,1,2,1,1.6265456e-05,0,0
60,2,3,1,1.476957e-05,0,0
60,3,4,1,5.9262115e-06,0,0
60,5,6,1,1.3717797e-06,0,0
60,6,7,1,1.0137219e-05,0,0
60,7,8,1,1.0695733e-06,0,0
60,8,9,1,1.5376341e-05,0,0
60,9,10,1,5.803584e-05,0,0
60,10,11,1,3.8075086e-05,0,0
60,11,12,1,3.534408e-05,0,0
60,12,13,2,9.615456e-05,0,0
60,13,14,1,0.00010012086,1,0
60,14,15,2,8.7445536e-05,0,0
60,15,16,1,8.622205e-05,0,0
120,0,3,1,9.144217e-05,0,0
120,0,5,3,8.28031e-05,0,0
120,0,7,2,3.9602564e-05,0,0
120,0,11,3,9.725093e-05,0,0
120,0,13,1,0.00010010618,1,0
120,1,2,1,1.7348493e-05,0,0
120,2,3,1,1.4588146e-05,0,0
120,3,4,1,6.9623525e-06,0,0
120,5,6,1,1.538452e-05,0,0
120,6,7,1,1.22756655e-05,0,0
120,8,9,1,2.447965e-05,0,0
120,9,10,1,7.012767e-05,0,0
120,10,11,1,3.379128e-05,0,0
120,11,12,1,0.00010001923,0,0
120,12,13,1,0.00010005127,0,0
120,13,14,1,0.000100163714,1,0
120,14,15,2,0.0001000828,0,0
120,15,16,1,0.0001001431,1,0
180,0,3,1,9.988338e-05,0,0
180,0,5,2,0.00010004883,0,0
180,0,7,2,6.6363864e-05,0,0
180,0,9,1,1.3937974e-05,0,0
180,0,11,3,9.4676216e-05,0,0
180,0,13,1,0.00010007927,0,0
180,1,2,1,2.53172e-05,0,0
180,2,3,1,8.880219e-05,0,0
180,4,5,1,4.207602e-05,0,0
180,5,6,1,2.3043955e-05,0,0
180,6,7,1,1.8009181e-05,0,0
180,7,8,1,4.4711205e-06,0,0
180,8,9,1,2.9176557e-05,0,0
180,9,10,1,7.489449e-05,0,0
180,10,11,1,3.131283e-05,0,0
180,11,12,1,0.000100187004,1,0
180,12,13,1,9.658771e-05,0,0
180,13,14,1,9.207425e-05,0,0
180,14,15,2,0.00010010222,1,0
180,15,16,1,0.00010004312,0,0
240,0,3,1,0.00010006465,0,0
240,0,5,2,0.00010018027,1,0
240,0,7,2,9.350922e-05,0,0
240,0,9,1,2.790983e-05,0,0
240,0,11,3,9.386143e-05,0,0
240,0,13,1,0.00010007608,0,0
240,1,2,1,5.977275e-05,0,0
240,2,3,1,0.000100053636,0,0
240,3,4,1,1.6307497e-06,0,0
240,4,5,1,8.205099e-05,0,0
240,5,6,1,3.0414492e-05,0,0
240,6,7,1,2.4415924e-05,0,0
240,7,8,1,7.4926056e-06,0,0
240,8,9,1,3.2320946e-05,0,0
240,9,10,1,7.8898935e-05,0,0
240,10,11,1,3.0507288e-05,0,0
240,11,12,1,9.9675475e-05,0,0
240,12,13,2,9.867515e-05,0,0
240,13,14,1,0.00010023868,1,0
240,14,15,2,0.00010006933,0,0
240,15,16,1,0.000100039455,0,0
300,0,3,1,0.000100130994,1,0
300,0,5,3,0.00010024095,1,0
300,0,7,2,0.00010021705,1,0
300,0,9,1,2.8638739e-05,0,0
300,0,11,2,6.21108e-05,0,0
300,0,13,1,0.00010010967,1,0
300,1,2,1,9.7117525e-05,0,0
300,2,3,1,0.00010006139,0,0
300,3,4,1,1.7970964e-05,0,0
300,4,5,1,9.997214e-05,0,0
300,5,6,1,2.3747518e-05,0,0
300,6,7,1,4.239337e-05,0,0
300,8,9,1,3.3847653e-05,0,0
300,9,10,1,8.738597e-05,0,0
300,10,11,1,4.0635605e-05,0,0
300,11,12,1,0.000100002,0,0
300,12,13,1,2.5073832e-05,0,0
300,13,14,1,0.000100112535,1,0
300,14,15,2,0.00010022249,1,0
300,15,16,1,0.000100096586,0,0
360,0,3,1,0.00010018227,1,0
360,0,5,3,0.00010026385,1,0
360,0,7,2,0.00010015919,1,0
360,0,9,1,2.9368683e-05,0,0
360,0,11,2,5.8995498e-05,0,0
360,0,13,1,0.0001001282,1,0
360,1,2,1,0.00010016279,1,0
360,2,3,1,0.00010005689,0,0
360,3,4,2,6.716905e-05,0,0
360,4,5,1,9.999758e-05,0,0
360,6,7,1,5.410606e-05,0,0
360,8,9,1,3.3868277e-05,0,0
360,9,10,1,9.085375e-05,0,0
360,10,11,1,5.3948337e-05,0,0
360,11,12,2,0.00010005134,0,0
360,12,13,1,2.7497841e-05,0,0
360,13,14,1,0.00010014521,1,0
360,14,15,2,0.000100178186,1,0
360,15,16,1,0.00010005754,0,0
420,0,3,1,0.00010025469,1,0
420,0,5,3,0.000100159516,1,0
420,0,7,2,0.000100151825,1,0
420,0,9,1,5.6917783e-05,0,0
420,0,11,2,6.447723e-05,0,0
420,0,13,1,0.00010029852,1,0
420,1,2,1,0.00010013659,1,0
420,2,3,1,0.00010007318,0,0
420,3,4,2,9.752684e-05,0,0
420,4,5,1,0.00010014126,1,0
420,6,7,1,0.00010005293,0,0
420,7,8,1,3.6780366e-07,0,0
420,8,9,1,3.8604347e-05,0,0
420,9,10,1,9.374436e-05,0,0
420,10,11,1,5.911768e-05,0,0
420,11,12,2,9.8992234e-05,0,0
420,12,13,1,4.6423615e-05,0,0
420,13,14,1,0.00010005647,0,0
420,14,15,2,0.00010005534,0,0
420,15,16,1,0.00010010465,1,0
480,0,3,1,0.000100146746,1,0
480,0,5,3,0.00010019133,1,0
480,0,7,2,0.000100121455,1,0
480,0,9,1,8.208199e-05,0,0
480,0,11,2,8.17446e-05,0,0
480,0,13,1,0.00010027946,1,0
480,1,2,1,0.00010013078,1,0
480,2,3,1,0.00010019435,1,0
480,3,4,2,9.997331e-05,0,0
480,4,5,1,0.00010005983,0,0
480,5,6,1,1.08910635e-05,0,0
480,6,7,1,0.000100006975,0,0
480,7,8,1,1.7936863e-07,0,0
480,8,9,1,4.8664842e-05,0,0
480,9,10,1,9.650368e-05,0,0
480,10,11,1,6.0560014e-05,0,0
480,11,12,2,9.959472e-05,0,0
480,12,13,1,6.068354e-05,0,0
480,13,14,1,0.00010015279,1,0
480,14,15,2,0.00010008662,0,0
480,15,16,1,0.000100079116,0,0
540,0,3,1,0.00010008802,0,0
540,0,5,3,0.00010012493,1,0
540,0,7,2,0.00010008195,0,0
540,0,9,1,8.851506e-05,0,0
540,0,11,2,8.2186125e-05,0,0
540,0,13,1,0.00010011471,1,0
540,1,2,1,0.0001001864,1,0
540,2,3,1,0.00010016482,1,0
540,3,4,2,9.9985635e-05,0,0
540,4,5,1,0.00010004348,0,0
540,6,7,1,9.749485e-05,0,0
540,7,8,1,2.8543773e-06,0,0
540,8,9,1,5.009374e-05,0,0
540,9,10,1,9.6699696e-05,0,0
540,10,11,1,7.45778e-05,0,0
540,11,12,2,0.00010004622,0,0
540,12,13,1,6.5240834e-05,0,0
540,13,14,1,0.00010027765,1,0
540,14,15,2,0.00010004841,0,0
540,15,16,1,0.00010008872,0,0
600,0,3,1,0.00010008497,0,0
600,0,5,3,0.00010009468,0,0
600,0,7,2,0.00010006882,0,0
600,0,9,1,9.3432434e-05,0,0
600,0,11,2,8.542822e-05,0,0
600,0,13,1,0.0001001091,1,0
600,1,2,1,0.000100189354,1,0
600,2,3,1,0.0001001805,1,0
600,3,4,2,0.00010002974,0,0
600,4,5,2,0.000100064535,0,0
600,5,6,1,5.338474e-06,0,0
600,6,7,1,0.000100026395,0,0
600,8,9,1,4.9115046e-05,0,0
600,9,10,1,9.421733e-05,0,0
600,10,11,1,9.00618e-05,0,0
600,11,12,2,0.00010004105,0,0
600,12,13,1,7.279231e-05,0,0
600,13,14,1,0.00010030969,1,0
600,14,15,2,0.00010005187,0,0
600,15,16,1,0.00010007768,0,0
660,0,3,1,0.00010011222,1,0
660,0,5,3,0.00010023937,1,0
660,0,7,2,0.00010015185,1,0
660,0,9,1,9.856366e-05,0,0
660,0,11,2,9.118212e-05,0,0
660,0,13,1,0.00010023574,1,0
660,1,2,1,0.00010019001,1,0
660,2,3,1,0.0001001988,1,0
660,3,4,2,0.00010005325,0,0
660,4,5,2,0.00010014754,1,0
660,5,6,1,5.914882e-06,0,0
660,6,7,1,0.00010002391,0,0
660,7,8,0,5.8945218e-09,0,0
660,8,9,1,4.696833e-05,0,0
660,9,10,1,9.3909264e-05,0,0
660,10,11,1,0.00010002033,0,0
660,11,12,2,0.0001000962,0,0
660,12,13,1,9.428971e-05,0,0
660,13,14,1,0.0001003385,1,0
660,14,15,2,0.00010015816,1,0
660,15,16,1,0.00010012798,1,0
720,0,3,1,0.0001001657,1,0
720,0,5,2,0.0001003473,1,0
720,0,7,2,0.000100201556,1,0
720,0,9,1,0.00010027977,1,0
720,0,11,3,9.580881e-05,0,0
720,0,13,1,0.0001003656,1,0
720,1,2,1,0.00010018604,1,0
720,2,3,1,0.000100167,1,0
720,3,4,2,0.00010004944,0,0
720,4,5,2,0.00010016362,1,0
720,5,6,1,1.4415202e-05,0,0
720,6,7,1,0.00010003428,0,0
720,7,8,0,2.078193e-08,0,0
720,8,9,1,5.0639126e-05,0,0
720,9,10,1,8.8284105e-05,0,0
720,10,11,1,0.00010002001,0,0
720,11,12,2,0.00010011824,1,0
720,12,13,1,0.00010007731,0,0
720,13,14,1,0.0001001614,1,0
720,14,15,2,0.000100142635,1,0
720,15,16,1,0.000100142286,1,0
780,0,3,1,0.0001000875,0,0
780,0,5,2,0.00010018795,1,0
780,0,7,2,0.000100151534,1,0
780,0,9,2,0.00010005959,0,0
780,0,11,3,0.000100157304,1,0
780,0,13,1,0.00010005636,0,0
780,1,2,1,0.000100121186,1,0
780,2,3,1,0.00010020069,1,0
780,3,4,2,0.00010002917,0,0
780,4,5,2,0.00010002839,0,0
780,5,6,1,2.9114737e-05,0,0
780,6,7,1,9.978809e-05,0,0
780,7,8,1,4.1006834e-07,0,0
780,8,9,1,7.8238845e-05,0,0
780,9,10,1,9.999576e-05,0,0
780,10,11,1,9.988244e-05,0,0
780,11,12,2,0.000100000485,0,0
780,12,13,1,0.00010001465,0,0
780,13,14,1,8.072316e-05,0,0
780,14,15,3,0.00010006997,0,0
780,15,16,1,0.00010009999,0,0
840,0,3,1,0.00010014579,1,0
840,0,5,2,0.00010023684,1,0
840,0,7,2,0.000100231446,1,0
840,0,9,2,0.00010020814,1,0
840,0,11,3,0.00010024522,1,0
840,0,13,1,0.00010025902,1,0
840,1,2,1,0.00010016855,1,0
840,2,3,1,0.00010011893,1,0
840,3,4,2,0.00010000977,0,0
840,4,5,2,0.000100056575,0,0
840,5,6,1,5.0881637e-05,0,0
840,6,7,1,9.999511e-05,0,0
840,7,8,1,3.1196498e-06,0,0
840,8,9,1,9.997623e-05,0,0
840,9,10,1,0.00010004499,0,0
840,10,11,1,9.998563e-05,0,0
840,11,12,2,0.00010001431,0,0
840,12,13,1,9.9998804e-05,0,0
840,13,14,1,0.00010012656,1,0
840,14,15,3,0.00010001818,0,0
840,15,16,1,0.000100067315,0,0
900,0,3,1,0.00010013851,1,0
900,0,5,2,0.0001001481,1,0
900,0,7,2,0.00010012954,1,0
900,0,9,1,9.893075e-05,0,0
900,0,11,3,0.00010017322,1,0
900,0,13,1,0.000100178346,1,0
900,1,2,1,0.00010014565,1,0
900,2,3,1,0.00010012735,1,0
900,3,4,2,0.00010006513,0,0
900,4,5,2,0.00010005761,0,0
900,5,6,1,6.441007e-05,0,0
900,6,7,1,0.000100030535,0,0
900,8,9,1,9.9861405e-05,0,0
900,9,10,1,0.00010009225,0,0
900,10,11,1,0.00010004067,0,0
900,11,12,2,9.991758e-05,0,0
900,12,13,1,0.000100005986,0,0
900,13,14,1,0.000100092264,0,0
900,14,15,3,0.000100111145,1,0
900,15,16,1,0.00010002901,0,0
960,0,3,1,0.00010000585,0,0
960,0,5,2,0.00010017957,1,0
960,0,7,2,0.00010011964,1,0
960,0,9,1,9.800424e-05,0,0
960,0,11,3,9.9993216e-05,0,0
960,0,13,1,0.00010006241,0,0
960,1,2,1,9.999022e-05,0,0
960,2,3,1,0.00010001206,0,0
960,3,4,2,0.00010001453,0,0
960,4,5,2,0.00010007171,0,0
960,5,6,1,7.864293e-05,0,0
960,6,7,1,0.00010008146,0,0
960,7,8,0,2.5281816e-08,0,0
960,8,9,1,0.000100009165,0,0
960,9,10,1,9.99889e-05,0,0
960,10,11,1,0.00010004155,0,0
960,11,12,2,9.975806e-05,0,0
960,12,13,1,0.0001000392,0,0
960,13,14,1,0.00010009975,0,0
960,14,15,3,0.00010011781,1,0
960,15,16,1,0.00010003543,0,0
1020,0,3,1,0.000100078316,0,0
1020,0,5,2,0.000100228215,1,0
1020,0,7,2,0.000100108235,1,0
1020,0,9,1,0.00010010955,1,0
1020,0,11,3,0.00010019689,1,0
1020,0,13,1,0.000100106154,1,0
1020,1,2,1,0.000100070094,0,0
1020,2,3,1,0.00010008368,0,0
1020,3,4,2,9.996793e-05,0,0
1020,4,5,2,0.00010006394,0,0
1020,5,6,1,0.0001000041,0,0
1020,6,7,1,0.00010010373,1,0
1020,7,8,1,6.8482896e-06,0,0
1020,8,9,1,0.000100132434,1,0
1020,9,10,1,0.00010010511,1,0
1020,10,11,1,0.000100000136,0,0
1020,11,12,2,9.944856e-05,0,0
1020,12,13,1,9.998555e-05,0,0
1020,13,14,1,0.000100200574,1,0
1020,14,15,3,0.00010010957,1,0
1020,15,16,1,0.00010008313,0,0
1080,0,3,1,0.00010017798,1,0
1080,0,5,2,0.00010017319,1,0
1080,0,7,2,0.00010009318,0,0
1080,0,9,1,0.00010015623,1,0
1080,0,11,3,0.000100211175,1,0
1080,0,13,1,0.00010000766,0,0
1080,1,2,1,9.999041e-05,0,0
1080,2,3,1,0.00010002336,0,0
1080,3,4,2,0.00010002711,0,0
1080,4,5,2,0.000100017496,0,0
1080,5,6,1,9.978443e-05,0,0
1080,6,7,1,9.9834426e-05,0,0
1080,7,8,1,1.7013599e-05,0,0
1080,8,9,1,9.9943296e-05,0,0
1080,9,10,1,9.983717e-05,0,0
1080,10,11,1,9.990456e-05,0,0
1080,11,12,2,9.998045e-05,0,0
1080,12,13,1,0.000100088546,0,0
1080,13,14,1,0.00010017851,1,0
1080,14,15,3,0.00010000634,0,0
1080,15,16,1,0.000100049765,0,0
1140,0,3,1,9.9980505e-05,0,0
1140,0,5,2,0.00010015946,1,0
1140,0,7,2,0.00010001027,0,0
1140,0,9,1,0.00010005469,0,0
1140,0,11,3,9.997518e-05,0,0
1140,0,13,1,0.00010007481,0,0
1140,1,2,1,0.0001000305,0,0
1140,2,3,1,0.00010008668,0,0
1140,3,4,2,9.9978104e-05,0,0
1140,4,5,2,0.000100043944,0,0
1140,5,6,1,0.0001000125,0,0
1140,6,7,1,9.9739926e-05,0,0
1140,7,8,1,1.909772e-05,0,0
1140,8,9,1,9.862506e-05,0,0
1140,9,10,1,9.979082e-05,0,0
1140,10,11,1,0.000100002384,0,0
1140,11,12,2,9.995737e-05,0,0
1140,12,13,1,0.00010000685,0,0
1140,13,14,1,0.00010013467,1,0
1140,14,15,3,0.00010004513,0,0
1140,15,16,1,0.00010002086,0,0
1200,0,3,1,0.00010000711,0,0
1200,0,5,2,0.000100128105,1,0
1200,0,7,2,9.9974335e-05,0,0
1200,0,9,1,0.000100038036,0,0
1200,0,11,3,9.996363e-05,0,0
1200,0,13,1,0.00010005564,0,0
1200,1,2,1,0.000100039244,0,0
1200,2,3,1,0.000100107354,1,0
1200,3,4,2,9.9990684e-05,0,0
1200,4,5,2,0.00010007892,0,0
1200,5,6,1,0.00010000324,0,0
1200,6,7,1,0.000100044635,0,0
1200,7,8,1,2.1171978e-05,0,0
1200,8,9,1,9.6999094e-05,0,0
1200,9,10,1,9.971545e-05,0,0
1200,10,11,1,0.00010001073,0,0
1200,11,12,2,9.9854275e-05,0,0
1200,12,13,1,0.00010001225,0,0
1200,13,14,1,0.000100165766,1,0
1200,14,15,3,9.999616e-05,0,0
1200,15,16,1,0.00010003441,0,0
