frame,time_s,energy_J,motor_work_J,residual_J,angle_rad,speed_rad_s,tip_y_m,broken_pairs
1,0.016666668,173.49538,0,-0.006520263,-1.1486111e-09,0,0.33860362,0
2,0.033333335,173.23401,-2.1950104e-09,-0.26789305,-1.1486111e-09,-9.456859e-09,0.33448315,0
3,0.05,172.83337,-0.0026769089,-0.6658554,0.000107369466,0.094236106,0.32763952,0
4,0.06666667,172.18582,-0.023653923,-1.2924341,-0.00096175575,-0.00042068918,0.32359493,0
5,0.083333336,171.72263,-0.028552935,-1.7507279,-0.0012049117,-5.021399e-05,0.32259327,0
6,0.1,171.0427,-0.033433355,-2.4257708,-0.0014413255,-0.00055902294,0.32228458,0
7,0.11666667,170.96896,-0.03343341,-2.4995053,-0.0014521147,-0.00014405066,0.3222599,0
8,0.13333334,170.93918,-0.033445537,-2.5292718,-0.0014546484,-0.00030974628,0.32224283,0
9,0.15,170.93185,-0.033464164,-2.5365887,-0.0014581102,-0.00032169896,0.322226,0
10,0.16666667,170.93106,-0.033484504,-2.5373611,-0.001461788,-0.00018305461,0.32221663,0
11,0.18333334,170.92992,-0.033503085,-2.5384786,-0.001465518,-0.0002843267,0.3222091,0
12,0.2,170.92923,-0.03352277,-2.5391567,-0.001469425,-0.000299395,0.32220164,0
13,0.21666667,170.92867,-0.033542488,-2.5396898,-0.0014733636,-0.00039743131,0.32219422,0
14,0.23333333,170.92822,-0.03356314,-2.5401163,-0.0014773973,-0.00020450722,0.3221869,0
15,0.25,170.92778,-0.03358356,-2.540532,-0.0014814252,-0.00019716035,0.32217982,0
16,0.26666668,170.92735,-0.033604015,-2.5409443,-0.0014855185,-0.00040783387,0.32217273,0
17,0.28333333,170.92696,-0.033624917,-2.5413222,-0.001489582,-0.00021480712,0.3221659,0
18,0.3,170.92657,-0.033645276,-2.541679,-0.0014935652,-0.00021635936,0.32215926,0
19,0.31666666,170.9262,-0.033665776,-2.5420406,-0.001497666,-0.00039556352,0.32215235,0
20,0.33333334,170.92584,-0.03368722,-2.54238,-0.0015018189,-0.00020976257,0.32214582,0
21,0.35,170.92548,-0.03370827,-2.542721,-0.0015059569,-9.799914e-05,0.32213932,0
22,0.36666667,170.92511,-0.033729978,-2.5430608,-0.0015102066,-0.00031466663,0.32213277,0
23,0.38333333,170.92474,-0.033751976,-2.5434058,-0.0015144714,-0.00011337615,0.32212618,0
24,0.4,170.92436,-0.03377452,-2.5437586,-0.0015189074,-0.0004006707,0.32211947,0
25,0.41666666,170.924,-0.03379747,-2.54411,-0.0015233136,-0.00031393167,0.3221128,0
26,0.43333334,170.92363,-0.033820264,-2.544454,-0.0015277645,-0.000318474,0.3221062,0
27,0.45,170.92325,-0.033843197,-2.5448065,-0.0015321765,-0.00020998601,0.3220996,0
28,0.46666667,170.92288,-0.033866007,-2.5451555,-0.0015365827,-0.00022069649,0.3220929,0
29,0.48333332,170.9225,-0.03388855,-2.5455103,-0.0015409666,-0.00024995938,0.32208627,0
30,0.5,170.92213,-0.033911154,-2.5458643,-0.0015454025,-0.00031407297,0.32207957,0
31,0.51666665,170.92175,-0.033933423,-2.546211,-0.001549749,-0.00040125224,0.322073,0
32,0.53333336,170.92139,-0.03395612,-2.5465574,-0.0015541165,-0.00031793216,0.32206643,0
33,0.55,170.92102,-0.033978563,-2.546901,-0.0015585152,-0.00032739417,0.32205993,0
34,0.56666666,170.92065,-0.034000695,-2.547251,-0.0015628022,-0.00011385941,0.32205334,0
35,0.5833333,170.92029,-0.03402287,-2.5475898,-0.0015671265,-0.00010797139,0.32204685,0
36,0.6,170.91994,-0.034045324,-2.5479243,-0.0015714731,-0.00020125629,0.32204047,0
37,0.6166667,170.91957,-0.034067243,-2.5482683,-0.0015757377,-0.00013369985,0.32203394,0
38,0.6333333,170.9192,-0.03408954,-2.5486047,-0.001580077,-0.00020961757,0.32202765,0
39,0.65,170.91884,-0.034111742,-2.5489488,-0.0015844012,-0.00021948456,0.32202116,0
40,0.6666667,170.91849,-0.03413336,-2.5492873,-0.0015886733,-0.00041348184,0.32201475,0
41,0.68333334,170.91812,-0.03415554,-2.5496197,-0.0015929007,-0.00020044741,0.3220085,0
42,0.7,170.91777,-0.034177106,-2.5499597,-0.0015971952,-0.00042359016,0.32200202,0
43,0.71666664,170.91742,-0.034199134,-2.550288,-0.0016014524,-0.00020043543,0.32199582,0
44,0.73333335,170.91705,-0.034220725,-2.5506299,-0.0016057394,-0.00039068013,0.3219894,0
45,0.75,170.9167,-0.034242775,-2.5509608,-0.0016099816,-0.00020097125,0.32198304,0
46,0.76666665,170.91634,-0.034264248,-2.5512946,-0.0016141791,-0.00013214478,0.32197666,0
47,0.78333336,170.91599,-0.034286242,-2.5516334,-0.0016184663,-0.00020621777,0.3219702,0
48,0.8,170.91563,-0.03430794,-2.551966,-0.0016227012,-0.0001982421,0.3219639,0
49,0.81666666,170.91528,-0.034329444,-2.5522926,-0.0016268839,-0.00022468998,0.32195765,0
50,0.8333333,170.91496,-0.034350935,-2.5525866,-0.0016313348,-0.0002123305,0.32195193,0
51,0.85,170.91466,-0.034372076,-2.5528784,-0.0016373898,-0.0002504308,0.32194597,0
52,0.8666667,170.91432,-0.034393556,-2.5531838,-0.0016434748,-0.00022405366,0.32193977,0
53,0.8833333,170.914,-0.03441488,-2.5534892,-0.0016497517,-0.0001339216,0.32193348,0
54,0.9,170.91368,-0.034436405,-2.5537863,-0.0016558589,-0.0002245605,0.32192737,0
55,0.9166667,170.91335,-0.034457665,-2.554098,-0.001661944,-0.00040643182,0.3219212,0
56,0.93333334,170.91302,-0.034479138,-2.5543947,-0.0016679469,-0.00015332128,0.32191512,0
57,0.95,170.9127,-0.034501076,-2.5546942,-0.0016741214,-0.00022086737,0.321909,0
58,0.96666664,170.9125,-0.034511153,-2.554888,-0.0016765808,-0.00010867581,0.32190436,0
59,0.98333335,170.91231,-0.034520272,-2.555078,-0.0016783933,-0.00010856207,0.3218996,0
60,1,170.91211,-0.034529462,-2.5552688,-0.001680236,-0.000108837354,0.32189482,0
61,1.0166667,170.9119,-0.03453867,-2.5554647,-0.0016821084,-0.00010875133,0.32189006,0
62,1.0333333,170.9117,-0.034547824,-2.555657,-0.0016839734,-0.00010800095,0.3218853,0
63,1.05,170.91148,-0.034557,-2.5558598,-0.0016857936,-0.000109042834,0.32188052,0
64,1.0666667,170.91127,-0.03456625,-2.556059,-0.0016876288,-0.00010959623,0.32187575,0
65,1.0833334,170.91106,-0.034575496,-2.556275,-0.0016895236,-0.00012293743,0.32187098,0
66,1.1,170.91084,-0.034584697,-2.556473,-0.0016913811,-0.00010844521,0.3218662,0
67,1.1166667,170.91064,-0.034593925,-2.5566707,-0.0016932461,-0.000109634784,0.32186145,0
68,1.1333333,170.91042,-0.03460322,-2.5568786,-0.0016950887,-0.00010968868,0.32185668,0
69,1.15,170.9102,-0.034612484,-2.557088,-0.0016969686,-0.00011545123,0.3218519,0
70,1.1666666,170.90999,-0.034621708,-2.5572867,-0.001698826,-0.00010870447,0.32184714,0
71,1.1833333,170.90979,-0.03463095,-2.557486,-0.0017007133,-0.00010968607,0.32184237,0
72,1.2,170.90958,-0.034640223,-2.5576868,-0.0017025187,-0.00010971878,0.3218376,0
73,1.2166667,170.90936,-0.0346495,-2.5578914,-0.0017044267,-0.00010908385,0.32183337,0
74,1.2333333,170.90915,-0.034658723,-2.5580904,-0.0017063215,-0.000115912655,0.32182977,0
75,1.25,170.90897,-0.034667928,-2.5582752,-0.001708179,-0.00010833311,0.32182616,0
76,1.2666667,170.90877,-0.03467714,-2.558461,-0.0017099918,-0.00010939195,0.32182258,0
77,1.2833333,170.90855,-0.03468639,-2.5586557,-0.0017118494,-0.00011069481,0.321819,0
78,1.3,170.90836,-0.034695733,-2.5588477,-0.0017137218,-2.1949665e-05,0.3218155,0
79,1.3166667,170.90816,-0.034705568,-2.559044,-0.0017157507,-0.00023433131,0.32181197,0
80,1.3333334,170.90787,-0.03472565,-2.559312,-0.0017197396,-0.00023721096,0.3218084,0
81,1.35,170.90758,-0.03474558,-2.559586,-0.0017237079,-0.0002326119,0.32180482,0
82,1.3666667,170.90727,-0.034765556,-2.5598593,-0.0017276746,-0.00023188427,0.32180125,0
83,1.3833333,170.90698,-0.03478543,-2.56013,-0.0017315759,-0.00024592967,0.32179767,0
84,1.4,170.90671,-0.034805305,-2.5603857,-0.0017369845,-0.00022753523,0.3217941,0
85,1.4166666,170.90643,-0.034825087,-2.5606441,-0.0017423112,-0.00020623428,0.32179055,0
86,1.4333333,170.90616,-0.034844965,-2.5609,-0.0017477794,-0.00025536708,0.32178703,0
87,1.45,170.90588,-0.034864906,-2.561159,-0.0017531732,-0.00022978362,0.3217836,0
88,1.4666667,170.90561,-0.034884665,-2.5614092,-0.001758494,-0.00022962845,0.3217802,0
89,1.4833333,170.90535,-0.03490375,-2.5616558,-0.0017635971,-0.00010402143,0.32177696,0
90,1.5,170.90515,-0.034912407,-2.5618436,-0.0017652833,-0.00010190799,0.32177365,0
91,1.5166667,170.90495,-0.034921117,-2.5620353,-0.0017669786,-0.000121722,0.32177022,0
92,1.5333333,170.90475,-0.034929942,-2.5622222,-0.001768717,-0.0001033501,0.32176676,0
93,1.55,170.90456,-0.03493866,-2.5624077,-0.0017704329,-0.00010296127,0.32176334,0
94,1.5666667,170.90434,-0.034947384,-2.5626078,-0.0017721936,-0.000103246355,0.32175988,0
95,1.5833334,170.90413,-0.03495616,-2.5628102,-0.0017739395,-0.000103667735,0.32175642,0
96,1.6,170.90393,-0.03496493,-2.5630047,-0.0017767844,-0.00010436027,0.32175294,0
97,1.6166667,170.90375,-0.034973726,-2.5631843,-0.0017797876,-0.000103811784,0.32174954,0
98,1.6333333,170.90355,-0.034982562,-2.5633695,-0.001782707,-0.00010626517,0.3217461,0
99,1.65,170.90335,-0.03499146,-2.5635624,-0.0017857905,-0.00010463513,0.32174265,0
100,1.6666666,170.90315,-0.03500042,-2.563745,-0.001788874,-0.00010813065,0.3217392,0
101,1.6833333,170.90295,-0.035009384,-2.5639405,-0.0017917862,-0.00010493036,0.3217357,0
102,1.7,170.90276,-0.03501841,-2.5641263,-0.0017948545,-0.000108904125,0.32173228,0
103,1.7166667,170.90256,-0.0350274,-2.5643184,-0.0017979231,-0.00010540379,0.32172883,0
104,1.7333333,170.90236,-0.03503638,-2.5645096,-0.0018009022,-0.00011753602,0.3217254,0
105,1.75,170.90216,-0.03504534,-2.5646906,-0.001803859,-0.00010567153,0.321722,0
106,1.7666667,170.90198,-0.035054315,-2.564874,-0.0018067562,-0.00010766681,0.32171857,0
107,1.7833333,170.90178,-0.035063285,-2.5650642,-0.0018098621,-0.00010520253,0.32171515,0
108,1.8,170.90157,-0.035072315,-2.5652575,-0.001812871,-0.00012066988,0.32171172,0
109,1.8166667,170.90138,-0.03508133,-2.5654414,-0.0018158129,-0.00010602482,0.32170826,0
110,1.8333334,170.90118,-0.035090305,-2.5656335,-0.0018188665,-0.00010600892,0.3217048,0
111,1.85,170.90099,-0.03509927,-2.5658178,-0.0018219798,-0.00010520153,0.3217014,0
112,1.8666667,170.90079,-0.035108265,-2.566007,-0.0018249291,-0.0001060808,0.32169792,0
113,1.8833333,170.90059,-0.035117224,-2.5661964,-0.0018277683,-0.000106683954,0.32169452,0
114,1.9,170.9004,-0.03512625,-2.5663774,-0.0018307846,-0.00010606772,0.32169113,0
115,1.9166666,170.9002,-0.03513526,-2.5665662,-0.0018338009,-0.00010697027,0.3216877,0
116,1.9333333,170.90001,-0.0351443,-2.566755,-0.0018370318,-0.00010622458,0.32168433,0
117,1.95,170.89987,-0.03515328,-2.566884,-0.0018428055,-0.00010608307,0.32168177,0
118,1.9666667,170.8997,-0.035162326,-2.5670285,-0.0018488755,-0.00010769279,0.32167912,0
119,1.9833333,170.89957,-0.03517139,-2.5671663,-0.0018551674,-0.00010601201,0.32167652,0
120,2,170.89943,-0.035180397,-2.567299,-0.0018612168,-0.00010612815,0.32167387,0
121,2.0166667,170.92007,-0.0127630895,-2.5690641,-0.00013964236,0.14992826,0.3220634,0
122,2.0333333,170.93277,0.00035762365,-2.5694904,0.0023550454,0.14991097,0.32262754,0
123,2.05,170.94545,0.013411747,-2.5698688,0.004849866,0.14991437,0.32319093,0
124,2.0666666,170.95807,0.026392458,-2.570228,0.0073448364,0.14991874,0.32375354,0
125,2.0833333,170.97069,0.03929865,-2.5705206,0.009839826,0.14992343,0.32431537,0
126,2.1,170.98323,0.0521234,-2.5708008,0.012335032,0.14990464,0.3248769,0
127,2.1166666,170.99573,0.064875826,-2.5710511,0.014830029,0.14992885,0.32543838,0
128,2.1333334,171.00818,0.07754006,-2.5712605,0.017324992,0.14992918,0.3260001,0
129,2.15,171.02057,0.09011452,-2.571453,0.019819997,0.14992778,0.32656255,0
130,2.1666667,171.03284,0.10257875,-2.5716367,0.022314835,0.14992064,0.32712594,0
131,2.1833334,171.04497,0.11483719,-2.571769,0.02480959,0.14991249,0.3276905,0
132,2.2,171.05699,0.12702711,-2.5719357,0.02730397,0.14990835,0.32825634,0
133,2.2166667,171.06903,0.13919282,-2.5720658,0.029799154,0.14990765,0.32882375,0
134,2.2333333,171.08101,0.151325,-2.5722141,0.032294337,0.14990966,0.32939252,0
135,2.25,171.09294,0.16341451,-2.5723815,0.03478967,0.14991887,0.3299627,0
136,2.2666667,171.10478,0.17542936,-2.5725496,0.037285175,0.14992781,0.33053422,0
137,2.2833333,171.11655,0.18736118,-2.572722,0.039781183,0.14992163,0.33110696,0
138,2.3,171.12823,0.19920863,-2.5728757,0.042277124,0.14991997,0.33168063,0
139,2.3166666,171.13982,0.21097444,-2.5730648,0.04477318,0.14991985,0.33225513,0
140,2.3333333,171.15129,0.22265892,-2.573268,0.047269,0.14991987,0.33283007,0
141,2.35,171.16267,0.23426072,-2.573493,0.049764644,0.14990737,0.3334053,0
142,2.3666666,171.17389,0.24578495,-2.573803,0.05225997,0.14990672,0.33398026,0
143,2.3833334,171.18503,0.25723535,-2.5741076,0.054755714,0.14992608,0.33455494,0
144,2.4,171.19608,0.2686168,-2.5744443,0.057251334,0.14986083,0.33512887,0
145,2.4166667,171.20699,0.27989456,-2.5748158,0.059746914,0.14991324,0.335702,0
146,2.4333334,171.21782,0.2911178,-2.5751953,0.062242884,0.14992526,0.336274,0
147,2.45,171.22853,0.30226308,-2.5756285,0.06473886,0.14991818,0.33684486,0
148,2.4666667,171.23917,0.31333998,-2.5760708,0.06723469,0.14991812,0.3374144,0
149,2.4833333,171.24973,0.3243481,-2.5765257,0.06973104,0.14991803,0.33798283,0
150,2.5,171.26013,0.33529142,-2.5770593,0.07222738,0.14992623,0.33855024,0
151,2.5166667,171.27048,0.34616378,-2.5775914,0.07472316,0.14991917,0.3391166,0
152,2.5333333,171.28067,0.35697302,-2.5782,0.0772191,0.1499127,0.33968228,0
153,2.55,171.29085,0.3677177,-2.578779,0.07971526,0.14990656,0.34024754,0
154,2.5666666,171.30092,0.37840444,-2.5793889,0.08221112,0.14992498,0.34081265,0
155,2.5833333,171.31093,0.3890252,-2.5799918,0.08470712,0.1499249,0.341378,0
156,2.6,171.32089,0.39959565,-2.5806131,0.08720341,0.1498593,0.34194392,0
157,2.6166666,171.33076,0.41007805,-2.5812087,0.08969974,0.14991488,0.34251055,0
158,2.6333334,171.34059,0.42051354,-2.581829,0.0921956,0.1499192,0.34307802,0
159,2.65,171.35034,0.43088344,-2.5824378,0.09469152,0.14991403,0.3436467,0
160,2.6666667,171.36003,0.4411903,-2.5830574,0.09718761,0.14991106,0.34421661,0
161,2.6833334,171.36964,0.45143422,-2.583691,0.09968352,0.14992356,0.34478778,0
162,2.7,171.37924,0.4616075,-2.5842714,0.10217953,0.1499222,0.34536007,0
163,2.7166667,171.38876,0.47171354,-2.584854,0.10467588,0.14992213,0.3459336,0
164,2.7333333,171.39827,0.4817493,-2.585389,0.10717248,0.14992246,0.34650806,0
165,2.75,171.40779,0.4918943,-2.5860012,0.10966793,0.14957629,0.3470839,0
166,2.7666667,171.41739,0.50225,-2.5867677,0.11216223,0.1496,0.34766915,0
167,2.7833333,171.42699,0.51251715,-2.5874324,0.11465665,0.14959884,0.3482506,0
168,2.8,171.4368,0.5228,-2.5878992,0.11715472,0.14996228,0.34883162,0
169,2.8166666,171.44666,0.53293353,-2.588185,0.11965524,0.14995699,0.34941056,0
170,2.8333333,171.45647,0.54299,-2.5884225,0.12215531,0.14995581,0.3499857,0
171,2.85,171.46622,0.5529417,-2.5886278,0.124654375,0.14993352,0.3505577,0
172,2.8666666,171.47527,0.56225747,-2.588888,0.12715164,0.14980678,0.3511269,0
173,2.8833334,171.48425,0.57148063,-2.5891337,0.12964912,0.14984985,0.3516972,0
174,2.9,171.49321,0.58067375,-2.5893726,0.13214721,0.14987557,0.352269,0
175,2.9166667,171.50212,0.5898159,-2.5895963,0.13464577,0.1498912,0.35284263,0
176,2.9333334,171.51102,0.5989191,-2.58981,0.13714463,0.14990342,0.35341766,0
177,2.95,171.51988,0.60798454,-2.5900106,0.13964386,0.14991672,0.35399434,0
178,2.9666667,171.52876,0.6170088,-2.5901532,0.14214289,0.14991981,0.3545728,0
179,2.9833333,171.53757,0.62599164,-2.5903203,0.14464092,0.14991978,0.35515255,0
180,3,171.54633,0.6349331,-2.5905073,0.1471395,0.14992091,0.3557334,0
181,3.0166667,171.55505,0.64383376,-2.5906806,0.14963871,0.149924,0.35631537,0
182,3.0333333,171.56372,0.65269357,-2.5908825,0.15213808,0.14992777,0.35689867,0
183,3.05,171.57234,0.66151094,-2.5910683,0.15463695,0.14992969,0.35748333,0
184,3.0666666,171.58087,0.6702796,-2.5913126,0.15713629,0.14994438,0.3580694,0
185,3.0833333,171.5894,0.67901117,-2.591513,0.15963301,0.14990778,0.35865712,0
186,3.1,171.59785,0.68768823,-2.591734,0.16213,0.14995313,0.3592461,0
187,3.1166666,171.6063,0.6963331,-2.591938,0.1646267,0.14995766,0.359836,0
188,3.1333334,171.61467,0.7049466,-2.5921774,0.1671237,0.1499252,0.36042705,0
189,3.15,171.62299,0.7135016,-2.592422,0.1696213,0.14996906,0.36101913,0
190,3.1666667,171.63124,0.7219927,-2.5926611,0.17211944,0.14997059,0.36161214,0
191,3.1833334,171.63937,0.73040986,-2.5929363,0.17461774,0.14997128,0.36220568,0
192,3.2,171.64743,0.7387539,-2.593223,0.17711706,0.14997193,0.3627995,0
193,3.2166667,171.65538,0.7470253,-2.5935502,0.17961723,0.1499724,0.36339316,0
194,3.2333333,171.66324,0.75522476,-2.5938897,0.18211703,0.14997269,0.36398682,0
195,3.25,171.67104,0.7633529,-2.5942252,0.1846169,0.14997289,0.36457983,0
196,3.2666667,171.67873,0.77141,-2.5945866,0.18711764,0.14997298,0.3651721,0
197,3.2833333,171.68631,0.7793968,-2.5949895,0.18961883,0.14997323,0.365763,0
198,3.3,171.69382,0.78731376,-2.5953968,0.19211893,0.14997336,0.36635256,0
199,3.3166666,171.70125,0.79516155,-2.595821,0.19461896,0.14997353,0.36694044,0
200,3.3333333,171.70851,0.8029404,-2.5963268,0.19711907,0.14997415,0.36752635,0
201,3.35,171.71574,0.81064653,-2.5967982,0.19961883,0.14995135,0.36811042,0
202,3.3666666,171.7229,0.8182887,-2.5972898,0.20211788,0.14995167,0.36869273,0
203,3.3833334,171.73,0.8258619,-2.597776,0.20461723,0.1499522,0.36927316,0
204,3.4,171.73695,0.8333657,-2.5983093,0.2071159,0.14995243,0.36985224,0
205,3.4166667,171.7439,0.840802,-2.598813,0.20961559,0.14995539,0.37043008,0
206,3.4333334,171.75072,0.84816206,-2.599345,0.21211517,0.1499555,0.37100682,0
207,3.45,171.75748,0.85545135,-2.5998774,0.21461476,0.14995576,0.37158266,0
208,3.4666667,171.76414,0.8626666,-2.6004195,0.217114,0.14995557,0.3721583,0
209,3.4833333,171.77075,0.8698135,-2.6009653,0.21961299,0.14993514,0.37273362,0
210,3.5,171.77727,0.8768688,-2.6014988,0.2221129,0.14995605,0.37330934,0
211,3.5166667,171.78374,0.88385165,-2.6020236,0.22461207,0.14995088,0.3738852,0
212,3.5333333,171.7901,0.89075685,-2.6025665,0.22711109,0.14995734,0.37446183,0
213,3.55,171.79639,0.8975795,-2.6030908,0.22960994,0.14995678,0.3750392,0
214,3.5666666,171.80261,0.9043196,-2.603612,0.23210956,0.14995657,0.37561738,0
215,3.5833333,171.80875,0.9109761,-2.6041307,0.23460951,0.14995642,0.3761966,0
216,3.6,171.81479,0.9175432,-2.604649,0.23710875,0.14995606,0.37677678,0
217,3.6166666,171.8208,0.9240351,-2.6051342,0.23960818,0.14995556,0.37735778,0
218,3.6333334,171.8267,0.93043435,-2.6056352,0.24210714,0.14995624,0.37793952,0
219,3.65,171.83255,0.93674487,-2.606102,0.24460623,0.14995614,0.37852234,0
220,3.6666667,171.83835,0.9429682,-2.6065161,0.247104,0.14995262,0.37910601,0
221,3.6833334,171.8441,0.9491056,-2.606914,0.24960141,0.14995408,0.37969053,0
222,3.7,171.84975,0.9551584,-2.6073122,0.25209802,0.14995278,0.38027504,0
223,3.7166667,171.8553,0.9611253,-2.6077237,0.2545947,0.14995232,0.38085952,0
224,3.7333333,171.8608,0.967016,-2.6081262,0.25709102,0.14994311,0.38144377,0
225,3.75,171.86626,0.9728212,-2.6084704,0.25958753,0.14995389,0.38202778,0
226,3.7666667,171.87166,0.9785421,-2.608788,0.26208442,0.14995609,0.38261163,0
227,3.7833333,171.877,0.984192,-2.6090941,0.26458126,0.14995606,0.38319507,0
228,3.8,171.88228,0.98976004,-2.6093805,0.26707828,0.14995144,0.38377824,0
229,3.8166666,171.88747,0.9952546,-2.6096854,0.26957536,0.14995475,0.38436136,0
230,3.8333333,171.89262,1.0006751,-2.6099515,0.27207226,0.14995404,0.3849444,0
231,3.85,171.89769,1.0060241,-2.610236,0.27456918,0.1499549,0.3855276,0
232,3.8666666,171.90271,1.0112977,-2.6104898,0.27706566,0.14995895,0.38611114,0
233,3.8833334,171.90765,1.0165123,-2.610764,0.27956185,0.14995342,0.38669506,0
234,3.9,171.91255,1.0216545,-2.611002,0.28205866,0.14995638,0.38727984,0
235,3.9166667,171.91737,1.0267296,-2.611258,0.28455517,0.14995591,0.3878654,0
236,3.9333334,171.92213,1.0317377,-2.6115127,0.2870521,0.1499519,0.38845184,0
237,3.95,171.92682,1.0366803,-2.6117604,0.28954864,0.14995226,0.3890392,0
238,3.9666667,171.93144,1.0415577,-2.6120138,0.29204446,0.1499518,0.3896273,0
239,3.9833333,171.936,1.0463694,-2.6122718,0.29454058,0.14995134,0.3902163,0
240,4,171.94048,1.0511143,-2.6125338,0.29703704,0.14994264,0.39080596,0
241,4.016667,171.92839,1.0400989,-2.6136153,0.29755285,-8.233073e-05,0.39094007,0
242,4.0333333,171.92778,1.0400964,-2.614226,0.2975482,-8.144753e-05,0.3909527,0
243,4.05,171.92729,1.0400939,-2.614702,0.29754335,-7.578676e-05,0.39096254,0
244,4.0666666,171.92691,1.0400915,-2.6150796,0.29753846,-7.8441146e-05,0.39096946,0
245,4.0833335,171.92664,1.0400891,-2.6153576,0.29753396,-7.858449e-05,0.39097336,0
246,4.1,171.92647,1.0400866,-2.6155279,0.29752934,-8.710637e-05,0.39097404,0
247,4.116667,171.92638,1.0400842,-2.615614,0.29752558,-7.5947166e-05,0.3909723,0
248,4.133333,171.9263,1.0400821,-2.6156888,0.29752257,-6.826938e-05,0.39096984,0
249,4.15,171.92621,1.0400805,-2.6157737,0.29752028,-4.7129917e-05,0.39096662,0
250,4.1666665,171.92612,1.040079,-2.615866,0.29751801,-3.9597307e-05,0.39096263,0
251,4.1833334,171.926,1.0400773,-2.6159775,0.29751578,-6.563353e-05,0.39095786,0
252,4.2,171.92589,1.0400758,-2.6160955,0.29751334,-4.7482117e-05,0.39095253,0
253,4.2166667,171.92575,1.0400742,-2.6162317,0.29751086,-4.8024365e-05,0.39094666,0
254,4.233333,171.9256,1.0400726,-2.616373,0.29750836,-4.248437e-05,0.3909406,0
255,4.25,171.92545,1.040071,-2.6165204,0.29750592,-6.6984496e-05,0.39093447,0
256,4.266667,171.92531,1.0400693,-2.6166682,0.2975035,-6.7268906e-05,0.3909284,0
257,4.2833333,171.92516,1.0400678,-2.6168146,0.29750106,-6.65732e-05,0.39092243,0
258,4.3,171.925,1.0400662,-2.6169636,0.2974989,-6.9621005e-05,0.39091685,0
259,4.3166666,171.92487,1.0400646,-2.6171079,0.29749665,-5.1763567e-05,0.3909118,0
260,4.3333335,171.92471,1.040063,-2.617258,0.29749438,-5.199878e-05,0.39090708,0
261,4.35,171.92456,1.0400615,-2.6174028,0.29749212,-5.2226944e-05,0.39090294,0
262,4.366667,171.92442,1.0400598,-2.6175425,0.2974899,-7.070918e-05,0.39089933,0
263,4.383333,171.92427,1.0400584,-2.6176858,0.2974879,-4.1769796e-05,0.3908963,0
264,4.4,171.9241,1.0400571,-2.6178505,0.29748592,-4.2228858e-05,0.3908938,0
265,4.4166665,171.92395,1.0400558,-2.6180153,0.29748374,-4.4231914e-05,0.3908915,0
266,4.4333334,171.9238,1.0400544,-2.6181602,0.2974816,-4.2588534e-05,0.39088967,0
267,4.45,171.92366,1.040053,-2.6182969,0.29747936,-4.589458e-05,0.39088818,0
268,4.4666667,171.92354,1.0400517,-2.6184175,0.2974775,-4.1654155e-05,0.39088693,0
269,4.483333,171.92342,1.0400504,-2.618532,0.29747564,-4.241869e-05,0.39088574,0
270,4.5,171.92332,1.040049,-2.6186316,0.29747367,-4.3514723e-05,0.39088467,0
271,4.516667,171.92323,1.0400476,-2.6187167,0.29747176,-4.6617643e-05,0.3908837,0
272,4.5333333,171.92314,1.0400461,-2.6187994,0.29746962,-5.6239922e-05,0.3908828,0
273,4.55,171.92305,1.0400443,-2.6189015,0.2974672,-6.541818e-05,0.3908821,0
274,4.5666666,171.92293,1.0400424,-2.6190188,0.29746485,-6.497707e-05,0.39088178,0
275,4.5833335,171.92278,1.0400405,-2.619162,0.29746228,-6.6037064e-05,0.3908816,0
276,4.6,171.92262,1.0400385,-2.6193123,0.2974592,-6.709036e-05,0.39088148,0
277,4.616667,171.92245,1.0400366,-2.6194766,0.29745585,-6.7507615e-05,0.3908816,0
278,4.633333,171.92229,1.0400345,-2.619653,0.29745236,-6.734751e-05,0.3908819,0
279,4.65,171.92209,1.0400326,-2.6198392,0.2974492,-6.811767e-05,0.39088255,0
280,4.6666665,171.9219,1.0400306,-2.620024,0.29744604,-7.022076e-05,0.3908834,0
281,4.6833334,171.9217,1.0400285,-2.6202235,0.29744288,-7.141869e-05,0.39088434,0
282,4.7,171.9215,1.0400264,-2.6204298,0.29743975,-6.803538e-05,0.39088532,0
283,4.7166667,171.92128,1.0400244,-2.6206489,0.2974364,-6.498404e-05,0.39088655,0
284,4.733333,171.92105,1.0400223,-2.6208668,0.2974332,-6.764303e-05,0.39088768,0
285,4.75,171.92084,1.0400202,-2.621082,0.29742983,-6.60277e-05,0.3908889,0
286,4.766667,171.92062,1.0400181,-2.6212938,0.29742664,-6.6739725e-05,0.39089003,0
287,4.7833333,171.92043,1.040016,-2.6214895,0.2974233,-6.649972e-05,0.3908911,0
288,4.8,171.92023,1.040014,-2.621686,0.29741994,-6.6776905e-05,0.39089215,0
289,4.8166666,171.92004,1.040012,-2.6218739,0.2974167,-6.5984575e-05,0.390893,0
290,4.8333335,171.91986,1.04001,-2.6220443,0.29741344,-7.187719e-05,0.39089364,0
291,4.85,171.9197,1.040008,-2.6222126,0.29740998,-7.0993185e-05,0.39089394,0
292,4.866667,171.91954,1.0400068,-2.6223724,0.29740697,5.380286e-05,0.3908941,0
293,4.883333,171.91934,1.0400083,-2.6225698,0.29740515,5.574304e-05,0.39089414,0
294,4.9,171.91919,1.04001,-2.622727,0.29740357,5.4759912e-05,0.39089355,0
295,4.9166665,171.91905,1.0400118,-2.6228623,0.29740286,5.8971993e-05,0.39089283,0
296,4.9333334,171.91893,1.0400136,-2.6229873,0.29740208,5.9637277e-05,0.39089215,0
297,4.95,171.9188,1.0400153,-2.6231236,0.2974016,5.924076e-05,0.39089143,0
298,4.9666667,171.91867,1.0400172,-2.6232471,0.29740104,6.535415e-05,0.39089072,0
299,4.983333,171.91855,1.040019,-2.6233745,0.29740041,6.250318e-05,0.39089003,0
300,5,171.91843,1.040021,-2.6235015,0.29739976,6.281365e-05,0.3908893,0
301,5.016667,171.91829,1.0400227,-2.6236367,0.2973991,6.431728e-05,0.39088854,0
302,5.0333333,171.91817,1.0400246,-2.623758,0.29739866,6.467345e-05,0.390888,0
303,5.05,171.91805,1.0400265,-2.6238897,0.2973985,6.498476e-05,0.3908873,0
304,5.0666666,171.91792,1.0400283,-2.6240063,0.29739836,6.2965104e-05,0.39088672,0
305,5.0833335,171.9178,1.0400302,-2.6241248,0.29739812,6.186532e-05,0.39088613,0
306,5.1,171.9177,1.0400321,-2.6242442,0.2973981,6.184554e-05,0.39088553,0
307,5.116667,171.91757,1.040034,-2.6243606,0.29739788,6.170837e-05,0.3908849,0
308,5.133333,171.91747,1.0400358,-2.6244757,0.29739773,6.246791e-05,0.3908844,0
309,5.15,171.91734,1.0400378,-2.6245914,0.29739776,6.654472e-05,0.39088377,0
310,5.1666665,171.91724,1.0400399,-2.624705,0.29739764,6.8541136e-05,0.39088318,0
311,5.1833334,171.91713,1.0400419,-2.62482,0.29739743,6.874806e-05,0.3908827,0
312,5.2,171.917,1.040044,-2.6249332,0.29739743,6.898026e-05,0.39088205,0
313,5.2166667,171.9169,1.0400461,-2.6250474,0.29739743,7.3057876e-05,0.39088154,0
314,5.233333,171.91678,1.0400481,-2.625166,0.29739743,7.276066e-05,0.3908809,0
315,5.25,171.91667,1.0400503,-2.6252804,0.2973974,7.111244e-05,0.39088038,0
316,5.266667,171.91656,1.0400524,-2.6253903,0.29739743,6.5033426e-05,0.39087984,0
317,5.2833333,171.91644,1.0400542,-2.6255066,0.2973972,5.6971265e-05,0.39087924,0
318,5.3,171.91634,1.040056,-2.6256235,0.29739714,5.788372e-05,0.39087868,0
319,5.3166666,171.91621,1.0400577,-2.6257448,0.297397,6.009991e-05,0.39087805,0
320,5.3333335,171.9161,1.0400594,-2.625856,0.2973969,5.7879555e-05,0.3908775,0
321,5.35,171.91599,1.0400612,-2.6259713,0.29739678,5.854936e-05,0.3908769,0
322,5.366667,171.91588,1.0400629,-2.626087,0.29739672,5.7926954e-05,0.39087632,0
323,5.383333,171.91577,1.0400647,-2.6262002,0.2973966,6.599469e-05,0.3908758,0
324,5.4,171.91565,1.0400666,-2.626314,0.29739654,6.365534e-05,0.3908753,0
325,5.4166665,171.91554,1.0400685,-2.626427,0.2973965,6.2849795e-05,0.39087474,0
326,5.4333334,171.91544,1.0400705,-2.6265435,0.29739654,6.450521e-05,0.39087424,0
327,5.45,171.91531,1.0400724,-2.626658,0.2973965,6.446003e-05,0.3908737,0
328,5.4666667,171.9152,1.0400743,-2.6267743,0.29739648,6.4967426e-05,0.39087313,0
329,5.483333,171.91508,1.0400763,-2.626889,0.2973965,6.4917935e-05,0.39087266,0
330,5.5,171.91498,1.0400782,-2.6269991,0.29739645,6.356875e-05,0.39087215,0
331,5.516667,171.91487,1.0400801,-2.6271117,0.29739627,6.345105e-05,0.39087158,0
332,5.5333333,171.91476,1.040082,-2.6272235,0.29739627,6.4303225e-05,0.3908711,0
333,5.55,171.91466,1.0400839,-2.6273348,0.2973963,6.239884e-05,0.3908706,0
334,5.5666666,171.91454,1.0400857,-2.6274498,0.2973963,6.271915e-05,0.39087003,0
335,5.5833335,171.91443,1.0400876,-2.627562,0.2973963,6.250127e-05,0.39086947,0
336,5.6,171.91432,1.0400895,-2.6276748,0.29739627,6.374352e-05,0.390869,0
337,5.616667,171.9142,1.0400914,-2.6277912,0.2973963,6.319218e-05,0.39086843,0
338,5.633333,171.9141,1.0400933,-2.6279051,0.2973963,6.568479e-05,0.39086792,0
339,5.65,171.91399,1.0400952,-2.6280186,0.2973963,6.212825e-05,0.3908674,0
340,5.6666665,171.91386,1.040097,-2.6281326,0.2973962,6.2094594e-05,0.3908669,0
341,5.6833334,171.91376,1.0400989,-2.6282463,0.29739618,6.3498264e-05,0.39086634,0
342,5.7,171.91364,1.0401008,-2.6283622,0.29739612,6.283644e-05,0.39086574,0
343,5.7166667,171.91353,1.0401027,-2.6284716,0.29739603,6.225162e-05,0.39086524,0
344,5.733333,171.91342,1.0401045,-2.6285818,0.2973959,6.10753e-05,0.39086473,0
345,5.75,171.91331,1.0401064,-2.628695,0.29739586,6.16386e-05,0.39086416,0
346,5.766667,171.9132,1.0401083,-2.6288133,0.29739588,6.201192e-05,0.3908636,0
347,5.7833333,171.91309,1.0401101,-2.6289248,0.29739586,6.5875625e-05,0.3908631,0
348,5.8,171.91296,1.040112,-2.6290433,0.29739583,6.298318e-05,0.3908625,0
349,5.8166666,171.91286,1.0401138,-2.629154,0.29739577,6.265319e-05,0.390862,0
350,5.8333335,171.91275,1.0401157,-2.6292675,0.29739568,6.4906824e-05,0.39086142,0
351,5.85,171.91264,1.0401175,-2.629382,0.29739553,6.114828e-05,0.39086092,0
352,5.866667,171.91252,1.0401194,-2.6295,0.2973953,5.9413847e-05,0.39086035,0
353,5.883333,171.9124,1.0401212,-2.6296186,0.29739523,6.430879e-05,0.39085972,0
354,5.9,171.9123,1.040123,-2.629739,0.29739508,6.2446925e-05,0.39085916,0
355,5.9166665,171.91217,1.0401248,-2.6298501,0.2973952,5.857238e-05,0.39085865,0
356,5.9333334,171.91206,1.0401266,-2.6299603,0.29739505,5.9758477e-05,0.39085814,0
357,5.95,171.91196,1.0401284,-2.6300786,0.297395,5.9828813e-05,0.39085758,0
358,5.9666667,171.91183,1.0401301,-2.6301982,0.29739496,5.9197464e-05,0.390857,0
359,5.983333,171.91171,1.0401319,-2.6303174,0.2973948,5.9611204e-05,0.39085642,0
360,6,171.9116,1.0401337,-2.6304326,0.29739466,5.883262e-05,0.39085588,0
361,6.016667,171.92038,1.0501812,-2.631699,0.2954183,-0.14995113,0.39040118,0
362,6.0333333,171.91574,1.0462557,-2.6324103,0.29291666,-0.14995708,0.38982216,0
363,6.05,171.9113,1.0422407,-2.6328382,0.29041463,-0.14995414,0.3892388,0
364,6.0666666,171.90685,1.0380812,-2.633145,0.2879133,-0.14995295,0.38865414,0
365,6.0833335,171.90228,1.0338101,-2.6334367,0.285412,-0.14996761,0.38806957,0
366,6.1,171.89755,1.0293391,-2.6336849,0.28291085,-0.14996278,0.38748524,0
367,6.116667,171.8928,1.0248116,-2.6339052,0.28040975,-0.14996031,0.38690114,0
368,6.133333,171.88799,1.0201527,-2.634077,0.27790794,-0.1499695,0.38631764,0
369,6.15,171.88304,1.0154026,-2.6342626,0.27540636,-0.14996727,0.38573498,0
370,6.1666665,171.87807,1.0105911,-2.6344287,0.27290446,-0.14996615,0.385153,0
371,6.1833334,171.87302,1.005718,-2.6345992,0.27040303,-0.14996278,0.38457218,0
372,6.2,171.86792,1.0007623,-2.6347387,0.26790193,-0.14987332,0.38399267,0
373,6.2166667,171.86278,0.99577403,-2.6348982,0.26540226,-0.14988816,0.38341436,0
374,6.233333,171.85759,0.9907198,-2.635033,0.2629028,-0.1498801,0.3828368,0
375,6.25,171.85233,0.9856071,-2.6351779,0.26040354,-0.14988329,0.38225976,0
376,6.266667,171.84698,0.9804343,-2.6353548,0.25790378,-0.14988662,0.38168296,0
377,6.2833333,171.84158,0.9751975,-2.6355197,0.25540423,-0.1498825,0.38110617,0
378,6.3,171.8361,0.9698987,-2.6356966,0.25290433,-0.14987707,0.3805291,0
379,6.3166666,171.83054,0.96453226,-2.6359031,0.2504047,-0.14988005,0.37995145,0
380,6.3333335,171.82486,0.9590853,-2.6361227,0.24790536,-0.14988112,0.37937295,0
381,6.35,171.8191,0.9535569,-2.6363459,0.24540631,-0.14988062,0.3787934,0
382,6.366667,171.81323,0.94794726,-2.6366115,0.24290664,-0.14988011,0.37821233,0
383,6.383333,171.80724,0.94225603,-2.6369183,0.24040723,-0.14987971,0.37762976,0
384,6.4,171.80116,0.9364833,-2.6372259,0.2379078,-0.14987938,0.37704557,0
385,6.4166665,171.79495,0.9306293,-2.6375735,0.2354086,-0.14987953,0.37645978,0
386,6.4333334,171.78864,0.92469406,-2.6379569,0.23290935,-0.14987908,0.37587237,0
387,6.45,171.7822,0.91867834,-2.6383772,0.23040949,-0.14987853,0.37528327,0
388,6.4666667,171.77568,0.91258234,-2.6387987,0.22791009,-0.14987566,0.37469307,0
389,6.483333,171.76903,0.90640813,-2.6392794,0.22541119,-0.14987393,0.3741019,0
390,6.5,171.76227,0.90015674,-2.6397836,0.22291252,-0.14987907,0.37350985,0
391,6.516667,171.75543,0.8938258,-2.6402998,0.22041342,-0.14987399,0.3729173,0
392,6.5333333,171.74847,0.8874241,-2.6408513,0.21791421,-0.14988926,0.37232456,0
393,6.55,171.74142,0.8809396,-2.6414132,0.21541491,-0.14986764,0.37173182,0
394,6.5666666,171.73428,0.8743922,-2.642004,0.21291557,-0.14988852,0.37113953,0
395,6.5833335,171.72707,0.86776686,-2.642596,0.21041627,-0.1498807,0.37054786,0
396,6.6,171.71977,0.8610754,-2.6432004,0.2079167,-0.14989452,0.36995697,0
397,6.616667,171.7124,0.85430574,-2.643798,0.20541728,-0.1498711,0.36936712,0
398,6.633333,171.70494,0.84747416,-2.6444354,0.20291843,-0.14987457,0.36877832,0
399,6.65,171.69745,0.8405769,-2.6450336,0.20041987,-0.14988986,0.36819065,0
400,6.6666665,171.6899,0.83360595,-2.645611,0.19792102,-0.14987077,0.36760387,0
401,6.6833334,171.68225,0.8265726,-2.646221,0.19542216,-0.14987166,0.3670179,0
402,6.7,171.67458,0.819472,-2.6467984,0.1929232,-0.14988138,0.36643252,0
403,6.7166667,171.66687,0.8123066,-2.6473398,0.190424,-0.14989497,0.36584768,0
404,6.733333,171.65909,0.80506426,-2.647873,0.18792474,-0.14986674,0.36526313,0
405,6.75,171.65129,0.7977591,-2.648372,0.1854254,-0.14986338,0.36467868,0
406,6.766667,171.64342,0.79038244,-2.648863,0.18292646,-0.14984013,0.36409417,0
407,6.7833333,171.6355,0.78301346,-2.649417,0.18042716,-0.15020934,0.36350927,0
408,6.8,171.62764,0.7759828,-2.6502507,0.17792791,-0.15021801,0.3629245,0
409,6.8166666,171.61981,0.7688764,-2.6509705,0.17542666,-0.1502189,0.3623358,0
410,6.8333335,171.61209,0.7616903,-2.651504,0.17291985,-0.15021823,0.36174533,0
411,6.85,171.60426,0.75409466,-2.6517372,0.17041865,-0.14988717,0.36115795,0
412,6.866667,171.5963,0.74627995,-2.6518824,0.16792046,-0.14987303,0.3605712,0
413,6.883333,171.58806,0.73822725,-2.6520648,0.16542222,-0.14986941,0.35998547,0
414,6.9,171.57983,0.7301361,-2.6522076,0.16292398,-0.14987059,0.359401,0
415,6.9166665,171.57156,0.7220039,-2.6523392,0.1604257,-0.14986789,0.3588177,0
416,6.9333334,171.56328,0.71382964,-2.6524599,0.15792708,-0.14986533,0.35823566,0
417,6.95,171.55493,0.7056112,-2.6525857,0.15542874,-0.14986315,0.3576548,0
418,6.9666667,171.54654,0.69734323,-2.6527114,0.15293063,-0.14985,0.35707524,0
419,6.983333,171.53812,0.68903714,-2.6528232,0.15043265,-0.14986336,0.3564969,0
420,7,171.52963,0.6806791,-2.6529434,0.14793453,-0.1498792,0.3559197,0
421,7.016667,171.52112,0.67228353,-2.6530724,0.14543614,-0.1498743,0.35534355,0
422,7.0333333,171.51254,0.66385174,-2.6532116,0.14293759,-0.14988491,0.35476846,0
423,7.05,171.50392,0.65537757,-2.6533592,0.14043885,-0.1499034,0.35419446,0
424,7.0666666,171.49527,0.64685667,-2.6534858,0.13793881,-0.14991613,0.35362133,0
425,7.0833335,171.48654,0.6382945,-2.6536481,0.13543788,-0.14997259,0.35304895,0
426,7.1,171.47772,0.6296773,-2.6538517,0.13293584,-0.1500089,0.35247722,0
427,7.116667,171.46886,0.62102395,-2.6540759,0.13043225,-0.15008049,0.35190585,0
428,7.133333,171.4599,0.6123213,-2.6543305,0.12792705,-0.15014824,0.35133478,0
429,7.15,171.45087,0.6035742,-2.654617,0.12541996,-0.15020072,0.35076398,0
430,7.1666665,171.44173,0.59477895,-2.6549509,0.12291162,-0.15023194,0.35019365,0
431,7.1833334,171.43254,0.5858997,-2.6552603,0.120402746,-0.15023266,0.3496241,0
432,7.2,171.42322,0.5769397,-2.655617,0.117894515,-0.15023735,0.3490551,0
433,7.2166667,171.4138,0.5679136,-2.6560159,0.11538703,-0.15023603,0.3484864,0
434,7.233333,171.40427,0.55880684,-2.6564374,0.112879455,-0.15023817,0.3479173,0
435,7.25,171.3946,0.5496333,-2.6569326,0.11037295,-0.1502339,0.34734753,0
436,7.266667,171.38484,0.54038626,-2.6574416,0.107867464,-0.15023333,0.34677663,0
437,7.2833333,171.37494,0.53107226,-2.6580293,0.10536289,-0.15023844,0.34620443,0
438,7.3,171.36491,0.52168494,-2.658676,0.102860145,-0.15023297,0.3456304,0
439,7.3166666,171.35474,0.51223016,-2.6593914,0.100358404,-0.15023312,0.34505418,0
440,7.3333335,171.34445,0.5027052,-2.6601584,0.09785782,-0.15022722,0.34447566,0
441,7.35,171.33405,0.493112,-2.6609764,0.09535859,-0.1502299,0.34389463,0
442,7.366667,171.32352,0.48345056,-2.6618338,0.092860214,-0.1502309,0.34331152,0
443,7.383333,171.31291,0.4737155,-2.6627026,0.09036136,-0.15022835,0.34272662,0
444,7.4,171.3022,0.46391207,-2.6636105,0.08786296,-0.15022261,0.3421398,0
445,7.4166665,171.2918,0.45403996,-2.664145,0.08535095,-0.15023015,0.34155723,0
446,7.4333334,171.28123,0.44409847,-2.6647666,0.08284237,-0.15022057,0.34097183,0
447,7.45,171.27058,0.43407863,-2.6653907,0.080334246,-0.15022647,0.3403853,0
448,7.4666667,171.25986,0.4239906,-2.6660407,0.07782553,-0.1502184,0.33979777,0
449,7.483333,171.24904,0.41382915,-2.666695,0.0753177,-0.15022065,0.33920988,0
450,7.5,171.2382,0.4035156,-2.6672134,0.07281731,-0.14983955,0.33862624,0
451,7.516667,171.2274,0.39323696,-2.667734,0.07032038,-0.14983098,0.3380433,0
452,7.5333333,171.2165,0.38288853,-2.668284,0.06782381,-0.14982405,0.33746108,0
453,7.55,171.20558,0.3724706,-2.66879,0.065327294,-0.14982498,0.33687964,0
454,7.5666666,171.19458,0.36198148,-2.6693003,0.06283054,-0.14982118,0.3362993,0
455,7.5833335,171.18352,0.35142356,-2.6698093,0.06033376,-0.14982314,0.33572015,0
456,7.6,171.1724,0.3407938,-2.6703017,0.057836957,-0.14981546,0.33514237,0
457,7.616667,171.1612,0.33009675,-2.6707985,0.05534035,-0.14981748,0.33456588,0
458,7.633333,171.14998,0.3193291,-2.6712575,0.052843843,-0.14981441,0.33399078,0
459,7.65,171.1387,0.30849302,-2.671697,0.050347075,-0.14981627,0.33341688,0
460,7.6666665,171.12735,0.29758665,-2.6721354,0.04785061,-0.14981426,0.3328441,0
461,7.6833334,171.11595,0.2866112,-2.6725674,0.04535405,-0.14981683,0.33227232,0
462,7.7,171.1045,0.27556434,-2.672963,0.04285711,-0.14981426,0.33170122,0
463,7.7166667,171.09299,0.2644467,-2.6733546,0.04036024,-0.14981575,0.3311307,0
464,7.733333,171.08145,0.25325572,-2.6736994,0.037863266,-0.14981636,0.3305607,0
465,7.75,171.06987,0.24199224,-2.674024,0.035366286,-0.14981553,0.32999098,0
466,7.766667,171.05818,0.23065564,-2.6743767,0.032869466,-0.1498146,0.32942152,0
467,7.7833333,171.04645,0.2192453,-2.6746974,0.030372927,-0.14981486,0.32885227,0
468,7.8,171.03465,0.20776002,-2.6750112,0.027876424,-0.14981453,0.32828328,0
469,7.8166666,171.0228,0.19619976,-2.6753004,0.025380054,-0.14981471,0.32771447,0
470,7.8333335,171.01088,0.18456326,-2.6755857,0.02288341,-0.14981358,0.32714584,0
471,7.85,170.99892,0.1728508,-2.6758354,0.020386972,-0.14981419,0.32657784,0
472,7.866667,170.98683,0.1610616,-2.6761248,0.017890882,-0.14981371,0.32601038,0
473,7.883333,170.9747,0.14919564,-2.6763978,0.01539496,-0.14981534,0.32544374,0
474,7.9,170.96248,0.13725258,-2.6766708,0.012898685,-0.14981623,0.324878,0
475,7.9166665,170.95021,0.12523274,-2.676932,0.010402539,-0.14981642,0.3243134,0
476,7.9333334,170.93784,0.113136396,-2.6771958,0.007906559,-0.1498168,0.32375008,0
477,7.95,170.92545,0.100963645,-2.6774275,0.0054100547,-0.14981712,0.32318795,0
478,7.9666667,170.91292,0.08871461,-2.6777031,0.0029135775,-0.14981712,0.32262734,0
479,7.983333,170.90031,0.07638985,-2.6779788,0.00041761465,-0.14981718,0.32206813,0
480,8,170.88763,0.06401916,-2.6782863,-0.0020803974,-0.14991021,0.32150915,0
481,8.016666,170.86989,0.04805626,-2.6800735,-0.0028489693,8.821675e-05,0.32134345,0
482,8.033334,170.86943,0.04806393,-2.6805375,-0.002849474,8.3404666e-05,0.3213515,0
483,8.05,170.86916,0.048070632,-2.6808145,-0.0028501654,7.656356e-05,0.32135803,0
484,8.066667,170.86893,0.04807724,-2.681054,-0.002850648,7.655955e-05,0.32136256,0
485,8.083333,170.86873,0.04808383,-2.6812587,-0.0028510932,7.704973e-05,0.3213646,0
486,8.1,170.86856,0.048090532,-2.6814296,-0.0028515775,9.2054855e-05,0.32136393,0
487,8.116667,170.86842,0.048098367,-2.681582,-0.0028519707,9.264492e-05,0.32136178,0
488,8.133333,170.86826,0.04810607,-2.6817513,-0.0028521644,9.2852446e-05,0.3213587,0
489,8.15,170.8681,0.0481139,-2.6819186,-0.002852282,9.677512e-05,0.321355,0
490,8.166667,170.86792,0.048124585,-2.6821103,-0.0028519782,0.0001351639,0.32135049,0
491,8.183333,170.86775,0.04813579,-2.6822853,-0.0028518813,0.0001345578,0.32134548,0
492,8.2,170.86758,0.04814698,-2.682464,-0.0028519633,0.00013437051,0.32133976,0
493,8.216666,170.86742,0.048157714,-2.6826406,-0.0028520378,0.00012444991,0.3213337,0
494,8.233334,170.86725,0.04816811,-2.6828225,-0.0028521495,0.00012453087,0.32132727,0
495,8.25,170.86707,0.048178513,-2.6830108,-0.0028521346,0.00012461469,0.32132068,0
496,8.266666,170.86688,0.04818892,-2.6832044,-0.0028521495,0.00012468928,0.32131407,0
497,8.283334,170.8667,0.04819933,-2.6833997,-0.002852142,0.00012476662,0.32130757,0
498,8.3,170.86652,0.04820974,-2.6835935,-0.0028521048,0.00012485503,0.32130137,0
499,8.316667,170.86633,0.04822016,-2.6837916,-0.0028520005,0.00012492212,0.3212954,0
500,8.333333,170.86615,0.04823058,-2.6839888,-0.0028521272,0.0001249994,0.3212897,0
501,8.35,170.86597,0.048241004,-2.6841838,-0.0028520527,0.00012508854,0.32128447,0
502,8.366667,170.86578,0.048251428,-2.6843748,-0.002851993,0.00012515143,0.32127964,0
503,8.383333,170.8656,0.04826186,-2.6845677,-0.0028521346,0.00012523078,0.32127514,0
504,8.4,170.86543,0.04827229,-2.684744,-0.0028520303,0.00012529994,0.32127133,0
505,8.416667,170.86526,0.04828272,-2.6849213,-0.0028519558,0.0001253471,0.32126772,0
506,8.433333,170.8651,0.048293155,-2.685091,-0.0028520378,0.00012539282,0.32126448,0
507,8.45,170.86496,0.048303593,-2.6852489,-0.0028519335,0.00012544355,0.32126176,0
508,8.466666,170.86482,0.04831403,-2.6853962,-0.0028519633,0.00012547853,0.3212593,0
509,8.483334,170.86469,0.04832447,-2.685538,-0.0028519782,0.00012562869,0.32125703,0
510,8.5,170.86458,0.048334945,-2.6856658,-0.0028519782,0.00012627017,0.32125515,0
511,8.516666,170.86447,0.04834548,-2.6857803,-0.0028519037,0.00012730583,0.32125354,0
512,8.533334,170.86438,0.048355296,-2.6858842,-0.0028518068,0.000111370224,0.32125214,0
513,8.55,170.86429,0.048364714,-2.6859863,-0.002851777,0.000111694906,0.3212508,0
514,8.566667,170.86418,0.04837415,-2.6860886,-0.002851585,0.00011184935,0.32124946,0
515,8.583333,170.86409,0.048383597,-2.68619,-0.002851488,0.00011193282,0.3212481,0
516,8.6,170.864,0.04839305,-2.6862926,-0.0028513763,0.000112007554,0.32124677,0
517,8.616667,170.8639,0.048402507,-2.6863964,-0.0028512497,0.00011205786,0.32124543,0
518,8.633333,170.86382,0.048411965,-2.6864994,-0.0028509907,0.00011210851,0.3212441,0
519,8.65,170.86372,0.048421428,-2.6866002,-0.0028507374,0.000112140566,0.32124272,0
520,8.666667,170.86363,0.048430897,-2.6867034,-0.0028505512,0.00011219926,0.32124138,0
521,8.683333,170.86354,0.048440367,-2.6868057,-0.0028503218,0.00011224568,0.32124007,0
522,8.7,170.86345,0.048449844,-2.6869051,-0.0028499418,0.00011227918,0.32123876,0
523,8.716666,170.86336,0.04845932,-2.6870098,-0.0028496305,0.00011232858,0.32123736,0
524,8.733334,170.86327,0.048468802,-2.6871076,-0.002849489,0.00011237149,0.3212361,0
525,8.75,170.86317,0.048478287,-2.6872103,-0.002849258,0.000112425114,0.32123473,0
526,8.766666,170.86307,0.04848777,-2.687315,-0.0028490066,0.00011244914,0.3212334,0
527,8.783334,170.86298,0.04849726,-2.6874158,-0.002848798,0.00011248281,0.32123208,0
528,8.8,170.86288,0.04850676,-2.6875231,-0.0028485612,0.00011439123,0.3212307,0
529,8.816667,170.8628,0.04851641,-2.6876237,-0.0028482706,0.00011443099,0.3212294,0
530,8.833333,170.8627,0.04852607,-2.6877282,-0.0028480843,0.000114465125,0.32122806,0
531,8.85,170.86261,0.04853573,-2.6878307,-0.0028477807,0.000114509545,0.32122675,0
532,8.866667,170.86252,0.048545394,-2.6879327,-0.002847438,0.00011454654,0.32122537,0
533,8.883333,170.86243,0.04855506,-2.688036,-0.0028471714,0.00011459178,0.32122406,0
534,8.9,170.86234,0.048564732,-2.6881363,-0.0028468957,0.000114642964,0.32122275,0
535,8.916667,170.86223,0.048574407,-2.688241,-0.002846577,0.00011466574,0.32122138,0
536,8.933333,170.86214,0.04858408,-2.688346,-0.0028463982,0.00011486703,0.32122004,0
537,8.95,170.86205,0.04859376,-2.6884482,-0.0028463162,0.00011477439,0.32121867,0
538,8.966666,170.86195,0.048603445,-2.6885514,-0.002846035,0.00011479143,0.3212174,0
539,8.983334,170.86186,0.04861313,-2.6886556,-0.002845804,0.000114860966,0.321216,0
540,9,170.86177,0.04862282,-2.688757,-0.00284564,0.00011486933,0.32121468,0
541,9.016666,170.86168,0.04863251,-2.6888592,-0.0028452543,0.00011489832,0.32121336,0
542,9.033334,170.86157,0.048642207,-2.688967,-0.002844928,0.00011500711,0.321212,0
543,9.05,170.86148,0.048651904,-2.6890721,-0.0028446077,0.00011500878,0.32121065,0
544,9.066667,170.86139,0.048661605,-2.6891773,-0.0028443413,0.000115013616,0.3212093,0
545,9.083333,170.8613,0.04867131,-2.6892793,-0.0028440284,0.00011507224,0.32120797,0
546,9.1,170.8612,0.048681017,-2.6893847,-0.002843939,0.00011511115,0.32120657,0
547,9.116667,170.86111,0.04869073,-2.6894855,-0.0028436873,0.00011514991,0.3212053,0
548,9.133333,170.86101,0.04870044,-2.6895883,-0.0028433816,0.000115472365,0.32120392,0
549,9.15,170.86092,0.048710156,-2.6896935,-0.0028431076,0.00011570903,0.32120258,0
550,9.166667,170.86082,0.048719835,-2.6897953,-0.0028428691,0.000113569884,0.32120126,0
551,9.183333,170.86073,0.04872931,-2.689901,-0.002842558,0.00011227594,0.3211999,0
552,9.2,170.86064,0.048738744,-2.690004,-0.0028423048,0.000111838024,0.32119855,0
553,9.216666,170.86055,0.048748177,-2.690106,-0.002842059,0.00011187782,0.3211972,0
554,9.233334,170.86044,0.048757613,-2.6902092,-0.0028417998,0.00011196396,0.3211959,0
555,9.25,170.86035,0.048767056,-2.690313,-0.0028415762,0.0001119495,0.32119453,0
556,9.266666,170.86026,0.04877649,-2.690416,-0.00284125,0.00011161112,0.3211932,0
557,9.283334,170.86017,0.048785906,-2.6905212,-0.0028410861,0.00011201966,0.32119182,0
558,9.3,170.86008,0.04879535,-2.6906204,-0.00284087,0.00011189248,0.3211905,0
559,9.316667,170.85999,0.048804782,-2.6907215,-0.0028407006,0.0001118172,0.3211891,0
560,9.333333,170.8599,0.04881421,-2.6908228,-0.0028404547,0.00011183795,0.32118782,0
561,9.35,170.8598,0.04882364,-2.6909244,-0.0028400987,0.00011069287,0.32118648,0
562,9.366667,170.85971,0.048833065,-2.6910238,-0.0028397634,0.000111774374,0.32118514,0
563,9.383333,170.85962,0.04884249,-2.6911244,-0.0028394298,0.00011173246,0.3211838,0
564,9.4,170.85953,0.048851572,-2.6912265,-0.0028391764,0.000104688144,0.32118243,0
565,9.416667,170.85944,0.048860457,-2.6913245,-0.0028389995,0.00010626164,0.32118112,0
566,9.433333,170.85934,0.048869498,-2.6914258,-0.0028386866,0.000109413726,0.32117975,0
567,9.45,170.85925,0.04887862,-2.6915257,-0.0028385003,0.000107503845,0.3211784,0
568,9.466666,170.85916,0.048887543,-2.6916263,-0.0028381965,0.00010390156,0.32117704,0
569,9.483334,170.85907,0.04889644,-2.6917264,-0.0028378314,0.000104864484,0.32117575,0
570,9.5,170.85898,0.048905373,-2.691828,-0.0028375871,0.00010475085,0.3211744,0
571,9.516666,170.85889,0.048914343,-2.691927,-0.0028372519,0.00010224422,0.32117307,0
572,9.533334,170.8588,0.048923213,-2.6920295,-0.0028369632,0.00010495536,0.3211718,0
573,9.55,170.8587,0.04893233,-2.6921291,-0.002836613,0.000103077975,0.32117045,0
574,9.566667,170.85861,0.048941303,-2.692233,-0.0028362197,0.000108810505,0.32116908,0
575,9.583333,170.85852,0.04895047,-2.6923316,-0.0028360484,0.000104560626,0.32116777,0
576,9.6,170.85843,0.048959397,-2.6924298,-0.0028358935,0.00010422353,0.32116646,0
577,9.616667,170.85834,0.0489683,-2.6925285,-0.0028355806,0.000102942664,0.3211651,0
578,9.633333,170.85825,0.04897739,-2.69263,-0.002835344,0.00010726678,0.32116377,0
579,9.65,170.85815,0.048986517,-2.6927319,-0.0028350758,0.00010564541,0.3211624,0
580,9.666667,170.85806,0.048995387,-2.6928284,-0.0028347927,0.00010470836,0.32116112,0
581,9.683333,170.85797,0.049004357,-2.692929,-0.0028344218,0.00010517387,0.32115978,0
582,9.7,170.8579,0.049013488,-2.6930285,-0.0028342505,0.000109208915,0.32115844,0
583,9.716666,170.8578,0.04902255,-2.6931274,-0.0028339766,0.000105082836,0.3211571,0
584,9.733334,170.85771,0.04903162,-2.693227,-0.0028337755,0.0001064793,0.3211558,0
585,9.75,170.85762,0.04904071,-2.6933281,-0.0028335685,0.00010564741,0.32115445,0
586,9.766666,170.85753,0.049049646,-2.6934278,-0.0028332854,0.00010615104,0.32115313,0
587,9.783334,170.85744,0.04905861,-2.6935282,-0.0028328921,0.00011082309,0.3211518,0
588,9.8,170.85735,0.04906759,-2.6936264,-0.002832691,0.000104015635,0.32115048,0
589,9.816667,170.85725,0.04907645,-2.693728,-0.0028325121,0.000103705264,0.3211491,0
590,9.833333,170.85716,0.049085494,-2.6938293,-0.0028322681,0.000107272666,0.32114777,0
591,9.85,170.85707,0.049094696,-2.6939259,-0.0028320223,0.00010997306,0.32114646,0
592,9.866667,170.85698,0.049103677,-2.6940272,-0.002831851,0.000105562256,0.3211451,0
593,9.883333,170.85689,0.049112663,-2.6941257,-0.0028317035,0.00010623115,0.32114378,0
594,9.9,170.8568,0.049121592,-2.6942258,-0.002831376,0.00010604757,0.3211424,0
595,9.916667,170.8567,0.049130715,-2.6943233,-0.0028311168,0.00011126627,0.32114112,0
596,9.933333,170.85661,0.04913994,-2.6944237,-0.0028308113,0.0001073888,0.32113978,0
597,9.95,170.85652,0.049148962,-2.6945248,-0.0028305952,0.000105131854,0.3211384,0
598,9.966666,170.85643,0.0491579,-2.6946244,-0.0028302171,0.00010593411,0.3211371,0
599,9.983334,170.85634,0.049167097,-2.6947265,-0.0028299505,0.00010635629,0.32113576,0
600,10,170.85626,0.04917612,-2.6948237,-0.0028297047,0.00010589368,0.32113445,0
