frame,pairs_checked,pairs_overlapping,max_child_sat_depth_m
0,136,0,0
60,136,19,0.00010012086
120,136,18,0.000100163714
180,136,20,0.000100187004
240,136,21,0.00010023868
300,136,20,0.00010024095
360,136,19,0.00010026385
420,136,20,0.00010029852
480,136,21,0.00010027946
540,136,20,0.00010027765
600,136,20,0.00010030969
660,136,21,0.0001003385
720,136,21,0.0001003656
780,136,21,0.00010020069
840,136,21,0.00010025902
900,136,20,0.000100178346
960,136,21,0.00010017957
1020,136,21,0.000100228215
1080,136,21,0.000100211175
1140,136,21,0.00010015946
1200,136,21,0.000100165766
