frame,time_s,height_m,angle_rad,speed_rad_s,energy_J,drive_work_J,residual_J,screw_error_m,sampled_depth_m
1,0.016666668,0.1506036,-5.2795984e-14,4.2236787e-13,1.3078544,1.511483e-28,-0.00029567967,0,0
2,0.033333335,0.14964055,1.635779e-05,-0.00013086232,1.2878436,1.0805857e-11,-0.020306475,0,0
3,0.05,0.14961286,2.0353498e-05,-0.00016282799,1.2876056,3.3259697e-11,-0.020544419,0,0
4,0.06666667,0.14961286,2.0412908e-05,-0.00016330327,1.2876056,5.5843264e-11,-0.020544419,0,0
5,0.083333336,0.14961286,2.0474536e-05,-0.00016379629,1.2876056,7.856315e-11,-0.020544419,0,0
6,0.1,0.14961286,2.0496598e-05,-0.00016397279,1.2876056,1.013427e-10,-0.020544419,0,0
7,0.11666667,0.14961286,2.051503e-05,-0.00016412024,1.2876056,1.2416324e-10,-0.020544419,0,0
8,0.13333334,0.14961286,2.053122e-05,-0.00016424977,1.2876056,1.4702005e-10,-0.020544419,0,0
9,0.15,0.14961286,2.0547459e-05,-0.00016437967,1.2876056,1.6991303e-10,-0.020544419,0,0
10,0.16666667,0.14961286,2.0563699e-05,-0.00016450959,1.2876056,1.928422e-10,-0.020544419,0,0
11,0.18333334,0.14961284,2.0579937e-05,-0.0001646395,1.2876056,2.1580762e-10,-0.020544419,0,0
12,0.2,0.1496126,1.9789362e-05,-0.0001583149,1.2876035,2.370412e-10,-0.020546615,0,0
13,0.21666667,0.1496126,1.9775898e-05,-0.00015820719,1.2876035,2.582386e-10,-0.020546615,0,0
14,0.23333333,0.1496126,1.9687172e-05,-0.00015749737,1.2876035,2.7924613e-10,-0.020546615,0,0
15,0.25,0.1496126,1.9634672e-05,-0.00015707737,1.2876035,3.0014113e-10,-0.020546615,0,0
16,0.26666668,0.1496126,1.958274e-05,-0.00015666192,1.2876035,3.2092637e-10,-0.020546615,0,0
17,0.28333333,0.1496126,1.9530715e-05,-0.00015624572,1.2876035,3.3574316e-10,-0.020546611,0,0
18,0.3,0.1496126,1.951496e-05,-0.00015611968,1.2876035,3.563847e-10,-0.020546615,0,0
19,0.31666666,0.1496126,1.949951e-05,-0.0001559961,1.2876035,3.7699432e-10,-0.020546615,0,0
20,0.33333334,0.1496126,1.9483632e-05,-0.00015586906,1.2876035,3.975692e-10,-0.020546615,0,0
21,0.35,0.1496126,1.9468442e-05,-0.00015574755,1.2876035,4.181124e-10,-0.020546615,0,0
22,0.36666667,0.1496126,1.9489342e-05,-0.00015591473,1.2876035,4.3869852e-10,-0.020546615,0,0
23,0.38333333,0.1496126,1.9473864e-05,-0.00015579091,1.2876035,4.5925247e-10,-0.020546615,0,0
24,0.4,0.1496126,1.945891e-05,-0.00015567127,1.2876035,4.7977555e-10,-0.020546615,0,0
25,0.41666666,0.14961213,1.9273686e-05,-0.00015418949,1.2875994,4.999182e-10,-0.020550694,0,0
26,0.43333334,0.14961213,1.92498e-05,-0.0001539984,1.2875994,5.2001037e-10,-0.020550694,0,0
27,0.45,0.14961213,1.9271647e-05,-0.00015417318,1.2875994,5.4014776e-10,-0.020550694,0,0
28,0.46666667,0.14961213,1.9289806e-05,-0.00015431845,1.2875994,5.6032456e-10,-0.020550694,0,0
29,0.48333332,0.14961213,1.9298595e-05,-0.00015438876,1.2875994,5.805197e-10,-0.020550694,0,0
30,0.5,0.14961214,1.9306512e-05,-0.0001544521,1.2875994,6.007316e-10,-0.020550694,0,0
31,0.51666665,0.14961214,1.9311992e-05,-0.00015449594,1.2875994,6.2095495e-10,-0.020550694,0,0
32,0.53333336,0.14961214,1.931795e-05,-0.0001545436,1.2875994,6.411907e-10,-0.020550694,0,0
33,0.55,0.14961214,1.9315416e-05,-0.00015452332,1.2875994,6.614174e-10,-0.020550694,0,0
34,0.56666666,0.14961214,1.931215e-05,-0.00015449722,1.2875994,6.816412e-10,-0.020550694,0,0
35,0.5833333,0.14961214,1.9316854e-05,-0.00015453484,1.2875994,7.018748e-10,-0.020550694,0,0
36,0.6,0.14961214,1.9321558e-05,-0.00015457247,1.2875994,7.221182e-10,-0.020550694,0,0
37,0.6166667,0.14961214,1.9326262e-05,-0.0001546101,1.2875994,7.423715e-10,-0.020550694,0,0
38,0.6333333,0.14961214,1.933097e-05,-0.00015464776,1.2875994,7.626347e-10,-0.020550694,0,0
39,0.65,0.14961214,1.9335677e-05,-0.00015468542,1.2875994,7.8290774e-10,-0.020550694,0,0
40,0.6666667,0.14961214,1.93407e-05,-0.0001547256,1.2875994,8.031913e-10,-0.020550694,0,0
41,0.68333334,0.14961214,1.9345833e-05,-0.00015476666,1.2875994,8.234856e-10,-0.020550694,0,0
42,0.7,0.14961214,1.9350966e-05,-0.00015480773,1.2875994,8.4379076e-10,-0.020550694,0,0
43,0.71666664,0.14961214,1.9356099e-05,-0.00015484879,1.2875994,8.641066e-10,-0.020550694,0,0
44,0.73333335,0.14961214,1.9361234e-05,-0.00015488987,1.2875994,8.8443325e-10,-0.020550694,0,0
45,0.75,0.14961214,1.9366367e-05,-0.00015493094,1.2875994,9.047707e-10,-0.020550694,0,0
46,0.76666665,0.14961214,1.9371502e-05,-0.00015497202,1.2875994,9.251189e-10,-0.020550694,0,0
47,0.78333336,0.14961214,1.9376637e-05,-0.0001550131,1.2875994,9.454779e-10,-0.020550694,0,0
48,0.8,0.14961214,1.9381772e-05,-0.00015505418,1.2875994,9.658477e-10,-0.020550694,0,0
49,0.81666666,0.14961214,1.9386907e-05,-0.00015509526,1.2875994,9.862283e-10,-0.020550694,0,0
50,0.8333333,0.14961214,1.9392042e-05,-0.00015513634,1.2875994,1.0066197e-09,-0.020550694,0,0
51,0.85,0.14961214,1.9397177e-05,-0.00015517742,1.2875994,1.0270219e-09,-0.020550694,0,0
52,0.8666667,0.14961214,1.9402314e-05,-0.00015521851,1.2875994,1.0474349e-09,-0.020550694,0,0
53,0.8833333,0.14961214,1.940745e-05,-0.00015525961,1.2875994,1.0678587e-09,-0.020550694,0,0
54,0.9,0.14961214,1.9412586e-05,-0.0001553007,1.2875994,1.0882933e-09,-0.020550694,0,0
55,0.9166667,0.14961214,1.9417723e-05,-0.00015534178,1.2875994,1.1087388e-09,-0.020550694,0,0
56,0.93333334,0.14961214,1.942286e-05,-0.00015538288,1.2875994,1.1291951e-09,-0.020550694,0,0
57,0.95,0.14961214,1.9427996e-05,-0.00015542397,1.2875994,1.1496621e-09,-0.020550694,0,0
58,0.96666664,0.14961214,1.9433133e-05,-0.00015546507,1.2875994,1.1701401e-09,-0.020550694,0,0
59,0.98333335,0.14961214,1.9438272e-05,-0.00015550618,1.2875994,1.1906288e-09,-0.020550694,0,0
60,1,0.14961214,1.9443409e-05,-0.00015554727,1.2875994,1.2111284e-09,-0.020550694,0,4.997272e-05
61,1.0166667,0.14961214,1.9448547e-05,-0.0001555884,1.2875994,1.2316388e-09,-0.020550694,0,4.997272e-05
62,1.0333333,0.14961214,1.9453686e-05,-0.00015562949,1.2875994,1.25216e-09,-0.020550694,0,4.997272e-05
63,1.05,0.14961214,1.9458825e-05,-0.0001556706,1.2875994,1.2726921e-09,-0.020550694,0,4.997272e-05
64,1.0666667,0.14961214,1.9463963e-05,-0.0001557117,1.2875994,1.2932351e-09,-0.020550694,0,4.997272e-05
65,1.0833334,0.14961214,1.9469102e-05,-0.00015575282,1.2875994,1.3137889e-09,-0.020550694,0,4.997272e-05
66,1.1,0.14961214,1.9474242e-05,-0.00015579394,1.2875994,1.3343534e-09,-0.020550694,0,4.997272e-05
67,1.1166667,0.14961214,1.9480964e-05,-0.00015584771,1.2875994,1.354932e-09,-0.020550694,0,4.997272e-05
68,1.1333333,0.14961216,1.9491006e-05,-0.00015592805,1.2875994,1.3755319e-09,-0.020550694,0,4.997272e-05
69,1.15,0.14961216,1.9498206e-05,-0.00015598566,1.2875994,1.3961471e-09,-0.020550694,0,4.997272e-05
70,1.1666666,0.14961216,1.9504763e-05,-0.00015603812,1.2875994,1.4167763e-09,-0.020550694,0,4.997272e-05
71,1.1833333,0.14961216,1.9511226e-05,-0.00015608982,1.2875994,1.437419e-09,-0.020550694,0,4.997272e-05
72,1.2,0.14961216,1.9517682e-05,-0.00015614145,1.2875994,1.4580754e-09,-0.020550694,0,4.997272e-05
73,1.2166667,0.14961216,1.9524137e-05,-0.00015619308,1.2875994,1.4787456e-09,-0.020550694,0,4.997272e-05
74,1.2333333,0.14961216,1.9530593e-05,-0.00015624474,1.2875994,1.4994294e-09,-0.020550694,0,4.997272e-05
75,1.25,0.14961216,1.953705e-05,-0.00015629642,1.2875994,1.5201268e-09,-0.020550694,0,4.997272e-05
76,1.2666667,0.14961216,1.9543506e-05,-0.00015634805,1.2875994,1.5408379e-09,-0.020550694,0,4.997272e-05
77,1.2833333,0.14961216,1.9549962e-05,-0.00015639969,1.2875994,1.5615628e-09,-0.020550694,0,4.997272e-05
78,1.3,0.14961216,1.9556419e-05,-0.00015645135,1.2875994,1.5823013e-09,-0.020550694,0,4.997272e-05
79,1.3166667,0.14961216,1.9562876e-05,-0.00015650301,1.2875994,1.6030535e-09,-0.020550694,0,4.997272e-05
80,1.3333334,0.14961216,1.956548e-05,-0.00015652382,1.2875994,1.6238113e-09,-0.020550694,0,4.997272e-05
81,1.35,0.14961216,1.9563922e-05,-0.00015651138,1.2875994,1.6445659e-09,-0.020550694,0,4.997272e-05
82,1.3666667,0.14961216,1.956227e-05,-0.00015649816,1.2875994,1.6653169e-09,-0.020550694,0,4.997272e-05
83,1.3833333,0.14961216,1.9560319e-05,-0.00015648257,1.2875994,1.6860638e-09,-0.020550694,0,4.997272e-05
84,1.4,0.14961216,1.955827e-05,-0.00015646617,1.2875994,1.7068064e-09,-0.020550694,0,4.997272e-05
85,1.4166666,0.14961216,1.9522415e-05,-0.0001561793,1.2875994,1.7274625e-09,-0.020550694,0,4.997272e-05
86,1.4333333,0.14961216,1.9463772e-05,-0.00015571018,1.2875994,1.7479945e-09,-0.020550694,0,4.997272e-05
87,1.45,0.14961216,1.9405132e-05,-0.00015524107,1.2875994,1.7684031e-09,-0.020550694,0,4.997272e-05
88,1.4666667,0.14961216,1.9346493e-05,-0.00015477194,1.2875994,1.7886884e-09,-0.020550694,0,4.997272e-05
89,1.4833333,0.14961216,1.9287883e-05,-0.00015430307,1.2875994,1.808851e-09,-0.020550694,0,4.997272e-05
90,1.5,0.14961216,1.922925e-05,-0.000153834,1.2875994,1.8288909e-09,-0.020550694,0,4.997272e-05
91,1.5166667,0.14961216,1.9170617e-05,-0.00015336493,1.2875994,1.8488089e-09,-0.020550694,0,4.997272e-05
92,1.5333333,0.14961216,1.9111978e-05,-0.00015289582,1.2875994,1.868605e-09,-0.020550694,0,4.997272e-05
93,1.55,0.14961216,1.905386e-05,-0.00015243088,1.2875994,1.888282e-09,-0.020550694,0,4.997272e-05
94,1.5666667,0.14961216,1.899708e-05,-0.00015197664,1.2875994,1.9078414e-09,-0.020550694,0,4.997272e-05
95,1.5833334,0.14961216,1.8940304e-05,-0.00015152243,1.2875994,1.9272843e-09,-0.020550696,0,4.997272e-05
96,1.6,0.14961217,1.8883524e-05,-0.00015106819,1.2875994,1.9466107e-09,-0.020550696,0,4.997272e-05
97,1.6166667,0.14961217,1.8826746e-05,-0.00015061397,1.2875994,1.965821e-09,-0.020550696,0,4.997272e-05
98,1.6333333,0.14961217,1.8769973e-05,-0.00015015979,1.2875994,1.9849156e-09,-0.020550696,0,4.997272e-05
99,1.65,0.14961217,1.8713194e-05,-0.00014970555,1.2875994,2.0038946e-09,-0.020550696,0,4.997272e-05
100,1.6666666,0.14961217,1.8658371e-05,-0.00014926697,1.2875994,2.0227708e-09,-0.020550696,0,4.997272e-05
101,1.6833333,0.14961217,1.8677754e-05,-0.00014942203,1.2875994,2.0416877e-09,-0.020550696,0,4.997272e-05
102,1.7,0.14961217,1.869226e-05,-0.00014953809,1.2875994,2.0606326e-09,-0.020550696,0,4.997272e-05
103,1.7166667,0.14961217,1.8710361e-05,-0.00014968289,1.2875994,2.079614e-09,-0.020550696,0,4.997272e-05
104,1.7333333,0.14961217,1.8729443e-05,-0.00014983554,1.2875994,2.0986357e-09,-0.020550696,0,4.997272e-05
105,1.75,0.14961217,1.874654e-05,-0.00014997231,1.2875994,2.1176907e-09,-0.020550696,0,4.997272e-05
106,1.7666667,0.14961217,1.8761064e-05,-0.00015008851,1.2875994,2.1367752e-09,-0.020550696,0,4.997272e-05
107,1.7833333,0.14961217,1.8775507e-05,-0.00015020405,1.2875994,2.1558892e-09,-0.020550696,0,4.997272e-05
108,1.8,0.14961217,1.8795314e-05,-0.00015036251,1.2875994,2.1750435e-09,-0.020550696,0,4.997272e-05
109,1.8166667,0.14961217,1.8815677e-05,-0.00015052542,1.2875994,2.1942392e-09,-0.020550696,0,4.997272e-05
110,1.8333334,0.14961217,1.8832778e-05,-0.00015066222,1.2875994,2.2134714e-09,-0.020550696,0,4.997272e-05
111,1.85,0.14961217,1.8847639e-05,-0.00015078111,1.2875994,2.2327338e-09,-0.020550696,0,4.997272e-05
112,1.8666667,0.14961217,1.8856734e-05,-0.00015085387,1.2875994,2.2520148e-09,-0.020550696,0,4.997272e-05
113,1.8833333,0.14961217,1.8878134e-05,-0.00015102507,1.2875994,2.2713382e-09,-0.020550696,0,4.997272e-05
114,1.9,0.14961217,1.8894207e-05,-0.00015115367,1.2875994,2.2906959e-09,-0.020550696,0,4.997272e-05
115,1.9166666,0.14961217,1.8908968e-05,-0.00015127174,1.2875994,2.3100826e-09,-0.020550696,0,4.997272e-05
116,1.9333333,0.14961217,1.8925079e-05,-0.00015140063,1.2875994,2.3295035e-09,-0.020550696,0,4.997272e-05
117,1.95,0.14961217,1.8940937e-05,-0.00015152749,1.2875994,2.348956e-09,-0.020550696,0,4.997272e-05
118,1.9666667,0.14961217,1.8957784e-05,-0.00015166227,1.2875994,2.3684428e-09,-0.020550696,0,4.997272e-05
119,1.9833333,0.14961217,1.8975881e-05,-0.00015180705,1.2875994,2.387968e-09,-0.020550696,0,4.997272e-05
120,2,0.14961217,1.8992148e-05,-0.00015193719,1.2875994,2.4075257e-09,-0.020550696,0,5.1384657e-05
121,2.0166667,0.14961217,1.9004136e-05,-0.00015203307,1.2875994,2.4271094e-09,-0.020550696,0,5.1384657e-05
122,2.0333333,0.14961217,1.9023224e-05,-0.00015218579,1.2875994,2.446731e-09,-0.020550696,0,5.1384657e-05
123,2.05,0.14961217,1.9042602e-05,-0.00015234081,1.2875994,2.466394e-09,-0.020550696,0,5.1384657e-05
124,2.0666666,0.14961217,1.905806e-05,-0.00015246448,1.2875994,2.486089e-09,-0.020550696,0,5.1384657e-05
125,2.0833333,0.14961217,1.9073828e-05,-0.00015259063,1.2875994,2.505815e-09,-0.020550696,0,5.1384657e-05
126,2.1,0.14961217,1.9088295e-05,-0.00015270636,1.2875994,2.5255713e-09,-0.020550696,0,5.1384657e-05
127,2.1166666,0.14961217,1.9106066e-05,-0.00015284853,1.2875994,2.5453641e-09,-0.020550696,0,5.1384657e-05
128,2.1333334,0.14961217,1.9127996e-05,-0.00015302397,1.2875994,2.565204e-09,-0.020550696,0,5.1384657e-05
129,2.15,0.14961217,1.914411e-05,-0.00015315288,1.2875994,2.585076e-09,-0.020550696,0,5.1384657e-05
130,2.1666667,0.14961217,1.9157975e-05,-0.00015326381,1.2875994,2.6049778e-09,-0.020550696,0,5.1384657e-05
131,2.1833334,0.14961217,1.9173409e-05,-0.00015338727,1.2875994,2.6249118e-09,-0.020550696,0,5.1384657e-05
132,2.2,0.14961217,1.9192485e-05,-0.00015353988,1.2875994,2.6448843e-09,-0.020550696,0,5.1384657e-05
133,2.2166667,0.14961217,1.9211564e-05,-0.00015369251,1.2875994,2.6648976e-09,-0.020550696,0,5.1384657e-05
134,2.2333333,0.14961217,1.9227029e-05,-0.00015381623,1.2875994,2.6849434e-09,-0.020550696,0,5.1384657e-05
135,2.25,0.14961217,1.9243153e-05,-0.00015394522,1.2875994,2.7050227e-09,-0.020550696,0,5.1384657e-05
136,2.2666667,0.14961217,1.9258612e-05,-0.0001540689,1.2875994,2.7251341e-09,-0.020550696,0,5.1384657e-05
137,2.2833333,0.14961217,1.9279012e-05,-0.0001542321,1.2875994,2.745287e-09,-0.020550696,0,5.1384657e-05
138,2.3,0.14961217,1.9297118e-05,-0.00015437695,1.2875994,2.765478e-09,-0.020550696,0,5.1384657e-05
139,2.3166666,0.14961217,1.9312592e-05,-0.00015450074,1.2875994,2.7857026e-09,-0.020550696,0,5.1384657e-05
140,2.3333333,0.14961217,1.9329058e-05,-0.00015463246,1.2875994,2.8059615e-09,-0.020550696,0,5.1384657e-05
141,2.35,0.14961217,1.9346196e-05,-0.00015476959,1.2875994,2.826255e-09,-0.020550696,0,5.1384657e-05
142,2.3666666,0.14961217,1.9366966e-05,-0.00015493573,1.2875994,2.8465936e-09,-0.020550696,0,5.1384657e-05
143,2.3833334,0.14961217,1.9383433e-05,-0.00015506746,1.2875994,2.8669667e-09,-0.020550696,0,5.1384657e-05
144,2.4,0.14961217,1.939891e-05,-0.00015519129,1.2875994,2.8873723e-09,-0.020550696,0,5.1384657e-05
145,2.4166667,0.14961217,1.941504e-05,-0.00015532032,1.2875994,2.907812e-09,-0.020550696,0,5.1384657e-05
146,2.4333334,0.14961217,1.9427207e-05,-0.00015541766,1.2875994,2.928276e-09,-0.020550696,0,5.1384657e-05
147,2.45,0.14961217,1.9447933e-05,-0.00015558346,1.2875994,2.9487837e-09,-0.020550696,0,5.1384657e-05
148,2.4666667,0.14961217,1.9464149e-05,-0.00015571319,1.2875994,2.9693257e-09,-0.020550696,0,5.1384657e-05
149,2.4833333,0.14961217,1.9478957e-05,-0.00015583166,1.2875994,2.9898988e-09,-0.020550696,0,5.1384657e-05
150,2.5,0.14961217,1.9496934e-05,-0.00015597547,1.2875994,3.0105098e-09,-0.020550696,0,5.1384657e-05
151,2.5166667,0.14961217,1.951382e-05,-0.00015611056,1.2875994,3.0311569e-09,-0.020550696,0,5.1384657e-05
152,2.5333333,0.14961217,1.95297e-05,-0.0001562376,1.2875994,3.0518372e-09,-0.020550696,0,5.1384657e-05
153,2.55,0.14961217,1.9548159e-05,-0.00015638529,1.2875994,3.0725569e-09,-0.020550696,0,5.1384657e-05
154,2.5666666,0.14961217,1.9565621e-05,-0.00015652497,1.2875994,3.0933136e-09,-0.020550696,0,5.1384657e-05
155,2.5833333,0.14961217,1.9582094e-05,-0.00015665674,1.2875994,3.1141065e-09,-0.020550696,0,5.1384657e-05
156,2.6,0.14961217,1.9600873e-05,-0.00015680699,1.2875994,3.1349379e-09,-0.020550696,0,5.1384657e-05
157,2.6166666,0.14961217,1.962063e-05,-0.00015696503,1.2875994,3.1558127e-09,-0.020550696,0,5.1384657e-05
158,2.6333334,0.14961217,1.9636767e-05,-0.00015709414,1.2875994,3.176722e-09,-0.020550696,0,5.1384657e-05
159,2.65,0.14961217,1.9646595e-05,-0.00015717278,1.2875994,3.1976508e-09,-0.020550696,0,5.1384657e-05
160,2.6666667,0.14961217,1.9662482e-05,-0.00015729986,1.2875994,3.2186134e-09,-0.020550696,0,5.1384657e-05
161,2.6833334,0.14961217,1.9682597e-05,-0.00015746077,1.2875994,3.2396203e-09,-0.020550696,0,5.1384657e-05
162,2.7,0.14961217,1.9699071e-05,-0.00015759257,1.2875994,3.2606624e-09,-0.020550696,0,5.1384657e-05
163,2.7166667,0.14961217,1.9715884e-05,-0.00015772707,1.2875994,3.281739e-09,-0.020550696,0,5.1384657e-05
164,2.7333333,0.14961217,1.973204e-05,-0.00015785632,1.2875994,3.3028504e-09,-0.020550696,0,5.1384657e-05
165,2.75,0.14961217,1.9750507e-05,-0.00015800406,1.2875994,3.324001e-09,-0.020550696,0,5.1384657e-05
166,2.7666667,0.14961217,1.9770257e-05,-0.00015816206,1.2875994,3.3451943e-09,-0.020550696,0,5.1384657e-05
167,2.7833333,0.14961217,1.9788413e-05,-0.0001583073,1.2875994,3.3664265e-09,-0.020550696,0,5.1384657e-05
168,2.8,0.14961217,1.9800302e-05,-0.00015840241,1.2875994,3.3876852e-09,-0.020550696,0,5.1384657e-05
169,2.8166666,0.14961217,1.9816152e-05,-0.0001585292,1.2875994,3.4089769e-09,-0.020550696,0,5.1384657e-05
170,2.8333333,0.14961217,1.98324e-05,-0.00015865918,1.2875994,3.4303034e-09,-0.020550696,0,5.1384657e-05
171,2.85,0.14961217,1.9853855e-05,-0.00015883084,1.2875994,3.4516763e-09,-0.020550696,0,5.1384657e-05
172,2.8666666,0.14961217,1.9874145e-05,-0.00015899315,1.2875994,3.473094e-09,-0.020550696,0,5.1384657e-05
173,2.8833334,0.14961217,1.9886662e-05,-0.0001590933,1.2875994,3.4945389e-09,-0.020550696,0,5.1384657e-05
174,2.9,0.14961217,1.9884337e-05,-0.00015907468,1.2875994,3.5159786e-09,-0.020550696,0,5.1384657e-05
175,2.9166667,0.14961219,1.9878797e-05,-0.00015903037,1.2875994,3.5374064e-09,-0.020550696,0,5.1384657e-05
176,2.9333334,0.14961219,1.9871846e-05,-0.00015897477,1.2875994,3.5588192e-09,-0.020550696,0,5.1384657e-05
177,2.95,0.14961219,1.9863002e-05,-0.00015890402,1.2875994,3.580213e-09,-0.020550696,0,5.1384657e-05
178,2.9666667,0.14961219,1.9856741e-05,-0.00015885395,1.2875994,3.6015935e-09,-0.020550696,0,5.1384657e-05
179,2.9833333,0.14961219,1.9847415e-05,-0.00015877932,1.2875994,3.6229535e-09,-0.020550696,0,5.1384657e-05
180,3,0.14961219,1.9839592e-05,0.7998429,1.2881415,0.0005420435,-0.020550696,0,5.2357675e-05
181,3.0166667,0.14962906,0.008782686,0.8364066,1.2883443,0.0010584345,-0.02086421,1.3231329e-07,5.2357675e-05
182,3.0333333,0.14964749,0.018184027,0.86786246,1.2885432,0.0016126189,-0.021219434,6.098089e-07,5.2357675e-05
183,3.05,0.14966728,0.027856907,0.897146,1.288755,0.002215888,-0.021610914,1.924709e-06,5.2357675e-05
184,3.0666666,0.14968848,0.038045228,0.922306,1.2889807,0.0028342307,-0.02200354,3.670808e-06,5.2357675e-05
185,3.0833333,0.14970984,0.048550103,0.94493353,1.2892061,0.003471699,-0.022415664,4.9613373e-06,5.2357675e-05
186,3.1,0.14973235,0.05968223,0.96254313,1.2894216,0.004119451,-0.022847943,6.2161926e-06,5.2357675e-05
187,3.1166666,0.14975409,0.07087818,0.9796421,1.2896363,0.0047957636,-0.023309547,6.574308e-06,5.2357675e-05
188,3.1333334,0.14977643,0.082321405,0.9947629,1.2898568,0.005487127,-0.02378045,7.05618e-06,5.2357675e-05
189,3.15,0.14979763,0.0939755,1.0081966,1.290059,0.0061995545,-0.024290696,6.002854e-06,5.2357675e-05
190,3.1666667,0.14982231,0.105549805,1.0222688,1.2903029,0.0069395513,-0.024786795,8.573887e-06,5.2357675e-05
191,3.1833334,0.14984596,0.117460355,1.0336509,1.2905356,0.007684542,-0.025299015,9.474563e-06,5.2357675e-05
192,3.2,0.14987175,0.12978868,1.0416924,1.2907633,0.008423823,-0.025810705,1.1723081e-05,5.2357675e-05
193,3.2166667,0.14989768,0.14232168,1.048095,1.290985,0.009156687,-0.02632177,1.371486e-05,5.2357675e-05
194,3.2333333,0.14992441,0.15515144,1.0521234,1.2912217,0.009878099,-0.0268065,1.5944475e-05,5.2357675e-05
195,3.25,0.14995085,0.16807307,1.055417,1.2914556,0.010597579,-0.027292047,1.7700659e-05,5.2357675e-05
196,3.2666667,0.14997672,0.18108633,1.0579774,1.2916846,0.011315958,-0.027781414,1.8715597e-05,5.2357675e-05
197,3.2833333,0.15000322,0.1943148,1.0588163,1.2919147,0.01201797,-0.028253337,1.9960251e-05,5.2357675e-05
198,3.3,0.15002862,0.20730437,1.0615662,1.2921382,0.012756724,-0.028768564,2.054355e-05,5.2357675e-05
199,3.3166666,0.15005356,0.22009243,1.0659283,1.292362,0.013517302,-0.029305391,2.1064712e-05,5.2357675e-05
200,3.3333333,0.15007772,0.23305026,1.0689323,1.2925745,0.014276717,-0.029852306,2.0471838e-05,5.2357675e-05
201,3.35,0.15010263,0.24610208,1.0711843,1.292796,0.015028476,-0.030382486,2.045944e-05,5.2357675e-05
202,3.3666666,0.1501267,0.2588572,1.0758101,1.2930259,0.01580426,-0.030928511,2.0164414e-05,5.2357675e-05
203,3.3833334,0.1501474,0.2698957,1.0941685,1.293227,0.016714327,-0.03163747,1.978007e-05,5.2357675e-05
204,3.4,0.1501667,0.2794705,1.1242367,1.2934433,0.017710526,-0.032417327,2.0805513e-05,5.2357675e-05
205,3.4166667,0.15019265,0.29368365,1.117198,1.2936622,0.018462513,-0.03295038,1.9603292e-05,5.2357675e-05
206,3.4333334,0.15021816,0.3078123,1.1108353,1.2938633,0.019207494,-0.033494245,1.8130348e-05,5.2357675e-05
207,3.45,0.15024161,0.32173696,1.1061062,1.2940516,0.019959377,-0.034057852,1.4990626e-05,5.2357675e-05
208,3.4666667,0.15026605,0.3355452,1.1023067,1.2942607,0.020713132,-0.03460253,1.3056735e-05,5.2357675e-05
209,3.4833333,0.1502917,0.34930685,1.0988802,1.2944736,0.02146718,-0.035143666,1.2418779e-05,5.2357675e-05
210,3.5,0.15031575,0.3633215,1.0934294,1.2946782,0.022185894,-0.0356578,9.703275e-06,5.2357675e-05
211,3.5166667,0.15033975,0.37710047,1.0898644,1.2948829,0.022924235,-0.036191463,7.3931296e-06,5.2357675e-05
212,3.5333333,0.15036856,0.39060616,1.0884854,1.2951248,0.023686392,-0.036711663,1.0403106e-05,5.2357675e-05
213,3.55,0.1503967,0.4039313,1.0885509,1.2953733,0.024464242,-0.03724104,1.3102312e-05,5.2357675e-05
214,3.5666666,0.15042439,0.41720766,1.0890065,1.2956116,0.025243064,-0.037781503,1.5432714e-05,5.2357675e-05
215,3.5833333,0.15045188,0.43056172,1.0888406,1.2958564,0.02601088,-0.038304605,1.7420913e-05,5.2357675e-05
216,3.6,0.15047918,0.4440039,1.0879697,1.2960845,0.026772968,-0.038838543,1.9047176e-05,5.2357675e-05
217,3.6166666,0.15050587,0.45732865,1.0880383,1.296303,0.02753791,-0.039384983,2.0286825e-05,5.2357675e-05
218,3.6333334,0.15053222,0.47065914,1.088061,1.2965227,0.028305706,-0.039933074,2.1172687e-05,5.2357675e-05
219,3.65,0.15055819,0.483974,1.0882087,1.2967448,0.02907777,-0.04048306,2.1715881e-05,5.2357675e-05
220,3.6666667,0.15058398,0.4973718,1.0876929,1.2969751,0.029836288,-0.041011266,2.1921936e-05,5.2357675e-05
221,3.6833334,0.15060955,0.5108873,1.0862367,1.297205,0.03058392,-0.041529056,2.1679502e-05,5.2357675e-05
222,3.7,0.15063258,0.52280384,1.0975711,1.2974232,0.031439405,-0.042166304,2.1943008e-05,5.2357675e-05
223,3.7166667,0.15065378,0.53386945,1.1157129,1.2976215,0.03236969,-0.04289831,2.2013555e-05,5.2357675e-05
224,3.7333333,0.15067935,0.54783386,1.1106641,1.2978305,0.033139784,-0.043459367,2.0913896e-05,5.2357675e-05
225,3.75,0.15070446,0.56180644,1.10555,1.2980449,0.03389188,-0.043997,1.9336701e-05,5.2357675e-05
226,3.7666667,0.15072924,0.5756669,1.1013329,1.2982535,0.03464659,-0.044543125,1.7645769e-05,5.2357675e-05
227,3.7833333,0.15075387,0.5895524,1.0969155,1.2984703,0.035382554,-0.04506238,1.5758094e-05,5.2357675e-05
228,3.8,0.1507799,0.60315186,1.0947864,1.2987045,0.03613656,-0.04558218,1.581735e-05,5.2357675e-05
229,3.8166666,0.15080439,0.6166262,1.0936582,1.2988869,0.036904123,-0.04616732,1.4565885e-05,5.2357675e-05
230,3.8333333,0.15082759,0.63016045,1.0920508,1.2990785,0.03766385,-0.046735417,1.1918368e-05,5.2357675e-05
231,3.85,0.1508541,0.6433482,1.0932152,1.2993194,0.038460944,-0.047291644,1.3240846e-05,5.2357675e-05
232,3.8666666,0.15088208,0.65642047,1.0953038,1.2995678,0.03926156,-0.047843803,1.625903e-05,5.2357675e-05
233,3.8833334,0.1509101,0.6696876,1.0958332,1.2997972,0.040053308,-0.04840624,1.893472e-05,5.2357675e-05
234,3.9,0.15093768,0.68295187,1.0963857,1.3000319,0.040845573,-0.048963815,2.1184096e-05,5.2357675e-05
235,3.9166667,0.15096481,0.69618833,1.0971621,1.300267,0.041641038,-0.049524184,2.3039174e-05,5.2357675e-05
236,3.9333334,0.15099168,0.70945543,1.0976919,1.3004996,0.04243472,-0.05008524,2.4567707e-05,5.2357675e-05
237,3.95,0.15101828,0.7227591,1.0979289,1.3007283,0.043223996,-0.050645795,2.575817e-05,5.2357675e-05
238,3.9666667,0.15104482,0.7362239,1.0968776,1.3009555,0.04399947,-0.051194042,2.6581343e-05,5.2357675e-05
239,3.9833333,0.151071,0.7496631,1.0960301,1.3011826,0.044776313,-0.051743712,2.7095666e-05,5.2357675e-05
240,4,0.15109643,0.7631384,1.0948927,1.3013991,0.045544833,-0.052295852,2.6796013e-05,5.2357675e-05
241,4.016667,0.1511023,0.7747701,1.1085075,1.3014811,0.046484705,-0.053153615,1.0452117e-05,5.2357675e-05
242,4.0333333,0.15111913,0.7836742,1.1439428,1.3016887,0.04756666,-0.05402813,1.0270043e-05,5.2357675e-05
243,4.05,0.15113412,0.79139495,1.1888418,1.3019055,0.048750494,-0.054995123,1.0514981e-05,5.2357675e-05
244,4.0666666,0.15115607,0.80085665,1.2198162,1.3021537,0.049949784,-0.0559462,1.4393823e-05,5.2357675e-05
245,4.0833335,0.1511754,0.80921316,1.2596292,1.3024042,0.05126276,-0.057008717,1.7760904e-05,5.2357675e-05
246,4.1,0.15120406,0.8250124,1.2399035,1.3026136,0.05219107,-0.057727516,1.6256468e-05,5.2357675e-05
247,4.116667,0.15123229,0.8407664,1.2205367,1.3028162,0.053072732,-0.05840664,1.43913785e-05,5.2357675e-05
248,4.133333,0.15125968,0.8562952,1.2029738,1.3030167,0.053924367,-0.05905777,1.2121862e-05,5.2357675e-05
249,4.15,0.15128611,0.87150097,1.187993,1.3032112,0.054766014,-0.05970484,9.515556e-06,5.2357675e-05
250,4.1666665,0.15131289,0.8864061,1.1754198,1.3034152,0.05560633,-0.06034123,7.826369e-06,5.2357675e-05
251,4.1833334,0.151342,0.9009228,1.1659517,1.303643,0.056472212,-0.060979288,9.218347e-06,5.2357675e-05
252,4.2,0.15137255,0.91518533,1.1585193,1.303892,0.05734352,-0.06160157,1.2526172e-05,5.2357675e-05
253,4.2166667,0.15140243,0.9293105,1.152183,1.3041443,0.05820077,-0.062206633,1.5426078e-05,5.2357675e-05
254,4.233333,0.15143175,0.94336325,1.1464291,1.3043854,0.05904605,-0.062810734,1.7912826e-05,5.2357675e-05
255,4.25,0.1514605,0.9573346,1.1413236,1.304623,0.05988561,-0.06341269,1.9973842e-05,5.2357675e-05
256,4.266667,0.1514887,0.9712435,1.1367202,1.3048543,0.06072234,-0.06401812,2.161751e-05,5.2357675e-05
257,4.2833333,0.15151662,0.9852118,1.131642,1.305088,0.061539527,-0.064601555,2.285e-05,5.2357675e-05
258,4.3,0.15154421,0.99921477,1.1262832,1.3053153,0.06233636,-0.06517123,2.3703207e-05,5.2357675e-05
259,4.3166666,0.15157135,1.013165,1.1213495,1.3055403,0.06313062,-0.06574036,2.4195178e-05,5.2357675e-05
260,4.3333335,0.15159704,1.0265414,1.1210037,1.3057555,0.06400526,-0.0663999,2.4337787e-05,5.2357675e-05
261,4.35,0.15161182,1.0378054,1.137559,1.3059126,0.06496486,-0.0672023,1.7607119e-05,5.2357675e-05
262,4.366667,0.15163238,1.0495577,1.1502061,1.30612,0.06593813,-0.06796818,1.5725382e-05,5.2357675e-05
263,4.383333,0.15165061,1.0589441,1.1817827,1.3063319,0.06706143,-0.06887965,1.6022706e-05,5.2357675e-05
264,4.4,0.15166995,1.069138,1.2068963,1.3065493,0.068212174,-0.0698129,1.589558e-05,5.2357675e-05
265,4.4166665,0.1516973,1.0842066,1.1930163,1.3067716,0.06908885,-0.07046726,1.4460413e-05,5.2357675e-05
266,4.4333334,0.15172452,1.0994121,1.1780372,1.3069979,0.06989624,-0.071048416,1.2644334e-05,5.2357675e-05
267,4.45,0.15175107,1.114456,1.1643535,1.3072073,0.07069471,-0.07163743,1.0466436e-05,5.2357675e-05
268,4.4666667,0.15177809,1.1293803,1.1516242,1.3073835,0.07146369,-0.07223027,8.978881e-06,5.2357675e-05
269,4.483333,0.15180404,1.1438117,1.1428415,1.3075849,0.072258525,-0.07282372,7.3749106e-06,5.2357675e-05
270,4.5,0.15183167,1.1578276,1.1373792,1.307804,0.07309183,-0.07343796,8.233357e-06,5.2357675e-05
271,4.516667,0.15186167,1.1717668,1.1325341,1.3080479,0.07392355,-0.0740257,1.1607539e-05,5.2357675e-05
272,4.5333333,0.15189105,1.1855958,1.1285703,1.3082982,0.07475316,-0.074605025,1.4581252e-05,5.2357675e-05
273,4.55,0.15191998,1.1993829,1.1249381,1.3085406,0.075569935,-0.07517939,1.717289e-05,5.2357675e-05
274,4.5666666,0.15194847,1.2131655,1.1213453,1.3087796,0.07638059,-0.07575102,1.9341009e-05,5.2357675e-05
275,4.5833335,0.15197636,1.2268536,1.1185057,1.3090123,0.07718918,-0.07632697,2.1093525e-05,5.2357675e-05
276,4.6,0.15200411,1.2406698,1.1146438,1.3092461,0.07798072,-0.07688471,2.2452557e-05,5.2357675e-05
277,4.616667,0.15203156,1.2544973,1.1106894,1.3094779,0.07875032,-0.07742247,2.3491913e-05,5.2357675e-05
278,4.633333,0.15205845,1.2682403,1.107413,1.3097037,0.079521336,-0.07796774,2.4141278e-05,5.2357675e-05
279,4.65,0.15208498,1.2819552,1.1043589,1.3099319,0.080285385,-0.078503616,2.4471665e-05,5.2357675e-05
280,4.6666665,0.15209953,1.2919877,1.1307676,1.3100964,0.08129787,-0.07935157,1.9869767e-05,5.2357675e-05
281,4.6833334,0.15211128,1.3027272,1.1515162,1.3102376,0.082305625,-0.080218025,1.1100667e-05,5.2357675e-05
282,4.7,0.15212889,1.3116679,1.1866585,1.3104564,0.083446145,-0.08113986,1.1638505e-05,5.2357675e-05
283,4.7166667,0.15214677,1.3202131,1.2249625,1.3107011,0.08467572,-0.08212472,1.3199635e-05,5.2357675e-05
284,4.733333,0.15216956,1.3322679,1.2351921,1.3109087,0.08581872,-0.08306017,1.2960751e-05,5.2357675e-05
285,4.75,0.15219815,1.3480384,1.2156957,1.3111167,0.08667923,-0.08371265,1.1436408e-05,5.2357675e-05
286,4.766667,0.15222585,1.3635274,1.1984489,1.3113354,0.087512754,-0.08432734,9.556068e-06,5.2357675e-05
287,4.7833333,0.15225364,1.3790083,1.18127,1.3115206,0.08832779,-0.08495729,7.780269e-06,5.2357675e-05
288,4.8,0.15228145,1.3938555,1.1691577,1.3117343,0.08915496,-0.085570775,7.229857e-06,5.2357675e-05
289,4.8166666,0.15230946,1.4085374,1.1583705,1.3119577,0.08998622,-0.086178616,7.2035473e-06,5.2357675e-05
290,4.8333335,0.152339,1.4228338,1.1506641,1.3121942,0.09082487,-0.08678068,9.433599e-06,5.2357675e-05
291,4.85,0.1523698,1.437176,1.1425948,1.3124455,0.09163402,-0.08733856,1.2842938e-05,5.2357675e-05
292,4.866667,0.15240034,1.4516393,1.1335534,1.312687,0.09241252,-0.087875605,1.5767058e-05,5.2357675e-05
293,4.883333,0.15243003,1.4658996,1.126139,1.3129283,0.093192495,-0.08841424,1.8215273e-05,5.2357675e-05
294,4.9,0.15245911,1.4800878,1.1192987,1.3131661,0.09396043,-0.08894434,2.0205043e-05,5.2357675e-05
295,4.9166665,0.15248764,1.4942008,1.1130623,1.3133993,0.09471802,-0.08946884,2.177176e-05,5.2357675e-05
296,4.9333334,0.15251535,1.5080816,1.1086814,1.3136334,0.09548969,-0.09000634,2.297759e-05,5.2357675e-05
297,4.95,0.1525425,1.5218253,1.1053995,1.3138661,0.096258864,-0.09054276,2.3878878e-05,5.2357675e-05
298,4.9666667,0.1525694,1.5356233,1.1016805,1.3140912,0.09701393,-0.09107284,2.4423469e-05,5.2357675e-05
299,4.983333,0.15259454,1.5486838,1.1038651,1.3143147,0.09792761,-0.09176296,2.4617882e-05,5.2357675e-05
300,5,0.15260246,1.558407,1.1327477,1.3144351,0.09891353,-0.092628464,1.3975427e-05,5.2357675e-05
301,5.016667,0.1526158,1.5672896,1.1683515,1.3146129,0.10001816,-0.093555376,1.03474595e-05,5.2357675e-05
302,5.0333333,0.15263602,1.5768772,1.1983185,1.3148428,0.10116634,-0.094473585,1.2257136e-05,5.2357675e-05
303,5.05,0.15265775,1.5882771,1.2137846,1.3150939,0.102257654,-0.09531385,1.2211036e-05,5.2357675e-05
304,5.0666666,0.15268674,1.6041524,1.19345,1.3152925,0.10303323,-0.09589085,1.08890235e-05,5.2357675e-05
305,5.0833335,0.15271446,1.6195546,1.1768974,1.3154786,0.10383432,-0.09650582,9.189127e-06,5.2357675e-05
306,5.1,0.15274206,1.634552,1.1635866,1.3156892,0.1046374,-0.09709822,8.143019e-06,5.2357675e-05
307,5.116667,0.15276982,1.6491979,1.1530843,1.315907,0.105442196,-0.09768525,7.93254e-06,5.2357675e-05
308,5.133333,0.15279663,1.6638193,1.1427813,1.3161159,0.10622494,-0.09825918,6.81472e-06,5.2357675e-05
309,5.15,0.15282513,1.6781367,1.1349072,1.3163506,0.10701731,-0.09881678,7.976545e-06,5.2357675e-05
310,5.1666665,0.15285565,1.692315,1.128149,1.3166002,0.107808985,-0.09935885,1.1415454e-05,5.2357675e-05
311,5.1833334,0.1528858,1.7064373,1.1218352,1.3168504,0.108580016,-0.09987968,1.45887025e-05,5.2357675e-05
312,5.2,0.15291536,1.720494,1.1160498,1.3170904,0.1093474,-0.100407116,1.7306535e-05,5.2357675e-05
313,5.2166667,0.15294409,1.7343705,1.1117064,1.3173281,0.11012036,-0.10094241,1.9534025e-05,5.2357675e-05
314,5.233333,0.15297233,1.7481976,1.1077547,1.3175645,0.11088715,-0.1014728,2.1363609e-05,5.2357675e-05
315,5.25,0.153,1.7619371,1.1045061,1.3177981,0.11165495,-0.10200694,2.2794586e-05,5.2357675e-05
316,5.266667,0.15302719,1.7756181,1.1017237,1.3180277,0.112420104,-0.102542475,2.3860484e-05,5.2357675e-05
317,5.2833333,0.1530539,1.7892122,1.0996386,1.3182544,0.11318485,-0.10308052,2.460042e-05,5.2357675e-05
318,5.3,0.15308017,1.8027753,1.0977993,1.3184769,0.113950044,-0.10362326,2.4967827e-05,5.2357675e-05
319,5.3166666,0.15309866,1.8141003,1.1138674,1.3186698,0.11490899,-0.10438929,2.18309e-05,5.2357675e-05
320,5.3333335,0.15311833,1.8259748,1.125536,1.3188611,0.11580939,-0.1050984,1.8821796e-05,5.2357675e-05
321,5.35,0.15314154,1.8383555,1.1331583,1.3190738,0.116706505,-0.10578284,1.8392224e-05,5.2357675e-05
322,5.366667,0.15315941,1.8478154,1.1641445,1.3192806,0.11777523,-0.10664466,1.8191757e-05,5.2357675e-05
323,5.383333,0.15318659,1.862667,1.1520001,1.319496,0.11855674,-0.10721076,1.7007114e-05,5.2357675e-05
324,5.4,0.1532129,1.8772765,1.1417885,1.3197001,0.11933393,-0.1077839,1.542014e-05,5.2357675e-05
325,5.4166665,0.15323868,1.8917822,1.1324116,1.319908,0.12010046,-0.10834249,1.3495795e-05,5.2357675e-05
326,5.4333334,0.15326433,1.9057842,1.1270599,1.3201171,0.12091491,-0.10894792,1.2398697e-05,5.2357675e-05
327,5.45,0.15328963,1.919495,1.1240422,1.320328,0.121727414,-0.10954951,1.1515105e-05,5.2357675e-05
328,5.4666667,0.1533154,1.933152,1.1214545,1.3205454,0.12255268,-0.11015732,1.119636e-05,5.2357675e-05
329,5.483333,0.153344,1.9465855,1.1206509,1.3207922,0.1234034,-0.11076127,1.4150515e-05,5.2357675e-05
330,5.5,0.15336977,1.9601336,1.1189349,1.3210222,0.12422298,-0.11135095,1.4039688e-05,5.2357675e-05
331,5.516667,0.15339871,1.9738308,1.1160218,1.3212911,0.12502201,-0.11188102,1.6817823e-05,5.2357675e-05
332,5.5333333,0.15342751,1.9876512,1.1121266,1.3215164,0.12581195,-0.11244568,1.9226922e-05,5.2357675e-05
333,5.55,0.15345453,2.0014148,1.1086833,1.321756,0.1265942,-0.11298823,1.9956147e-05,5.2357675e-05
334,5.5666666,0.1534823,2.0150862,1.1059802,1.3219957,0.12738071,-0.11353509,2.1621585e-05,5.2357675e-05
335,5.5833335,0.15350986,2.0287995,1.1029383,1.3222221,0.12815398,-0.11408189,2.2983178e-05,5.2357675e-05
336,5.6,0.15353696,2.0424829,1.1001399,1.3224531,0.12891985,-0.11461686,2.3955246e-05,5.2357675e-05
337,5.616667,0.15356351,2.0560193,1.0985134,1.3227046,0.12968889,-0.11513437,2.46563e-05,5.2357675e-05
338,5.633333,0.15358986,2.0696645,1.09602,1.3229337,0.13042913,-0.115645505,2.4941284e-05,5.2357675e-05
339,5.65,0.15361205,2.0817494,1.1060053,1.3230705,0.13126822,-0.11634777,2.4048612e-05,5.2357675e-05
340,5.6666665,0.1536324,2.0939996,1.114672,1.3232518,0.1321439,-0.117042184,2.1007378e-05,5.2357675e-05
341,5.6833334,0.15365367,2.105145,1.1321743,1.3234701,0.13310716,-0.11778714,2.0985026e-05,5.2357675e-05
342,5.7,0.15367387,2.116293,1.1496584,1.3236748,0.13410774,-0.11858303,1.9900035e-05,5.2357675e-05
343,5.7166667,0.15370001,2.1306777,1.1412486,1.3238956,0.13490145,-0.11915595,1.8564053e-05,5.2357675e-05
344,5.733333,0.15372562,2.1449661,1.1336062,1.324115,0.13568881,-0.11972389,1.689e-05,5.2357675e-05
345,5.75,0.15375082,2.1591988,1.1264132,1.3243256,0.13647336,-0.120297834,1.4905352e-05,5.2357675e-05
346,5.766667,0.15377782,2.173117,1.121733,1.3245556,0.13726544,-0.12085987,1.5324913e-05,5.2357675e-05
347,5.7833333,0.15380405,2.1872098,1.1156577,1.3247632,0.1380282,-0.12141516,1.4635269e-05,5.2357675e-05
348,5.8,0.1538279,2.2011037,1.111172,1.3249469,0.13879861,-0.12200187,1.1956785e-05,5.2357675e-05
349,5.8166666,0.15385644,2.2146678,1.1093272,1.325181,0.13960314,-0.12257226,1.458684e-05,5.2357675e-05
350,5.8333335,0.1538852,2.2281253,1.1083319,1.3254204,0.14040983,-0.12313955,1.7644372e-05,5.2357675e-05
351,5.85,0.15391342,2.241525,1.1078033,1.3256626,0.1412177,-0.12370522,2.0275824e-05,5.2357675e-05
352,5.866667,0.1539413,2.254943,1.1071246,1.3259014,0.1420226,-0.124271296,2.2529159e-05,5.2357675e-05
353,5.883333,0.15396883,2.2683632,1.10643,1.3261373,0.14282519,-0.124837935,2.4420675e-05,5.2357675e-05
354,5.9,0.15399596,2.281785,1.1057208,1.3263699,0.14362599,-0.12540625,2.5921967e-05,5.2357675e-05
355,5.9166665,0.1540228,2.2952528,1.1046466,1.3265983,0.14441904,-0.12597078,2.7037691e-05,5.2357675e-05
356,5.9333334,0.15404952,2.3088157,1.1028113,1.3268253,0.1452006,-0.12652537,2.7852133e-05,5.2357675e-05
357,5.95,0.15407577,2.3223286,1.1013736,1.3270496,0.14598323,-0.12708369,2.8300099e-05,5.2357675e-05
358,5.9666667,0.15409625,2.3356724,1.1012912,1.327227,0.14679386,-0.12771693,2.3289584e-05,5.2357675e-05
359,5.983333,0.1541038,2.3470523,1.1169167,1.3273245,0.14775331,-0.12857889,9.110663e-06,5.2357675e-05
360,6,0.15412079,2.3560832,-0.44866797,1.3265784,0.147885,-0.1294567,8.849893e-06,5.2357675e-05
361,6.016667,0.15411115,2.3509634,-0.5143746,1.3265522,0.14808194,-0.12967983,8.987263e-06,5.2357675e-05
362,6.0333333,0.15409532,2.3445668,-0.5698705,1.3264633,0.1482973,-0.12998399,5.3788535e-06,5.2357675e-05
363,6.05,0.15407294,2.3373969,-0.6191758,1.3263195,0.1485402,-0.13037089,-3.308989e-06,5.2357675e-05
364,6.0666666,0.15405712,2.3289318,-0.6581235,1.3262278,0.14877498,-0.13069731,-2.9671937e-06,5.2357675e-05
365,6.0833335,0.15404102,2.3198063,-0.6917848,1.3261269,0.14902079,-0.1310439,-1.6321428e-06,5.2357675e-05
366,6.1,0.15402377,2.3101206,-0.7209668,1.3260124,0.14927113,-0.13140887,-3.8929284e-07,5.2357675e-05
367,6.116667,0.15400545,2.300097,-0.74744314,1.3258871,0.14954409,-0.1318071,4.4098124e-07,5.2357675e-05
368,6.133333,0.15398613,2.289695,-0.7708955,1.325754,0.14983393,-0.13222997,9.80217e-07,5.2357675e-05
369,6.15,0.15396526,2.27887,-0.7909612,1.3256003,0.15011394,-0.13266382,7.925555e-07,5.2357675e-05
370,6.1666665,0.15394296,2.2675295,-0.8069043,1.325428,0.1503856,-0.13310766,1.4482066e-07,5.2357675e-05
371,6.1833334,0.15392007,2.255955,-0.8209764,1.3252511,0.15066072,-0.13355976,-6.3795596e-07,5.2357675e-05
372,6.2,0.15389603,2.244105,-0.83284235,1.3250612,0.15093678,-0.13402572,-2.0419247e-06,5.2357675e-05
373,6.2166667,0.15387091,2.2320235,-0.8428575,1.324859,0.15121016,-0.13450117,-4.0908344e-06,5.2357675e-05
374,6.233333,0.15384604,2.2197547,-0.85137224,1.3246759,0.15146562,-0.13493979,-5.529262e-06,5.2357675e-05
375,6.25,0.15382023,2.2069592,-0.8556768,1.3244635,0.15167306,-0.13535963,-6.9006346e-06,5.2357675e-05
376,6.266667,0.15379852,2.1948037,-0.8650976,1.3242707,0.15200125,-0.13588062,-5.396083e-06,5.2357675e-05
377,6.2833333,0.15377755,2.1826632,-0.87464154,1.324102,0.15234634,-0.1363944,-3.1753443e-06,5.2357675e-05
378,6.3,0.15375562,2.170066,-0.88052994,1.3239393,0.1526522,-0.13686298,-1.0514632e-06,5.2357675e-05
379,6.3166666,0.1537333,2.1573606,-0.8855535,1.3237882,0.15295781,-0.13731971,8.926727e-07,5.2357675e-05
380,6.3333335,0.15371013,2.1443253,-0.8879362,1.3235915,0.15321086,-0.1377695,2.6170164e-06,5.2357675e-05
381,6.35,0.15368634,2.13111,-0.8888818,1.3233576,0.15346871,-0.13826123,4.0740706e-06,5.2357675e-05
382,6.366667,0.15366267,2.1181185,-0.89161545,1.3231465,0.15376109,-0.13876475,5.207956e-06,5.2357675e-05
383,6.383333,0.15363868,2.1051135,-0.89424336,1.3229357,0.15405072,-0.13926509,6.054528e-06,5.2357675e-05
384,6.4,0.15362057,2.0954118,-0.92329764,1.322824,0.154635,-0.13996108,6.4787455e-06,5.2357675e-05
385,6.4166665,0.15360673,2.0860562,-0.9551183,1.3227564,0.15523861,-0.14063232,1.050299e-05,5.2357675e-05
386,6.4333334,0.15357992,2.0719705,-0.94910026,1.3225272,0.15553315,-0.14115605,1.0597985e-05,5.2357675e-05
387,6.45,0.15355265,2.057838,-0.9427053,1.3222812,0.15580127,-0.14167015,1.0319985e-05,5.2357675e-05
388,6.4666667,0.15352525,2.043839,-0.9373815,1.3220375,0.15607916,-0.14219183,9.652693e-06,5.2357675e-05
389,6.483333,0.1534981,2.030138,-0.9344388,1.321795,0.1563766,-0.14273174,8.669915e-06,5.2357675e-05
390,6.5,0.15347163,2.0162296,-0.92983985,1.3215617,0.15666048,-0.14324893,8.768402e-06,5.2357675e-05
391,6.516667,0.1534463,2.0026054,-0.9275114,1.321327,0.15696374,-0.14378683,9.456649e-06,5.2357675e-05
392,6.5333333,0.1534199,1.9890252,-0.9255378,1.3210969,0.15726179,-0.14431496,8.988194e-06,5.2357675e-05
393,6.55,0.15339386,1.9752154,-0.9217245,1.3208622,0.15752514,-0.14481303,9.330688e-06,5.2357675e-05
394,6.5666666,0.15336797,1.9615241,-0.9188621,1.3206384,0.15779366,-0.14530534,9.580748e-06,5.2357675e-05
395,6.5833335,0.15334155,1.9480449,-0.9176933,1.3204082,0.15808995,-0.14583184,8.904608e-06,5.2357675e-05
396,6.6,0.15331715,1.9346024,-0.91682124,1.3202021,0.15838495,-0.14633292,1.0184478e-05,5.2357675e-05
397,6.616667,0.15329403,1.9211783,-0.916094,1.3200139,0.15868743,-0.14682363,1.2696022e-05,5.2357675e-05
398,6.633333,0.1532708,1.9078659,-0.9162624,1.319795,0.15900408,-0.14735913,1.4889985e-05,5.2357675e-05
399,6.65,0.15324734,1.89455,-0.9164032,1.3195934,0.15931554,-0.14787218,1.6867183e-05,5.2357675e-05
400,6.6666665,0.1532236,1.8812357,-0.9165543,1.3193889,0.15962784,-0.14838903,1.8558e-05,5.2357675e-05
401,6.6833334,0.15319827,1.8679004,-0.91653955,1.3191729,0.15994027,-0.14891748,1.869467e-05,5.2357675e-05
402,6.7,0.15317392,1.8545703,-0.91656375,1.3189652,0.16025743,-0.14944236,1.9804575e-05,5.2357675e-05
403,6.7166667,0.15314902,1.8410834,-0.91533697,1.3187438,0.16054122,-0.1499475,2.0663021e-05,5.2357675e-05
404,6.733333,0.15312526,1.8283727,-0.92031646,1.3185471,0.16093226,-0.15053523,2.117129e-05,5.2357675e-05
405,6.75,0.15310198,1.8160497,-0.9284004,1.3183593,0.16132592,-0.15111668,2.1430664e-05,5.2357675e-05
406,6.766667,0.15307592,1.8024293,-0.92610246,1.318132,0.1616226,-0.15164067,2.138177e-05,5.2357675e-05
407,6.7833333,0.1530498,1.7889124,-0.9246353,1.3179255,0.16193047,-0.15215516,2.1075364e-05,5.2357675e-05
408,6.8,0.15302324,1.7753893,-0.92311555,1.3176984,0.16221996,-0.15267164,2.03487e-05,5.2357675e-05
409,6.8166666,0.15299627,1.7618273,-0.9212879,1.3174574,0.16251592,-0.15320861,1.9278843e-05,5.2357675e-05
410,6.8333335,0.15296906,1.748317,-0.9198702,1.3172159,0.16281702,-0.1537512,1.7872313e-05,5.2357675e-05
411,6.85,0.15294166,1.7349132,-0.91930807,1.316973,0.16312768,-0.1543048,1.6068341e-05,5.2357675e-05
412,6.866667,0.15291391,1.7215444,-0.9190224,1.3167375,0.16343586,-0.1548484,1.3855053e-05,5.2357675e-05
413,6.883333,0.15288548,1.708023,-0.917519,1.3164871,0.1637167,-0.15537968,1.1247583e-05,5.2357675e-05
414,6.9,0.1528563,1.6943514,-0.91481495,1.316232,0.16397741,-0.15589555,8.181669e-06,5.2357675e-05
415,6.9166665,0.15282752,1.6807393,-0.91258276,1.3159817,0.1642455,-0.1564138,5.3900294e-06,5.2357675e-05
416,6.9333334,0.15280478,1.6674672,-0.9130745,1.3157874,0.16455346,-0.1569161,7.998897e-06,5.2357675e-05
417,6.95,0.1527817,1.6541523,-0.9132198,1.3155894,0.16485527,-0.15741591,1.0346761e-05,5.2357675e-05
418,6.9666667,0.15275833,1.6408079,-0.91313267,1.315388,0.1651536,-0.15791576,1.24673825e-05,5.2357675e-05
419,6.983333,0.15273468,1.6274694,-0.9130901,1.3151865,0.16544762,-0.15841118,1.4293706e-05,5.2357675e-05
420,7,0.15271068,1.6140677,-0.91254425,1.3149722,0.16573824,-0.15891622,1.5883707e-05,5.2357675e-05
421,7.016667,0.15268627,1.600602,-0.9114842,1.3147591,0.16602243,-0.1594134,1.7192913e-05,5.2357675e-05
422,7.0333333,0.15266153,1.5871292,-0.9103699,1.3145512,0.16629584,-0.15989469,1.8188031e-05,5.2357675e-05
423,7.05,0.1526369,1.5742651,-0.91412205,1.3143358,0.16664934,-0.16046363,1.8125167e-05,5.2357675e-05
424,7.0666666,0.15261507,1.5625921,-0.9274063,1.3141694,0.16709314,-0.16107385,1.8588733e-05,5.2357675e-05
425,7.0833335,0.15258953,1.549321,-0.92790264,1.3139567,0.16741842,-0.16161181,1.8394087e-05,5.2357675e-05
426,7.1,0.1525633,1.5357015,-0.92561436,1.3137476,0.16771212,-0.16211452,1.8179417e-05,5.2357675e-05
427,7.116667,0.15253675,1.5220616,-0.92316306,1.3135232,0.16800652,-0.1626334,1.7675804e-05,5.2357675e-05
428,7.133333,0.15251002,1.5085266,-0.9215479,1.313302,0.16829798,-0.16314597,1.6793143e-05,5.2357675e-05
429,7.15,0.15248287,1.4949679,-0.919747,1.3130643,0.16858852,-0.16367422,1.5538419e-05,5.2357675e-05
430,7.1666665,0.15245537,1.4814342,-0.9181423,1.3128309,0.16886957,-0.16418867,1.3893237e-05,5.2357675e-05
431,7.1833334,0.15242897,1.4679668,-0.917071,1.3125776,0.16917348,-0.16474597,1.3209181e-05,5.2357675e-05
432,7.2,0.1524008,1.4544406,-0.9155264,1.3123206,0.1694559,-0.16528544,1.0879012e-05,5.2357675e-05
433,7.2166667,0.15237468,1.4410954,-0.9154326,1.3120849,0.16976725,-0.1658324,1.0244781e-05,5.2357675e-05
434,7.233333,0.15234782,1.4278333,-0.9160014,1.3118646,0.17007779,-0.16636324,8.706702e-06,5.2357675e-05
435,7.25,0.1523154,1.4144813,-0.91585314,1.3115942,0.1703846,-0.16694048,1.7823186e-06,5.2357675e-05
436,7.266667,0.1522907,1.4010842,-0.91534144,1.3113722,0.1706831,-0.16746108,2.6775524e-06,5.2357675e-05
437,7.2833333,0.1522675,1.3877273,-0.9151541,1.3111638,0.17098649,-0.16797274,4.986534e-06,5.2357675e-05
438,7.3,0.152244,1.3743556,-0.9148455,1.3109632,0.17128934,-0.16847624,7.025432e-06,5.2357675e-05
439,7.3166666,0.15222012,1.3609382,-0.9141747,1.3107607,0.17158335,-0.16897272,8.764211e-06,5.2357675e-05
440,7.3333335,0.15219605,1.3475652,-0.9138556,1.3105571,0.17188445,-0.16947745,1.0239426e-05,5.2357675e-05
441,7.35,0.15217158,1.3341962,-0.91357195,1.310343,0.17218104,-0.16998816,1.1304393e-05,5.2357675e-05
442,7.366667,0.15214671,1.3207046,-0.912307,1.3101231,0.1724639,-0.17049095,1.220149e-05,5.2357675e-05
443,7.383333,0.15212385,1.3084608,-0.92102206,1.3099607,0.17287439,-0.17106374,1.2726989e-05,5.2357675e-05
444,7.4,0.15210468,1.2986827,-0.94946504,1.3098168,0.17348003,-0.17181331,1.2224074e-05,5.2357675e-05
445,7.4166665,0.15208392,1.2877593,-0.96874297,1.3096701,0.174027,-0.17250694,1.2328848e-05,5.2357675e-05
446,7.4333334,0.15205629,1.27353,-0.9615767,1.3094237,0.17435214,-0.17307849,1.1878088e-05,5.2357675e-05
447,7.45,0.15202929,1.2596956,-0.95756686,1.3091826,0.1747049,-0.17367229,1.12988055e-05,5.2357675e-05
448,7.4666667,0.1520017,1.2457472,-0.95264745,1.3089418,0.17503713,-0.17424531,1.0341406e-05,5.2357675e-05
449,7.483333,0.15197416,1.2318242,-0.9479281,1.308693,0.17535985,-0.17481686,9.395182e-06,5.2357675e-05
450,7.5,0.15194707,1.2177533,-0.94202924,1.3084475,0.17564955,-0.17535211,9.178184e-06,5.2357675e-05
451,7.516667,0.15191813,1.2037954,-0.93703145,1.3081905,0.17593905,-0.17589864,6.8978406e-06,5.2357675e-05
452,7.5333333,0.15188932,1.1900244,-0.93353105,1.3079376,0.17624074,-0.17645316,4.3946784e-06,5.2357675e-05
453,7.55,0.1518608,1.1763332,-0.9306666,1.3076929,0.17654535,-0.17700258,2.0219013e-06,5.2357675e-05
454,7.5666666,0.15183306,1.162626,-0.9276774,1.3074423,0.1768373,-0.17754504,4.5471825e-07,5.2357675e-05
455,7.5833335,0.15180811,1.1489735,-0.92512196,1.3072295,0.17713487,-0.17805547,1.5846454e-06,5.2357675e-05
456,7.6,0.15178478,1.135464,-0.9237139,1.3070278,0.17744127,-0.17856352,4.0507875e-06,5.2357675e-05
457,7.616667,0.1517609,1.1220216,-0.92284286,1.3068155,0.17775434,-0.17908889,5.8521982e-06,5.2357675e-05
458,7.633333,0.15173712,1.1085534,-0.9217627,1.3066106,0.17806274,-0.17960228,7.792143e-06,5.2357675e-05
459,7.65,0.15171288,1.0949641,-0.9197167,1.3064065,0.17834856,-0.18009219,9.501586e-06,5.2357675e-05
460,7.6666665,0.15168853,1.0815172,-0.9188063,1.3061931,0.1786501,-0.18060705,1.0834774e-05,5.2357675e-05
461,7.6833334,0.15166332,1.0680599,-0.91781604,1.305968,0.17895219,-0.18113424,1.1323718e-05,5.2357675e-05
462,7.7,0.1516392,1.0550212,-0.920171,1.3057647,0.1792851,-0.18167055,1.2100907e-05,5.2357675e-05
463,7.7166667,0.15161614,1.042819,-0.929222,1.3055797,0.17971891,-0.18228936,1.2353063e-05,5.2357675e-05
464,7.733333,0.15159376,1.0321004,-0.95013833,1.3054177,0.18027125,-0.18300365,1.0442454e-05,5.2357675e-05
465,7.75,0.15157238,1.0207176,-0.9657439,1.3052614,0.18081075,-0.18369947,1.0798802e-05,5.2357675e-05
466,7.766667,0.15154493,1.0067073,-0.9603265,1.3050169,0.18114533,-0.18427847,1.0108692e-05,5.2357675e-05
467,7.7833333,0.1515173,0.9925923,-0.95407426,1.3047682,0.18144785,-0.18482977,9.439886e-06,5.2357675e-05
468,7.8,0.15148926,0.97848886,-0.94791204,1.3045175,0.18174344,-0.185376,8.331379e-06,5.2357675e-05
469,7.8166666,0.15146174,0.9643731,-0.9416541,1.304272,0.18202345,-0.1859015,7.768045e-06,5.2357675e-05
470,7.8333335,0.1514336,0.95049375,-0.93728733,1.30402,0.1823168,-0.18644689,6.142189e-06,5.2357675e-05
471,7.85,0.15140596,0.9365746,-0.93259895,1.303776,0.18258815,-0.18696216,5.0842064e-06,5.2357675e-05
472,7.866667,0.1513773,0.9226343,-0.92774487,1.3035222,0.18284623,-0.18747406,3.0532246e-06,5.2357675e-05
473,7.883333,0.15135017,0.9088597,-0.9242133,1.3032844,0.18312328,-0.18798897,2.2257445e-06,5.2357675e-05
474,7.9,0.1513231,0.8951504,-0.92120695,1.3030431,0.18340735,-0.18851435,1.3331883e-06,5.2357675e-05
475,7.9166665,0.15130007,0.8818735,-0.9216565,1.3028567,0.183746,-0.18903935,3.6678975e-06,5.2357675e-05
476,7.9333334,0.15127672,0.8683844,-0.92041206,1.3026445,0.18405457,-0.18956017,6.0801394e-06,5.2357675e-05
477,7.95,0.151253,0.85489964,-0.9191989,1.3024389,0.18434827,-0.19005956,8.11147e-06,5.2357675e-05
478,7.9666667,0.15122896,0.8413266,-0.9172826,1.3022312,0.1846257,-0.19054465,9.998446e-06,5.2357675e-05
479,7.983333,0.15120395,0.82773966,-0.91525215,1.3020117,0.18490532,-0.19104367,1.0928488e-05,5.2357675e-05
480,8,0.15117985,0.81446564,-0.91572505,1.3018138,0.18521377,-0.19155002,1.2184959e-05,5.2357675e-05
481,8.016666,0.15115523,0.8010773,-0.9152895,1.3015994,0.1855169,-0.19206755,1.3138051e-05,5.2357675e-05
482,8.033334,0.15113284,0.78920335,-0.92696285,1.3014157,0.1859547,-0.19268912,1.3419194e-05,5.2357675e-05
483,8.05,0.15110973,0.777003,-0.93602514,1.3012295,0.1864165,-0.19333717,1.3608369e-05,5.2357675e-05
484,8.066667,0.15108593,0.765692,-0.9522083,1.3010496,0.18694495,-0.19404544,1.1413591e-05,5.2357675e-05
485,8.083333,0.1510593,0.751812,-0.9478332,1.3008159,0.1872649,-0.19459909,1.1294149e-05,5.2357675e-05
486,8.1,0.15103237,0.737968,-0.94374657,1.3005768,0.18757609,-0.19514939,1.0807766e-05,5.2357675e-05
487,8.116667,0.15100463,0.7239651,-0.9383883,1.3003306,0.18785019,-0.19566968,9.80543e-06,5.2357675e-05
488,8.133333,0.15097629,0.71012485,-0.9343374,1.3000776,0.18814926,-0.19622172,7.896451e-06,5.2357675e-05
489,8.15,0.15094829,0.6962297,-0.92984116,1.2998297,0.18841673,-0.19673708,6.434857e-06,5.2357675e-05
490,8.166667,0.1509196,0.6822618,-0.9247632,1.2995747,0.18866229,-0.19723763,4.426809e-06,5.2357675e-05
491,8.183333,0.15089081,0.66838735,-0.9204325,1.2993212,0.18892053,-0.19774947,2.1359883e-06,5.2357675e-05
492,8.2,0.15086316,0.65486026,-0.9188869,1.2990847,0.18920407,-0.19826946,3.1432137e-07,5.2357675e-05
493,8.216666,0.15083493,0.6411978,-0.91625226,1.2988325,0.18947025,-0.1987878,-1.8150313e-06,5.2357675e-05
494,8.233334,0.15080929,0.62764543,-0.9144984,1.2986088,0.18974881,-0.1992901,-1.5768455e-06,5.2357675e-05
495,8.25,0.15078609,0.61430126,-0.91441005,1.2984091,0.19004908,-0.19979008,7.074559e-07,5.2357675e-05
496,8.266666,0.15076166,0.60086846,-0.9136188,1.2981983,0.19033888,-0.20029062,1.9392464e-06,5.2357675e-05
497,8.283334,0.15073785,0.5874644,-0.91305125,1.2979938,0.1906277,-0.20078397,3.7270365e-06,5.2357675e-05
498,8.3,0.15071394,0.5740479,-0.91238457,1.2977865,0.19092043,-0.20128408,5.434267e-06,5.2357675e-05
499,8.316667,0.15068893,0.5606542,-0.91190606,1.2975777,0.1912179,-0.20179027,6.0102902e-06,5.2357675e-05
500,8.333333,0.15066466,0.54752713,-0.91355443,1.2973666,0.19154152,-0.20232499,6.807153e-06,5.2357675e-05
501,8.35,0.15064095,0.53464925,-0.9171964,1.2971765,0.19189127,-0.20286486,7.694354e-06,5.2357675e-05
502,8.366667,0.15061845,0.5225306,-0.92691237,1.2969944,0.19237052,-0.20352617,8.33848e-06,5.2357675e-05
503,8.383333,0.1506022,0.51391697,-0.96467435,1.2969054,0.19303878,-0.20428343,8.5470965e-06,5.2357675e-05
504,8.4,0.15057887,0.50155133,-0.97241426,1.2967379,0.19349821,-0.20491041,8.828472e-06,5.2357675e-05
505,8.416667,0.15055111,0.48715323,-0.96389455,1.2964662,0.19381726,-0.20550112,8.565956e-06,5.2357675e-05
506,8.433333,0.15052384,0.47318935,-0.95884854,1.2962306,0.19415005,-0.20606957,7.965893e-06,5.2357675e-05
507,8.45,0.15049656,0.4591216,-0.9529778,1.2959801,0.19445507,-0.2066251,7.5491844e-06,5.2357675e-05
508,8.466666,0.15046832,0.44499123,-0.9465997,1.2957271,0.194749,-0.20717193,6.298593e-06,5.2357675e-05
509,8.483334,0.15043886,0.4309679,-0.94107807,1.2954669,0.1950263,-0.20770943,3.6215642e-06,5.2357675e-05
510,8.5,0.15040982,0.416993,-0.9359439,1.2952142,0.1953087,-0.20824458,1.2693345e-06,5.2357675e-05
511,8.516666,0.150382,0.4031437,-0.93182075,1.2949691,0.19559218,-0.20877324,-1.0099029e-07,5.2357675e-05
512,8.533334,0.15035567,0.3895833,-0.93000245,1.2947404,0.19590636,-0.20931605,-5.328329e-07,5.2357675e-05
513,8.55,0.15033007,0.37602964,-0.92823833,1.2945368,0.19621351,-0.20982683,-2.4749897e-07,5.2357675e-05
514,8.566667,0.15030429,0.36224183,-0.92460704,1.2943012,0.19649312,-0.21034203,3.062887e-07,5.2357675e-05
515,8.583333,0.15028104,0.34905717,-0.9257947,1.2940981,0.19684537,-0.21089731,2.2414024e-06,5.2357675e-05
516,8.6,0.1502576,0.33565298,-0.9252262,1.2938869,0.19717035,-0.21143353,4.4019544e-06,5.2357675e-05
517,8.616667,0.1502338,0.3222162,-0.9243972,1.2936796,0.19747873,-0.21194921,6.2671606e-06,5.2357675e-05
518,8.633333,0.15020968,0.3087187,-0.9230883,1.293468,0.19778885,-0.21247087,7.920491e-06,5.2357675e-05
519,8.65,0.15018545,0.29531628,-0.92253387,1.293265,0.19810344,-0.2129885,9.287964e-06,5.2357675e-05
520,8.666667,0.15016097,0.28192458,-0.92206526,1.2930654,0.19841053,-0.2134952,1.0381627e-05,5.2357675e-05
521,8.683333,0.15013663,0.26875594,-0.92338127,1.2928478,0.19876032,-0.21406266,1.1198223e-05,5.2357675e-05
522,8.7,0.15011527,0.25719792,-0.9375882,1.2926813,0.19925441,-0.21472311,1.1904165e-05,5.2357675e-05
523,8.716666,0.15009351,0.246326,-0.9572779,1.2925223,0.1997803,-0.21540804,1.0912307e-05,5.2357675e-05
524,8.733334,0.15006664,0.23229653,-0.9517071,1.2922853,0.20009446,-0.21595918,1.0839809e-05,5.2357675e-05
525,8.75,0.15003973,0.21842448,-0.94739586,1.2920572,0.20042321,-0.21651609,1.0421965e-05,5.2357675e-05
526,8.766666,0.1500124,0.2045288,-0.9429015,1.2918161,0.20073888,-0.21707287,9.632029e-06,5.2357675e-05
527,8.783334,0.14998515,0.19085066,-0.94014144,1.2915741,0.20106375,-0.21763965,8.501142e-06,5.2357675e-05
528,8.8,0.1499572,0.17699988,-0.9360003,1.2913258,0.20135811,-0.21818237,6.9996167e-06,5.2357675e-05
529,8.816667,0.1499289,0.16319466,-0.93222964,1.2910773,0.20164575,-0.21871862,5.0683448e-06,5.2357675e-05
530,8.833333,0.14989978,0.1491606,-0.92662215,1.2908175,0.20188966,-0.21922223,2.754532e-06,5.2357675e-05
531,8.85,0.14987035,0.13519429,-0.9215567,1.2905549,0.20213063,-0.21972586,-1.5716068e-09,5.2357675e-05
532,8.866667,0.149843,0.12150917,-0.91874087,1.2903136,0.20241284,-0.22024927,-1.2085366e-06,5.2357675e-05
533,8.883333,0.14981729,0.10792198,-0.91671443,1.2900836,0.20267165,-0.22073808,-9.783253e-07,5.2357675e-05
534,8.9,0.14979383,0.09457532,-0.91660625,1.2898773,0.2029895,-0.22126229,1.0574877e-06,5.2357675e-05
535,8.916667,0.14977068,0.08125752,-0.91672885,1.2896767,0.20329985,-0.22177333,3.3362157e-06,5.2357675e-05
536,8.933333,0.14974725,0.06792359,-0.9167225,1.2894753,0.20361052,-0.22228529,5.3775148e-06,5.2357675e-05
537,8.95,0.14972344,0.05457903,-0.9166371,1.289271,0.20391788,-0.22279696,7.051698e-06,5.2357675e-05
538,8.966666,0.14969932,0.04115607,-0.91591847,1.2890633,0.20421529,-0.22330208,8.562682e-06,5.2357675e-05
539,8.983334,0.14967506,0.027826779,-0.9159492,1.288853,0.2045232,-0.2238202,9.760657e-06,5.2357675e-05
540,9,0.14965002,0.014365614,-0.11492491,1.2879379,0.20410928,-0.22432148,1.0435639e-05,5.2357675e-05
541,9.016666,0.1496492,0.013935414,-0.11148331,1.287929,0.2041198,-0.2243409,1.0437696e-05,5.2357675e-05
542,9.033334,0.14964853,0.013580443,-0.10864355,1.2879227,0.20412982,-0.22435717,1.0445088e-05,5.2357675e-05
543,9.05,0.14964786,0.0132334195,-0.10586735,1.2879164,0.2041393,-0.22437292,1.0437303e-05,5.2357675e-05
544,9.066667,0.14964718,0.012883577,-0.10306861,1.28791,0.2041483,-0.22438839,1.0420001e-05,5.2357675e-05
545,9.083333,0.14964655,0.0125538455,-0.100430764,1.2879043,0.20415685,-0.22440273,1.042389e-05,5.2357675e-05
546,9.1,0.14964595,0.012243054,-0.09794443,1.2878987,0.20416498,-0.22441639,1.0421414e-05,5.2357675e-05
547,9.116667,0.14964536,0.011936296,-0.095490366,1.2878932,0.2041727,-0.22442964,1.0411231e-05,5.2357675e-05
548,9.133333,0.1496448,0.011649047,-0.09319237,1.2878879,0.20418006,-0.22444218,1.0408494e-05,5.2357675e-05
549,9.15,0.14964429,0.011381024,-0.09104819,1.2878832,0.20418708,-0.22445403,1.03988405e-05,5.2357675e-05
550,9.166667,0.14964384,0.011132898,-0.08906318,1.2878791,0.2041938,-0.22446482,1.0425691e-05,5.2357675e-05
551,9.183333,0.14964339,0.010898306,-0.087186456,1.2878749,0.20420025,-0.22447541,1.0426693e-05,5.2357675e-05
552,9.2,0.14964294,0.010673496,-0.08538797,1.2878708,0.20420642,-0.22448573,1.0409012e-05,5.2357675e-05
553,9.216666,0.14964254,0.0104569765,-0.08365581,1.2878671,0.20421235,-0.22449535,1.0420203e-05,5.2357675e-05
554,9.233334,0.14964215,0.010249365,-0.08199492,1.2878635,0.20421804,-0.22450463,1.0429283e-05,5.2357675e-05
555,9.25,0.14964166,0.010040437,-0.0803235,1.2878592,0.20422351,-0.2245144,1.0336567e-05,5.2357675e-05
556,9.266666,0.14964129,0.009848871,-0.07879097,1.2878557,0.20422877,-0.22452311,1.0329903e-05,5.2357675e-05
557,9.283334,0.14964096,0.009675498,-0.077403985,1.2878528,0.20423386,-0.22453119,1.0333193e-05,5.2357675e-05
558,9.3,0.14964063,0.00950675,-0.076053984,1.2878498,0.20423876,-0.2245391,1.0327654e-05,5.2357675e-05
559,9.316667,0.1496403,0.0093481885,-0.074785516,1.2878468,0.2042435,-0.22454682,1.0302658e-05,5.2357675e-05
560,9.333333,0.14964001,0.00919237,-0.07353896,1.2878441,0.20424807,-0.22455406,1.0302227e-05,5.2357675e-05
561,9.35,0.14963971,0.009040901,-0.07232721,1.2878413,0.20425251,-0.22456126,1.0293486e-05,5.2357675e-05
562,9.366667,0.14963943,0.008893345,-0.07114675,1.2878388,0.2042568,-0.2245681,1.0292179e-05,5.2357675e-05
563,9.383333,0.14963916,0.008750443,-0.07000355,1.2878363,0.20426095,-0.22457469,1.0296877e-05,5.2357675e-05
564,9.4,0.14963889,0.008613512,-0.068908095,1.2878339,0.20426497,-0.22458114,1.0290178e-05,5.2357675e-05
565,9.416667,0.14963862,0.008480338,-0.06784271,1.2878315,0.20426887,-0.22458747,1.0276299e-05,5.2357675e-05
566,9.433333,0.14963837,0.008351727,-0.06681382,1.2878292,0.20427266,-0.22459356,1.0268608e-05,5.2357675e-05
567,9.45,0.14963815,0.0082339775,-0.06587182,1.2878271,0.20427632,-0.22459933,1.0269976e-05,5.2357675e-05
568,9.466666,0.14963792,0.008112415,-0.06489932,1.2878251,0.2042799,-0.22460489,1.0278627e-05,5.2357675e-05
569,9.483334,0.1496377,0.007993195,-0.06394556,1.2878231,0.20428336,-0.22461034,1.0282802e-05,5.2357675e-05
570,9.5,0.14963748,0.007878385,-0.06302708,1.287821,0.20428672,-0.2246158,1.0278556e-05,5.2357675e-05
571,9.516666,0.14963725,0.007766921,-0.06213537,1.287819,0.20429,-0.22462104,1.0267917e-05,5.2357675e-05
572,9.533334,0.14963703,0.007656331,-0.06125065,1.287817,0.20429318,-0.2246263,1.0255611e-05,5.2357675e-05
573,9.55,0.1496368,0.007550094,-0.06040075,1.287815,0.20429628,-0.22463135,1.0234992e-05,5.2357675e-05
574,9.566667,0.14963658,0.0074439137,-0.059551306,1.2878131,0.20429927,-0.22463633,1.0214264e-05,5.2357675e-05
575,9.583333,0.14963636,0.007340824,-0.058726594,1.2878109,0.20430219,-0.22464132,1.0187633e-05,5.2357675e-05
576,9.6,0.14963618,0.0072406563,-0.05792525,1.2878094,0.20430504,-0.22464572,1.0200126e-05,5.2357675e-05
577,9.616667,0.149636,0.007144837,-0.057158694,1.2878078,0.20430781,-0.22465013,1.0204312e-05,5.2357675e-05
578,9.633333,0.14963582,0.007050631,-0.05640505,1.2878062,0.2043105,-0.22465447,1.0205419e-05,5.2357675e-05
579,9.65,0.14963564,0.006958551,-0.055668406,1.2878045,0.20431313,-0.22465873,1.0202465e-05,5.2357675e-05
580,9.666667,0.14963546,0.0068686157,-0.054948926,1.2878029,0.20431569,-0.22466281,1.0195415e-05,5.2357675e-05
581,9.683333,0.14963529,0.006781348,-0.054250784,1.2878013,0.20431818,-0.22466694,1.018327e-05,5.2357675e-05
582,9.7,0.1496351,0.0066945916,-0.053556737,1.2877997,0.20432061,-0.224671,1.0170149e-05,5.2357675e-05
583,9.716666,0.14963494,0.0066135274,-0.05290822,1.2877983,0.20432298,-0.22467479,1.0161057e-05,5.2357675e-05
584,9.733334,0.1496348,0.00653428,-0.052274235,1.287797,0.2043253,-0.22467843,1.0163398e-05,5.2357675e-05
585,9.75,0.14963466,0.006460072,-0.051680576,1.2877957,0.20432755,-0.22468199,1.0171013e-05,5.2357675e-05
586,9.766666,0.14963453,0.006391397,-0.05113118,1.2877945,0.20432977,-0.2246854,1.0168062e-05,5.2357675e-05
587,9.783334,0.14963439,0.0063198647,-0.050558917,1.2877933,0.20433193,-0.22468877,1.0170569e-05,5.2357675e-05
588,9.8,0.14963427,0.006251964,-0.05001571,1.2877921,0.20433407,-0.22469209,1.018104e-05,5.2357675e-05
589,9.816667,0.14963414,0.006188625,-0.049508996,1.2877909,0.20433614,-0.22469535,1.0167899e-05,5.2357675e-05
590,9.833333,0.149634,0.0061272024,-0.04901762,1.2877897,0.20433818,-0.22469859,1.0151096e-05,5.2357675e-05
591,9.85,0.14963387,0.0060661994,-0.048529595,1.2877885,0.20434017,-0.22470178,1.0133493e-05,5.2357675e-05
592,9.866667,0.14963374,0.006004197,-0.048033576,1.2877873,0.20434213,-0.22470492,1.0117798e-05,5.2357675e-05
593,9.883333,0.14963363,0.0059466003,-0.047572803,1.2877864,0.20434403,-0.22470771,1.0123492e-05,5.2357675e-05
594,9.9,0.14963353,0.0058907853,-0.047126282,1.2877854,0.20434593,-0.22471057,1.0125782e-05,5.2357675e-05
595,9.916667,0.14963342,0.005835442,-0.04668354,1.2877845,0.20434777,-0.22471339,1.0127173e-05,5.2357675e-05
596,9.933333,0.14963332,0.005779436,-0.046235487,1.2877836,0.20434958,-0.22471607,1.0129827e-05,5.2357675e-05
597,9.95,0.1496331,0.0057251765,-0.045801416,1.2877817,0.20435135,-0.22471976,1.0009938e-05,5.2357675e-05
598,9.966666,0.14963299,0.0056729876,-0.0453839,1.2877808,0.20435311,-0.22472249,1.0005304e-05,5.2357675e-05
599,9.983334,0.14963289,0.0056189545,-0.044951636,1.2877797,0.20435481,-0.22472517,1.0004192e-05,5.2357675e-05
600,10,0.14963278,0.0055682966,-0.04454637,1.2877789,0.20435649,-0.22472772,9.996632e-06,5.2357675e-05
601,10.016666,0.14963268,0.0055178483,-0.044142786,1.2877779,0.20435815,-0.22473034,9.988674e-06,5.2357675e-05
602,10.033334,0.14963257,0.00546979,-0.04375832,1.2877771,0.20435977,-0.22473283,9.97615e-06,5.2357675e-05
603,10.05,0.14963247,0.005423626,-0.04338901,1.2877761,0.20436136,-0.2247354,9.960009e-06,5.2357675e-05
604,10.066667,0.14963236,0.005376591,-0.043012727,1.287775,0.20436293,-0.22473793,9.945531e-06,5.2357675e-05
605,10.083333,0.14963226,0.005330352,-0.042642817,1.2877742,0.20436448,-0.22474033,9.929532e-06,5.2357675e-05
606,10.1,0.14963217,0.0052861134,-0.0422889,1.2877734,0.20436598,-0.22474271,9.924615e-06,5.2357675e-05
607,10.116667,0.14963208,0.0052420488,-0.04193639,1.2877727,0.20436747,-0.22474496,9.919365e-06,5.2357675e-05
608,10.133333,0.14963199,0.0051988447,-0.041590758,1.2877718,0.20436895,-0.22474718,9.912472e-06,5.2357675e-05
609,10.15,0.14963192,0.0051582074,-0.04126566,1.2877712,0.20437038,-0.22474927,9.915578e-06,5.2357675e-05
610,10.166667,0.14963184,0.0051164,-0.0409312,1.2877705,0.20437181,-0.22475134,9.920918e-06,5.2357675e-05
611,10.183333,0.14963177,0.0050751395,-0.040601112,1.2877698,0.2043732,-0.2247535,9.925215e-06,5.2357675e-05
612,10.2,0.14963165,0.0050345976,-0.04027678,1.2877688,0.20437458,-0.22475584,9.883434e-06,5.2357675e-05
613,10.216666,0.14963154,0.004993012,-0.039944097,1.2877679,0.20437592,-0.22475815,9.858548e-06,5.2357675e-05
614,10.233334,0.14963147,0.0049550827,-0.039640658,1.2877672,0.20437726,-0.22476013,9.856482e-06,5.2357675e-05
615,10.25,0.1496314,0.004917144,-0.03933715,1.2877666,0.20437858,-0.22476208,9.854435e-06,5.2357675e-05
616,10.266666,0.14963132,0.004881451,-0.039051607,1.287766,0.20437986,-0.22476402,9.848097e-06,5.2357675e-05
617,10.283334,0.14963125,0.004842336,-0.038738687,1.2877651,0.20438114,-0.22476605,9.848296e-06,5.2357675e-05
618,10.3,0.14963116,0.004806056,-0.03844845,1.2877644,0.20438239,-0.22476806,9.828178e-06,5.2357675e-05
619,10.316667,0.14963108,0.004769618,-0.038156945,1.2877637,0.20438363,-0.22476994,9.823263e-06,5.2357675e-05
620,10.333333,0.14963101,0.0047339494,-0.037871595,1.2877631,0.20438483,-0.2247718,9.81688e-06,5.2357675e-05
621,10.35,0.14963093,0.004699067,-0.037592538,1.2877625,0.20438603,-0.22477363,9.808994e-06,5.2357675e-05
622,10.366667,0.14963086,0.004664613,-0.037316903,1.2877618,0.20438722,-0.22477546,9.800291e-06,5.2357675e-05
623,10.383333,0.14963078,0.0046319384,-0.037055507,1.2877611,0.20438838,-0.22477737,9.788189e-06,5.2357675e-05
624,10.4,0.14963071,0.0045955577,-0.03676446,1.2877605,0.20438953,-0.22477916,9.783165e-06,5.2357675e-05
625,10.416667,0.14963064,0.004562159,-0.036497273,1.2877598,0.20439065,-0.22478093,9.772446e-06,5.2357675e-05
626,10.433333,0.14963056,0.004530417,-0.036243334,1.2877592,0.20439176,-0.22478269,9.7585635e-06,5.2357675e-05
627,10.45,0.1496305,0.0045011314,-0.03600905,1.2877586,0.20439287,-0.22478433,9.75489e-06,5.2357675e-05
628,10.466666,0.14963043,0.0044695525,-0.03575642,1.287758,0.20439394,-0.22478606,9.7406955e-06,5.2357675e-05
629,10.483334,0.14963037,0.004440942,-0.035527535,1.2877574,0.20439501,-0.22478767,9.735733e-06,5.2357675e-05
630,10.5,0.1496303,0.0044100913,-0.03528073,1.2877568,0.20439607,-0.22478935,9.720147e-06,5.2357675e-05
631,10.516666,0.14963023,0.004380664,-0.03504531,1.2877562,0.20439711,-0.22479093,9.716746e-06,5.2357675e-05
632,10.533334,0.14963016,0.004350578,-0.034804627,1.2877556,0.20439814,-0.2247926,9.699699e-06,5.2357675e-05
633,10.55,0.14963011,0.0043214695,-0.034571756,1.2877551,0.20439915,-0.22479405,9.7105885e-06,5.2357675e-05
634,10.566667,0.14963004,0.004291004,-0.034328032,1.2877545,0.20440015,-0.22479568,9.694268e-06,5.2357675e-05
635,10.583333,0.14962998,0.004262964,-0.03410371,1.287754,0.20440114,-0.2247972,9.688216e-06,5.2357675e-05
636,10.6,0.14962992,0.004235438,-0.033883505,1.2877535,0.2044021,-0.22479872,9.681182e-06,5.2357675e-05
637,10.616667,0.14962988,0.0042076795,-0.033661436,1.2877531,0.20440306,-0.2248,9.689493e-06,5.2357675e-05
638,10.633333,0.14962985,0.0041814675,-0.033451743,1.2877527,0.20440401,-0.22480138,9.709753e-06,5.2357675e-05
639,10.65,0.1496298,0.0041555306,-0.033244245,1.2877523,0.20440495,-0.22480275,9.714585e-06,5.2357675e-05
640,10.666667,0.14962976,0.0041304296,-0.03304344,1.2877519,0.20440587,-0.224804,9.71782e-06,5.2357675e-05
641,10.683333,0.14962971,0.004104528,-0.032836225,1.2877516,0.20440678,-0.22480534,9.722585e-06,5.2357675e-05
642,10.7,0.14962967,0.004079939,-0.03263951,1.2877511,0.20440769,-0.22480668,9.724843e-06,5.2357675e-05
643,10.716666,0.14962962,0.0040530274,-0.03242422,1.2877507,0.20440859,-0.22480789,9.731537e-06,5.2357675e-05
644,10.733334,0.14962958,0.0040284004,-0.032227203,1.2877504,0.20440947,-0.2248092,9.733868e-06,5.2357675e-05
645,10.75,0.14962953,0.00400342,-0.03202736,1.2877499,0.20441033,-0.2248105,9.736874e-06,5.2357675e-05
646,10.766666,0.14962949,0.0039769528,-0.031815622,1.2877496,0.2044112,-0.22481169,9.742718e-06,5.2357675e-05
647,10.783334,0.14962944,0.003951542,-0.031612337,1.2877492,0.20441203,-0.22481295,9.746546e-06,5.2357675e-05
648,10.8,0.1496294,0.0039269305,-0.031415444,1.2877487,0.20441288,-0.22481422,9.748847e-06,5.2357675e-05
649,10.816667,0.14962935,0.003904403,-0.031235224,1.2877483,0.2044137,-0.22481547,9.747168e-06,5.2357675e-05
650,10.833333,0.14962931,0.003881911,-0.031055285,1.287748,0.20441452,-0.22481662,9.745421e-06,5.2357675e-05
651,10.85,0.14962927,0.0038598848,-0.03087908,1.2877475,0.20441532,-0.22481786,9.742784e-06,5.2357675e-05
652,10.866667,0.14962922,0.0038381303,-0.030705044,1.2877471,0.20441613,-0.22481908,9.73963e-06,5.2357675e-05
653,10.883333,0.14962918,0.0038155194,-0.030524153,1.2877468,0.20441692,-0.2248202,9.738109e-06,5.2357675e-05
654,10.9,0.14962913,0.003795027,-0.030360218,1.2877464,0.20441769,-0.2248214,9.732543e-06,5.2357675e-05
655,10.916667,0.14962909,0.003773962,-0.030191695,1.287746,0.20441847,-0.2248226,9.728072e-06,5.2357675e-05
656,10.933333,0.14962904,0.003752214,-0.03001771,1.2877456,0.20441923,-0.22482368,9.724903e-06,5.2357675e-05
657,10.95,0.149629,0.0037299267,-0.029839415,1.2877452,0.20441999,-0.22482486,9.722766e-06,5.2357675e-05
658,10.966666,0.14962895,0.0037083044,-0.029666433,1.2877448,0.20442073,-0.22482604,9.719357e-06,5.2357675e-05
659,10.983334,0.1496289,0.00368809,-0.02950472,1.2877444,0.20442146,-0.2248271,9.713261e-06,5.2357675e-05
660,11,0.14962888,0.003668807,-0.029350456,1.2877442,0.20442219,-0.22482815,9.7202865e-06,5.2357675e-05
661,11.016666,0.14962883,0.0036489656,-0.029191725,1.2877438,0.20442292,-0.2248292,9.713477e-06,5.2357675e-05
662,11.033334,0.14962879,0.0036297853,-0.029038284,1.2877433,0.20442364,-0.22483033,9.705405e-06,5.2357675e-05
663,11.05,0.14962874,0.0036097595,-0.028878076,1.287743,0.20442434,-0.22483146,9.698948e-06,5.2357675e-05
664,11.066667,0.14962871,0.0035914243,-0.028731395,1.2877427,0.20442504,-0.22483239,9.704163e-06,5.2357675e-05
665,11.083333,0.14962867,0.003572429,-0.028579434,1.2877423,0.20442572,-0.2248335,9.695737e-06,5.2357675e-05
666,11.1,0.14962862,0.003553398,-0.028427184,1.2877419,0.20442641,-0.2248346,9.687381e-06,5.2357675e-05
667,11.116667,0.1496286,0.0035353177,-0.028282542,1.2877417,0.2044271,-0.2248355,9.692109e-06,5.2357675e-05
668,11.133333,0.14962856,0.0035172044,-0.028137637,1.2877414,0.20442776,-0.2248364,9.6969015e-06,5.2357675e-05
669,11.15,0.14962853,0.0034994,-0.0279952,1.2877412,0.20442842,-0.22483738,9.701103e-06,5.2357675e-05
670,11.166667,0.1496285,0.00348275,-0.027862001,1.287741,0.20442909,-0.22483824,9.7031e-06,5.2357675e-05
671,11.183333,0.14962848,0.0034651281,-0.027721025,1.2877406,0.20442973,-0.22483923,9.706953e-06,5.2357675e-05
672,11.2,0.14962845,0.0034478775,-0.02758302,1.2877403,0.20443039,-0.22484007,9.7100965e-06,5.2357675e-05
673,11.216666,0.14962842,0.0034309216,-0.027447373,1.2877401,0.20443101,-0.22484104,9.712678e-06,5.2357675e-05
674,11.233334,0.14962839,0.0034150041,-0.027320033,1.2877399,0.20443165,-0.2248419,9.713276e-06,5.2357675e-05
675,11.25,0.14962836,0.0033980848,-0.027184676,1.2877395,0.20443228,-0.22484283,9.715786e-06,5.2357675e-05
676,11.266666,0.14962833,0.0033813384,-0.02705071,1.2877393,0.20443289,-0.22484367,9.717967e-06,5.2357675e-05
677,11.283334,0.1496283,0.0033658952,-0.026927162,1.287739,0.20443352,-0.2248446,9.71766e-06,5.2357675e-05
678,11.3,0.14962827,0.003349068,-0.026792543,1.2877388,0.20443413,-0.22484542,9.7199945e-06,5.2357675e-05
679,11.316667,0.14962824,0.0033339167,-0.02667133,1.2877386,0.20443472,-0.22484624,9.71913e-06,5.2357675e-05
680,11.333333,0.1496282,0.0033183794,-0.026547035,1.2877382,0.20443532,-0.22484715,9.719001e-06,5.2357675e-05
681,11.35,0.14962818,0.0033022745,-0.026418194,1.2877381,0.20443591,-0.22484796,9.719957e-06,5.2357675e-05
682,11.366667,0.14962816,0.0032871421,-0.026297139,1.2877377,0.2044365,-0.22484887,9.733956e-06,5.2357675e-05
683,11.383333,0.14962813,0.0032721371,-0.026177097,1.2877375,0.20443708,-0.22484967,9.732812e-06,5.2357675e-05
684,11.4,0.1496281,0.0032577442,-0.026061954,1.2877371,0.20443766,-0.22485057,9.730498e-06,5.2357675e-05
685,11.416667,0.14962807,0.0032425683,-0.025940547,1.287737,0.20443822,-0.22485134,9.729679e-06,5.2357675e-05
686,11.433333,0.14962804,0.0032267387,-0.025813911,1.2877367,0.20443879,-0.22485223,9.730109e-06,5.2357675e-05
687,11.45,0.14962801,0.0032122643,-0.025698116,1.2877364,0.20443934,-0.224853,9.727951e-06,5.2357675e-05
688,11.466666,0.14962798,0.0031978646,-0.025582919,1.287736,0.20443991,-0.22485387,9.72565e-06,5.2357675e-05
689,11.483334,0.14962795,0.0031841376,-0.025473101,1.2877359,0.20444044,-0.22485463,9.7220645e-06,5.2357675e-05
690,11.5,0.14962792,0.0031695361,-0.025356287,1.2877357,0.204441,-0.2248554,9.720149e-06,5.2357675e-05
691,11.516666,0.1496279,0.0031555707,-0.025244568,1.2877353,0.20444153,-0.22485626,9.717019e-06,5.2357675e-05
692,11.533334,0.14962786,0.0031412505,-0.025130006,1.2877351,0.20444207,-0.224857,9.714566e-06,5.2357675e-05
693,11.55,0.14962783,0.0031272233,-0.025017787,1.2877349,0.2044426,-0.22485785,9.7115535e-06,5.2357675e-05
694,11.566667,0.1496278,0.0031135888,-0.02490871,1.2877346,0.20444313,-0.2248586,9.707792e-06,5.2357675e-05
695,11.583333,0.14962777,0.0030992834,-0.024794267,1.2877343,0.20444365,-0.22485943,9.705311e-06,5.2357675e-05
696,11.6,0.14962775,0.0030862552,-0.024690041,1.287734,0.20444417,-0.22486016,9.70039e-06,5.2357675e-05
697,11.616667,0.14962772,0.0030727158,-0.024581725,1.2877338,0.20444468,-0.224861,9.696446e-06,5.2357675e-05
698,11.633333,0.14962769,0.0030596755,-0.024477404,1.2877336,0.20444518,-0.22486171,9.691548e-06,5.2357675e-05
699,11.65,0.14962766,0.003046661,-0.02437329,1.2877332,0.20444569,-0.22486253,9.686602e-06,5.2357675e-05
700,11.666667,0.14962763,0.0030335921,-0.024268737,1.2877331,0.20444618,-0.22486325,9.68176e-06,5.2357675e-05
701,11.683333,0.1496276,0.0030205017,-0.024164015,1.2877328,0.20444667,-0.22486396,9.676958e-06,5.2357675e-05
702,11.7,0.14962757,0.00300733,-0.024058644,1.2877325,0.20444717,-0.22486477,9.6723115e-06,5.2357675e-05
703,11.716666,0.14962754,0.0029944824,-0.02395586,1.2877322,0.20444766,-0.22486547,9.6670465e-06,5.2357675e-05
704,11.733334,0.1496275,0.002981756,-0.023854049,1.287732,0.20444813,-0.22486627,9.6615495e-06,5.2357675e-05
705,11.75,0.14962745,0.0029696522,-0.023757217,1.2877314,0.20444861,-0.22486727,9.625062e-06,5.2357675e-05
706,11.766666,0.14962742,0.0029568896,-0.023655115,1.2877312,0.20444909,-0.22486795,9.6196345e-06,5.2357675e-05
707,11.783334,0.14962739,0.0029451444,-0.023561155,1.2877309,0.20444956,-0.22486874,9.612264e-06,5.2357675e-05
708,11.8,0.14962736,0.0029329997,-0.023463998,1.2877307,0.20445003,-0.22486943,9.605656e-06,5.2357675e-05
709,11.816667,0.14962733,0.0029224837,-0.02337987,1.2877303,0.20445049,-0.2248702,9.5959385e-06,5.2357675e-05
710,11.833333,0.1496273,0.00290993,-0.02327944,1.2877302,0.20445095,-0.22487088,9.590111e-06,5.2357675e-05
711,11.85,0.14962727,0.0028980111,-0.023184089,1.28773,0.20445141,-0.22487155,9.583072e-06,5.2357675e-05
712,11.866667,0.14962724,0.0028854238,-0.02308339,1.2877296,0.20445186,-0.22487232,9.57731e-06,5.2357675e-05
713,11.883333,0.14962721,0.0028736475,-0.02298918,1.2877294,0.2044523,-0.22487298,9.569999e-06,5.2357675e-05
714,11.9,0.14962718,0.002863103,-0.022904824,1.2877291,0.20445275,-0.22487374,9.5603355e-06,5.2357675e-05
715,11.916667,0.14962715,0.002851995,-0.02281596,1.2877289,0.20445319,-0.22487439,9.551747e-06,5.2357675e-05
716,11.933333,0.14962712,0.0028410484,-0.022728387,1.2877285,0.20445363,-0.22487514,9.542851e-06,5.2357675e-05
717,11.95,0.14962709,0.002830297,-0.022642378,1.2877283,0.20445406,-0.2248758,9.533584e-06,5.2357675e-05
718,11.966666,0.14962703,0.0028191365,-0.02255309,1.2877278,0.2044545,-0.22487675,9.495293e-06,5.2357675e-05
719,11.983334,0.149627,0.0028081785,-0.022465425,1.2877276,0.20445493,-0.22487739,9.486419e-06,5.2357675e-05
720,12,0.14962697,0.0027967545,-0.022374038,1.2877274,0.20445535,-0.22487813,9.4784355e-06,5.2357675e-05
