frame,body,x,y,z,qw,qx,qy,qz,vx,vy,vz,wx,wy,wz
0,0,-9.185769e-05,0.12499364,-2.6818037e-10,0.9999995,0.0007052526,0.00061781955,0.00029929727,0,0,0,0,0,0
0,1,-0.00059210596,0.152,-1.5466342e-09,0.99999785,0.002081223,2.8382324e-06,5.356112e-09,0,0,0,0,0,0
1,0,-9.185769e-05,0.12499364,-2.6818037e-10,0.9999995,0.0007052526,0.00061781955,0.00029929727,0,0,0,0,0,0
1,1,-0.00059210596,0.152,-1.5463997e-09,0.99999094,0.0042628734,2.838214e-06,1.1548157e-08,0,0,0,0,0,0
2,0,-9.185769e-05,0.12499364,-2.6818037e-10,0.9999995,0.0007052526,0.00061781955,0.00029929727,0,0,0,0,0,0
2,1,-0.00059210596,0.152,-1.5461358e-09,0.99997926,0.006444503,2.838182e-06,1.7740145e-08,0,0,0,0,0,0
3,0,-9.185769e-05,0.12499364,-2.6818037e-10,0.9999995,0.0007052526,0.00061781955,0.00029929727,0,0,0,0,0,0
3,1,-0.00059210596,0.152,-1.5455198e-09,0.9999416,0.01080766,2.8380775e-06,3.0123843e-08,0,0,0,0,0,0
4,0,-9.185769e-05,0.12499364,-2.6818037e-10,0.9999995,0.0007052526,0.00061781955,0.00029929727,0,0,0,0,0,0
4,1,-0.00059210596,0.152,-1.5439348e-09,0.99980927,0.019533275,2.8377067e-06,5.488928e-08,0,0,0,0,0,0
5,0,-9.185769e-05,0.12499364,-2.6818037e-10,0.9999995,0.0007052526,0.00061781955,0.00029929727,0,0,0,0,0,0
5,1,-0.00059210596,0.152,-1.5363602e-09,0.9989553,0.04569854,2.8352972e-06,1.2915298e-07,0,0,0,0,0,0
