t,"scene/kinetic energy","scene/potential energy","scene/mechanical energy","Кин. энергия, Дж","chains/broken pairs","chains/first broken frame","chains/max separation m","frame/step ms","frame/time s","memory/allocations per frame","memory/rigid cache","memory/rigid collide","memory/rigid integrate","memory/rigid solve","particles/density error %","rigid/angular momentum","rigid/bodies","rigid/bodies awake","rigid/ccd hits","rigid/ccd initial contacts","rigid/ccd ms","rigid/ccd pass limit","rigid/ccd queries","rigid/ccd unresolved","rigid/collide ms","rigid/contacts","rigid/deepest penetration","rigid/integrate ms","rigid/islands ms","rigid/kinetic energy","rigid/kinetic energy J","rigid/manifolds","rigid/mechanical energy","rigid/momentum","rigid/momentum x","rigid/momentum y","rigid/momentum z","rigid/potential energy","rigid/rotational energy","rigid/solve ms","rigid/tree height","scene/controllers ms"
0.0166666675,18.1899835,4527.96876,4546.15874,18.1899834,0,-1,0.0716312453,191.210037,0.0166666675,2154,903,991,9,215,0,19.6523856,120,120,0,0,0.093833,0,0,0,118.389821,2622,0,0.712635,0.009625,18.0741386,18.1899834,871,4546.15874,43.2462931,1.61597156e-07,-26.5867416,34.1084599,4527.96876,0.115844906,71.772265,8,0.021208
0.0333333351,24.1904828,4521.47934,4545.66982,24.1904831,0,-1,0.0751929656,193.962265,0.0333333351,14484,96,11454,26,2907,0,19.2922904,120,120,0,0,0.075503,0,0,0,120.461804,2674,1.45266915e-06,0.733494,0.009429,23.849799,24.1904831,889,4545.66982,62.2387982,0.0083827304,-52.0672398,34.0979539,4521.47934,0.340683833,72.456164,8,0.019795
0.0500000026,33.6882319,4511.01839,4544.70662,33.6882324,0,-1,0.0758357421,197.288284,0.0500000026,1069,31,901,0,137,0,18.2432428,120,120,0,0,0.070409,0,0,0,123.692545,2729,1.07130973e-05,0.746343,0.008228,33.3399232,33.6882324,900,4544.70662,82.2373744,0.0514134804,-74.8396857,34.0881879,4511.01839,0.348308756,72.57044,8,0.021954
0.0666666701,46.232609,4497.07864,4543.31125,46.2326088,0,-1,0.0758552626,198.469376,0.0666666701,1239,50,442,0,747,0,17.2788108,120,120,0,0,0.061122,0,0,0,119.343314,2811,1.85973495e-05,0.816334,0.008038,45.8976324,46.2326088,927,4543.31125,101.107676,0.0670931037,-95.193379,34.0731298,4497.07864,0.334976606,78.048406,8,0.022125
0.0833333377,59.9932645,4480.11629,4540.10955,59.9932632,0,-1,0.0758806244,217.247345,0.0833333377,1093,47,520,0,526,0,17.7573966,120,120,0,0,0.083885,0,0,0,123.771394,2912,2.37738786e-05,0.936265,0.010358,59.5944515,59.9932632,951,4540.10955,116.169407,0.0223624373,-111.064115,34.0601393,4480.11629,0.398813056,92.164413,8,0.035742
0.100000005,76.2240109,4460.67783,4536.90184,76.2240067,0,-1,0.0759136975,215.215683,0.100000005,1190,59,520,0,611,0,22.2951701,120,120,0,0,0.058474,0,0,0,132.756108,2979,4.63105098e-05,0.848544,0.007062,75.7629526,76.2240067,976,4536.90184,130.12076,-0.503583978,-125.580954,34.0673228,4460.67783,0.461058368,81.353234,8,0.021548
0.116666673,86.1851449,4439.57713,4525.76228,86.1851501,0,-1,0.0759390593,206.117874,0.116666673,1507,51,586,0,870,0,31.8403103,120,120,0,0,0.063462,0,0,0,117.504383,3099,9.79671968e-05,0.877949,0.007427,85.3858195,86.1851501,988,4525.76228,132.252852,-1.25157071,-127.774231,34.1027318,4439.57713,0.79932535,87.461267,9,0.028837
0.13333334,102.906522,4417.91999,4520.82652,102.906525,0,-1,0.0760074854,218.347824,0.13333334,1129,61,504,0,564,0,45.2400592,120,120,0,0,0.065758,0,0,0,123.912211,3184,0.000102969127,0.92832,0.010236,101.655516,102.906525,1011,4520.82652,139.083676,-2.00732722,-134.803832,34.1784502,4417.91999,1.2510059,93.192314,8,0.022173
0.150000008,116.685807,4395.53136,4512.21716,116.685806,0,-1,0.0760521889,221.759689,0.150000008,1046,57,664,0,325,0,61.2428833,120,120,0,0,0.066246,0,0,0,124.170453,3331,0.000108020191,0.97095,0.00985,115.260867,116.685806,1033,4512.21716,141.304623,-2.67987668,-137.094595,34.1304338,4395.53136,1.42493942,96.318948,8,0.02133
0.166666675,115.444246,4374.63617,4490.08042,115.444244,0,-1,0.0761640072,233.642471,0.166666675,1175,87,146,0,942,0,100.589608,120,120,0,0,0.069309,0,0,0,130.471987,3432,0.000115863237,1.006097,0.011627,112.744778,115.444244,1052,4490.08042,122.840441,-3.67531184,-117.958508,34.0889507,4374.63617,2.69946727,101.836582,8,0.021691
0.183333343,129.536759,4355.54576,4485.08251,129.536758,0,-1,0.0761972293,239.402328,0.183333343,953,58,440,0,455,0,120.086802,120,120,0,0,0.072252,0,0,0,129.393122,3455,0.000113131056,1.03455,0.009498,127.476361,129.536758,1068,4485.08251,119.098761,-5.19172911,-113.985915,34.1287556,4355.54576,2.0603976,108.636391,8,0.019935
0.20000001,143.632759,4336.78977,4480.42252,143.632767,0,-1,0.0762931332,236.89505,0.20000001,909,44,803,0,62,0,134.928113,120,120,0,0,0.065405,0,0,0,128.823554,3503,0.000117775926,1.011465,0.008826,141.405042,143.632767,1084,4480.42252,120.456729,-6.66243026,-115.338342,34.0954912,4336.78977,2.22771692,106.751825,8,0.023944
0.216666678,159.467011,4318.23582,4477.70283,159.46701,0,-1,0.0762931332,234.523926,0.216666678,884,50,154,0,680,0,153.554468,120,120,0,0,0.067781,0,0,0,125.526883,3580,0.000113756847,1.01372,0.008881,156.717246,159.46701,1090,4477.70283,117.608645,-8.98520587,-112.216083,34.0383638,4318.23582,2.7497651,107.677775,8,0.022814
0.233333346,175.458703,4299.37655,4474.83526,175.45871,0,-1,0.076304093,240.409531,0.233333346,847,39,157,0,651,0,161.711633,120,120,0,0,0.087125,0,0,0,128.194503,3598,0.000122842292,1.043455,0.009636,172.632689,175.45871,1095,4474.83526,121.784844,-10.6630698,-116.445663,34.0331413,4299.37655,2.82601457,110.835935,8,0.021339
0.250000013,190.994252,4280.3427,4471.33695,190.994247,0,-1,0.076325655,247.3797,0.250000013,878,41,798,0,39,0,173.603602,120,120,0,0,0.068613,0,0,0,132.066419,3651,0.000148092295,1.123953,0.010003,188.120203,190.994247,1101,4471.33695,123.01899,-13.0574643,-117.444465,34.2048552,4280.3427,2.87404878,113.866379,8,0.021002
0.266666681,206.367304,4260.97837,4467.34567,206.36731,0,-1,0.0763428733,256.124023,0.266666681,998,69,305,0,624,0,183.712176,120,120,0,0,0.074024,0,0,0,133.698404,3681,0.000186237812,1.140655,0.0117,203.649587,206.36731,1118,4467.34567,126.081777,-16.2055038,-120.165123,34.5592148,4260.97837,2.71771695,120.920539,8,0.035592
0.283333348,214.829399,4241.4678,4456.2972,214.829391,0,-1,0.0763558075,253.709183,0.283333348,1069,64,179,0,826,0,191.143408,120,120,0,0,0.071816,0,0,0,132.200317,3721,0.000244005787,1.094071,0.00942,212.163015,214.829391,1132,4456.2972,126.795597,-20.2395957,-120.163982,35.0442509,4241.4678,2.66638374,120.060476,8,0.02152
0.300000016,231.275101,4221.58139,4452.85649,231.275101,0,-1,0.0763742551,256.400024,0.300000016,974,57,394,0,523,0,199.449552,120,120,0,0,0.073817,0,0,0,131.11374,3759,0.000326945388,1.076197,0.01027,228.731201,231.275101,1138,4452.85649,130.432074,-22.7904276,-123.556504,35.0273126,4221.58139,2.54389989,123.871822,8,0.023826
0.316666683,248.239482,4201.65154,4449.89102,248.239487,0,-1,0.0763742551,258.149719,0.316666683,851,34,215,0,602,0,208.594553,120,120,0,0,0.073612,0,0,0,137.174359,3750,0.000324177672,1.087176,0.009623,246.025186,248.239487,1134,4449.89102,132.233872,-25.6016179,-125.020897,34.6428816,4201.65154,2.2142966,119.542676,8,0.021947
0.333333351,264.517797,4181.81588,4446.33367,264.517792,0,-1,0.0763742551,257.148926,0.333333351,869,40,36,0,793,0,218.194636,120,120,0,0,0.076879,0,0,0,134.322612,3745,0.000298804225,1.102298,0.010644,262.609994,264.517792,1133,4446.33367,131.537426,-32.9726642,-122.806891,33.6654925,4181.81588,1.90780275,121.384973,8,0.022078
0.350000018,282.696777,4161.66979,4444.36657,282.696777,0,-1,0.0763742551,255.057114,0.350000018,858,45,308,0,505,0,224.516008,120,120,0,0,0.092199,0,0,0,131.384811,3746,0.000256573258,1.086166,0.013084,280.903245,282.696777,1130,4444.36657,135.885138,-37.8978745,-126.543735,31.8622812,4161.66979,1.79353198,122.201804,9,0.021847
0.366666686,301.87786,4140.68743,4442.56529,301.877869,0,-1,0.0763742551,268.592682,0.366666686,823,38,317,1,467,0,228.946133,120,120,0,0,0.077749,0,0,0,140.207825,3753,0.000238334789,1.183518,0.009439,300.190599,301.877869,1130,4442.56529,142.48667,-44.8879813,-131.87972,29.9208908,4140.68743,1.68726151,126.845929,8,0.0332
0.383333353,321.415152,4118.6775,4440.09265,321.415161,0,-1,0.0763742551,282.820313,0.383333353,829,31,151,0,647,0,234.454449,120,120,0,0,0.087764,0,0,0,143.336364,3788,0.000218645422,1.215813,0.011542,319.783027,321.415161,1135,4440.09265,149.74218,-51.3708922,-137.875242,27.8239032,4118.6775,1.63212527,137.831397,8,0.046189
0.400000021,341.726372,4095.66042,4437.38679,341.726379,0,-1,0.0763742551,284.194885,0.400000021,822,29,171,0,622,0,240.072592,120,120,0,0,0.088971,0,0,0,144.344537,3802,0.000220883056,1.19685,0.016082,340.250658,341.726379,1141,4437.38679,157.72103,-59.1316759,-143.956838,25.608532,4095.66042,1.47571444,138.211471,9,0.020872
0.416666688,363.809342,4071.76941,4435.57875,363.809357,0,-1,0.0763742551,259.952667,0.416666688,885,100,250,19,516,0,245.342658,120,120,0,0,0.07357,0,0,0,136.408053,3821,0.000222858784,1.113902,0.011118,362.34038,363.809357,1139,4435.57875,166.278279,-67.2661478,-150.256301,23.3832308,4071.76941,1.46896135,122.086528,8,0.022836
0.433333356,387.439159,4046.75546,4434.19462,387.439148,0,-1,0.0763742551,263.782104,0.433333356,851,12,218,0,621,0,250.155768,120,120,0,0,0.07086,0,0,0,138.555068,3810,0.000222374525,1.091569,0.009278,385.819202,387.439148,1135,4434.19462,175.224404,-74.1794352,-157.264615,21.6528104,4046.75546,1.61995689,123.825568,8,0.020435
0.450000023,412.157021,4020.55623,4432.71325,412.157013,0,-1,0.0763742551,259.681335,0.450000023,852,33,523,0,296,0,253.947298,120,120,0,0,0.070447,0,0,0,136.407448,3785,0.000212069324,1.067532,0.009215,410.411611,412.157013,1139,4432.71325,183.910265,-81.1005006,-163.843231,20.027233,4020.55623,1.74541019,121.887952,9,0.020995
0.466666691,438.076821,3993.31248,4431.3893,438.076813,0,-1,0.0763742551,256.794739,0.466666691,821,25,149,0,647,0,258.365934,120,120,0,0,0.07223,0,0,0,137.256528,3766,0.000215488821,1.080322,0.009722,436.309971,438.076813,1140,4431.3893,192.31698,-87.3363584,-170.32992,18.5983822,3993.31248,1.76684926,118.122655,8,0.021536
0.483333359,464.728583,3965.14842,4429.87701,464.728607,0,-1,0.0763742551,265.303864,0.483333359,839,13,341,0,485,0,261.12524,120,120,0,0,0.068317,0,0,0,144.754418,3717,0.00021236304,1.118257,0.010054,462.938809,464.728607,1136,4429.87701,199.483914,-94.5336007,-174.822294,17.1579685,3965.14842,1.78977474,119.082249,8,0.029341
0.500000026,491.994446,3936.16442,4428.15887,491.994446,0,-1,0.0763742551,273.616974,0.500000026,833,21,670,0,142,0,264.93866,120,120,0,0,0.091278,0,0,0,143.780176,3710,0.000222093455,1.140888,0.015219,490.229673,491.994446,1137,4428.15887,206.162625,-100.558862,-179.287225,15.7173106,3936.16442,1.76477286,128.220371,8,0.043512
0.516666694,519.794062,3906.73388,4426.52794,519.794067,0,-1,0.0763742551,273.629242,0.516666694,849,23,332,0,494,0,269.233708,120,120,0,0,0.091123,0,0,0,145.362995,3710,0.000218206755,1.118671,0.014015,518.048955,519.794067,1134,4426.52794,211.090895,-106.840255,-181.5087,14.1109003,3906.73388,1.74510682,126.689943,8,0.025084
