t,"scene/kinetic energy","scene/potential energy","scene/mechanical energy","Кин. энергия, Дж","frame/step ms","frame/time s","memory/allocations per frame","memory/rigid cache","memory/rigid collide","memory/rigid integrate","memory/rigid solve","particles/density error %","rigid/angular momentum","rigid/bodies","rigid/bodies awake","rigid/ccd hits","rigid/ccd initial contacts","rigid/ccd ms","rigid/ccd pass limit","rigid/ccd queries","rigid/ccd unresolved","rigid/collide ms","rigid/contacts","rigid/deepest penetration","rigid/integrate ms","rigid/islands ms","rigid/kinetic energy","rigid/kinetic energy J","rigid/manifolds","rigid/mechanical energy","rigid/momentum","rigid/momentum x","rigid/momentum y","rigid/momentum z","rigid/potential energy","rigid/rotational energy","rigid/solve ms","rigid/tree height","scene/controllers ms"
0.0166666675,1.71209916,2072.24416,2073.95626,1.71209919,0.40941301,0.0166666675,282,3,218,29,5,0,5.12162634e-16,24,24,0,0,0.004196,0,0,0,0.324256,0,0,0.044757,0.002349,1.71209916,1.71209919,0,2073.95626,20.9469467,0,-20.9469467,0,2072.24416,0,0.00628,5,0.000125
0.0333333351,6.84611576,2066.93641,2073.78252,6.84611559,0.530148983,0.0333333351,56,0,36,20,0,0,7.22746894e-15,24,24,0,0,0.005212,0,0,0,0.433148,0,0,0.065221,0.002885,6.84611576,6.84611559,0,2073.78252,41.8869164,0,-41.8869164,0,2066.93641,0,0.004006,5,3.2e-05
0.0500000026,15.3986284,2058.2053,2073.60393,15.3986282,0.513531983,0.0500000026,40,0,20,20,0,0,1.4227408e-14,24,24,0,0,0.005009,0,0,0,0.41839,0,0,0.065242,0.003406,15.3986284,15.3986282,0,2073.60393,62.8199072,0,-62.8199072,0,2058.2053,0,0.003528,5,3.8e-05
0.0666666701,27.3662005,2046.05233,2073.41853,27.3662014,0.456575006,0.0666666701,40,0,20,20,0,0,2.84729794e-14,24,24,0,0,0.004305,0,0,0,0.374625,0,0,0.056237,0.002865,27.3662005,27.3662014,0,2073.41853,83.7458942,0,-83.7458942,0,2046.05233,0,0.003223,5,2.2e-05
0.0833333377,42.7454259,2030.47854,2073.22397,42.7454262,0.33129701,0.0833333377,40,0,20,20,0,0,1.61938308e-15,24,24,0,0,0.003277,0,0,0,0.271463,0,0,0.041591,0.001861,42.7454259,42.7454262,0,2073.22397,104.664908,0,-104.664908,0,2030.47854,0,0.00216,5,2.3e-05
0.100000005,61.5328893,2011.48521,2073.0181,61.5328903,0.33593601,0.100000005,40,0,20,20,0,0,4.26532893e-14,24,24,0,0,0.00323,0,0,0,0.275206,0,0,0.042151,0.002008,61.5328893,61.5328903,0,2073.0181,125.576948,0,-125.576948,0,2011.48521,0,0.002281,5,2.1e-05
0.116666673,83.7252466,1989.07339,2072.79864,83.7252502,0.33911401,0.116666673,40,0,20,20,0,0,1.42135912e-14,24,24,0,0,0.003154,0,0,0,0.271574,0,0,0.049138,0.001907,83.7252466,83.7252502,0,2072.79864,146.482077,0,-146.482077,0,1989.07339,0,0.002156,5,2e-05
0.13333334,109.319075,1963.24443,2072.5635,109.319077,0.332935989,0.13333334,40,0,20,20,0,0,4.26421057e-14,24,24,0,0,0.003156,0,0,0,0.273204,0,0,0.041701,0.001858,109.319075,109.319077,0,2072.5635,167.380263,0,-167.380263,0,1963.24443,0,0.002151,5,2.1e-05
0.150000008,138.310943,1933.99937,2072.31031,138.310944,0.336032003,0.150000008,40,0,20,20,0,0,1.58763414e-14,24,24,0,0,0.00322,0,0,0,0.27404,0,0,0.043395,0.002085,138.310943,138.310944,0,2072.31031,188.271483,0,-188.271483,0,1933.99937,0,0.002179,5,2.3e-05
0.166666675,170.69747,1901.33874,2072.03621,170.697464,0.334024996,0.166666675,40,0,20,20,0,0,5.69642039e-14,24,24,0,0,0.003165,0,0,0,0.274469,0,0,0.041451,0.001843,170.69747,170.697464,0,2072.03621,209.155753,0,-209.155753,0,1901.33874,0,0.002227,5,2.4e-05
0.183333343,206.47523,1865.26434,2071.73957,206.47522,0.334870994,0.183333343,40,0,20,20,0,0,5.95677132e-14,24,24,0,0,0.003157,0,0,0,0.27484,0,0,0.041717,0.001978,206.47523,206.47522,0,2071.73957,230.033057,0,-230.033057,0,1865.26434,0,0.002129,5,2.3e-05
0.20000001,245.640848,1825.77707,2071.41792,245.640854,0.337657988,0.20000001,40,0,20,20,0,0,2.91276538e-14,24,24,0,0,0.003177,0,0,0,0.277932,0,0,0.041507,0.001801,245.640848,245.640854,0,2071.41792,250.903411,0,-250.903411,0,1825.77707,0,0.002221,5,2.3e-05
0.216666678,288.190928,1782.87813,2071.06905,288.190918,0.335761994,0.216666678,40,0,20,20,0,0,1.43411762e-15,24,24,0,0,0.003152,0,0,0,0.276209,0,0,0.041317,0.001886,288.190928,288.190918,0,2071.06905,271.766814,0,-271.766814,0,1782.87813,0,0.002222,5,2.4e-05
0.233333346,334.122005,1736.56867,2070.69067,334.122009,0.336017013,0.233333346,40,0,20,20,0,0,2.86384083e-14,24,24,0,0,0.00316,0,0,0,0.276489,0,0,0.041533,0.001852,334.122005,334.122009,0,2070.69067,292.623237,0,-292.623237,0,1736.56867,0,0.002119,5,2.2e-05
0.250000013,383.430783,1686.84979,2070.28057,383.430786,0.339457005,0.250000013,40,0,20,20,0,0,1.15250632e-13,24,24,0,0,0.003187,0,0,0,0.277571,0,0,0.043415,0.001963,383.430783,383.430786,0,2070.28057,313.472725,0,-313.472725,0,1686.84979,0,0.002287,5,2.2e-05
0.266666681,436.113876,1633.72268,2069.83655,436.113892,0.338335991,0.266666681,56,0,34,21,0,0,9.19487246e-15,24,24,0,0,0.003229,0,0,0,0.278189,0,0,0.041402,0.001818,436.113876,436.113892,0,2069.83655,334.315278,0,-334.315278,0,1633.72268,0,0.002407,5,2.3e-05
0.283333348,492.167901,1577.18831,2069.35621,492.167877,0.338918,0.283333348,135,0,101,32,0,0,2.87611325e-14,24,24,0,0,0.003187,0,0,0,0.278759,0,0,0.041279,0.002224,492.167901,492.167877,0,2069.35621,355.150895,0,-355.150895,0,1577.18831,0,0.002161,5,2.3e-05
0.300000016,551.589384,1517.24804,2068.83743,551.589417,0.341592997,0.300000016,441,0,367,68,0,0,1.42150711e-13,24,24,0,0,0.003786,0,0,0,0.280302,0,0,0.04142,0.002013,551.589384,551.589417,0,2068.83743,375.979548,0,-375.979548,0,1517.24804,0,0.002297,5,2.4e-05
0.316666683,614.375119,1453.90281,2068.27793,614.375122,0.339946002,0.316666683,401,0,354,47,0,0,1.15489325e-13,24,24,0,0,0.003207,0,0,0,0.280011,0,0,0.041581,0.001906,614.375119,614.375122,0,2068.27793,396.801295,0,-396.801295,0,1453.90281,0,0.00215,5,2.2e-05
0.333333351,680.521641,1387.15392,2067.67556,680.521667,0.34158501,0.333333351,383,0,308,63,2,0,5.74692049e-14,24,24,0,0,0.003202,0,0,0,0.281001,0,0,0.041331,0.001934,680.521641,680.521667,0,2067.67556,417.616108,0,-417.616108,0,1387.15392,0,0.00232,5,2.2e-05
0.350000018,750.025464,1317.00249,2067.02796,750.025452,0.35115099,0.350000018,1348,3,1100,218,6,0,4.7661032e-15,24,24,0,0,0.003272,0,0,0,0.288486,0,0,0.041486,0.002156,750.025464,750.025452,0,2067.02796,438.423955,0,-438.423955,0,1317.00249,0,0.002294,5,2.1e-05
0.366666686,822.883305,1243.44977,2066.33308,822.883301,0.343921006,0.366666686,389,1,332,48,8,0,5.96268329e-14,24,24,0,0,0.003279,0,0,0,0.283439,0,0,0.041604,0.001906,822.883305,822.883301,0,2066.33308,459.224867,0,-459.224867,0,1243.44977,0,0.002184,5,3.2e-05
0.383333353,899.091901,1166.49645,2065.58835,899.091919,0.743963003,0.383333353,496,0,151,343,0,0,1.70544109e-13,24,24,0,0,0.404247,0,324,0,0.281486,0,0,0.041609,0.00223,899.091901,899.091919,0,2065.58835,480.018874,0,-480.018874,0,1166.49645,0,0.002354,5,2.4e-05
0.400000021,978.647772,1086.14394,2064.79172,978.647766,0.778129995,0.400000021,419,0,244,174,0,0,5.89940301e-14,24,24,0,0,0.437584,0,360,0,0.282998,0,0,0.041618,0.001946,978.647772,978.647766,0,2064.79172,500.805947,0,-500.805947,0,1086.14394,0,0.002364,5,2.4e-05
0.416666688,966.665526,1006.56663,1973.23216,966.665527,0.831470013,0.416666688,84,3,38,20,23,0,38.8387919,24,24,0,0,0.440563,0,360,0,0.304006,1,0,0.043292,0.002229,959.536897,966.665527,1,1973.23216,470.605267,-2.0802153,-470.540877,7.50160137,1006.56663,7.12862869,0.029528,5,2.3e-05
0.433333356,1026.8612,929.914535,1956.77573,1026.86121,0.794897974,0.433333356,40,0,20,20,0,0,46.1245412,24,24,0,0,0.435077,0,360,0,0.29121,0,0,0.042436,0.002142,1023.50152,1026.86121,0,1956.77573,474.96656,-2.30343159,-474.888426,8.30123262,929.914535,3.35967344,0.012478,5,2.4e-05
0.450000023,969.632357,852.822972,1822.45533,969.632324,0.85432899,0.450000023,53,2,30,20,1,0,31.4533493,24,24,0,0,0.436973,0,360,0,0.348139,4,0,0.0432,0.002035,937.21836,969.632324,2,1822.45533,431.417998,23.9464096,-430.374544,18.0502137,852.822972,32.4139973,0.012276,5,2.4e-05
0.466666691,784.242635,790.299347,1574.54198,784.242676,0.986212015,0.466666691,468,4,278,164,22,0,19.1254989,24,24,0,0,0.438972,0,360,0,0.449193,6,0,0.045456,0.002704,725.578459,784.242676,3,1574.54198,320.860473,28.5900397,-319.524608,6.17067841,790.299347,58.6641755,0.037243,5,2.3e-05
0.483333359,809.080863,738.142511,1547.22337,809.080872,1.42247701,0.483333359,5075,9,4329,543,178,0,22.5921857,24,24,0,0,0.444982,0,360,0,0.847516,15,8.71698921e-06,0.047963,0.002524,758.51076,809.080872,6,1547.22337,312.022091,31.416418,-310.298958,9.2385389,738.142511,50.5701032,0.066163,5,2.4e-05
0.500000026,856.57933,685.669161,1542.24849,856.579346,1.30613899,0.500000026,8245,13,5147,2861,194,0,23.543979,24,24,0,0,0.4286,0,342,0,0.750527,13,0.000176725312,0.052673,0.002688,807.971953,856.579346,4,1542.24849,331.655159,31.634585,-330.012512,9.28111902,685.669161,48.607377,0.057274,5,2.4e-05
0.516666694,873.928249,630.979926,1504.90818,873.928284,0.956230998,0.516666694,85,4,59,20,2,0,22.3680648,24,24,0,0,0.295566,0,240,0,0.540986,16,0,0.051589,0.002855,841.554966,873.928284,6,1504.90818,328.935395,29.113736,-327.573789,6.80421844,630.979926,32.3732836,0.053146,5,2.4e-05
0.533333361,802.302133,578.881631,1381.18376,802.302124,0.999042988,0.533333361,140,7,106,20,7,0,17.3643958,24,24,0,0,0.221993,0,180,0,0.621305,15,0,0.052909,0.002715,756.197487,802.302124,7,1381.18376,310.806253,35.8427812,-308.718108,2.99190444,578.881631,46.1046459,0.08775,5,2.5e-05
0.550000029,813.52186,529.45414,1342.976,813.521851,1.21677899,0.550000029,310,6,181,96,27,0,21.0126589,24,24,0,0,0.223374,0,180,0,0.772451,27,0,0.05321,0.002846,778.402288,813.521851,12,1342.976,303.313571,35.07482,-301.272164,-1.99056844,529.45414,35.119572,0.151948,5,2.5e-05
0.566666696,568.589218,481.884629,1050.47385,568.589233,1.477193,0.566666696,254,4,175,38,37,0,28.7085889,24,24,0,0,0.222371,0,180,0,0.971233,39,0,0.053117,0.002973,534.542189,568.589233,15,1050.47385,218.359316,24.3685739,-216.643452,-12.352252,481.884629,34.0470296,0.214199,5,2.4e-05
0.583333364,244.935265,457.977335,702.912599,244.935272,1.63765502,0.583333364,713,5,500,59,148,0,17.4885298,24,24,0,0,0.223074,0,180,0,1.058543,46,0,0.056191,0.00345,166.12916,244.935272,17,702.912599,109.942361,-1.275365,-109.512649,9.6268319,457.977335,78.8061044,0.282432,5,2.6e-05
0.600000031,189.733581,441.77745,631.511031,189.733582,1.710235,0.600000031,84,4,56,20,4,0,21.716829,24,24,0,0,0.222735,0,180,0,1.105827,47,0.000170053419,0.060375,0.003118,131.988517,189.733582,17,631.511031,96.3175652,-8.20137396,-94.8663166,14.4980276,441.77745,57.7450639,0.304997,5,2.3e-05
0.616666699,150.27372,427.497157,577.770878,150.273727,1.84784198,0.616666699,929,5,715,50,159,0,12.869294,24,24,0,0,0.230741,0,180,0,1.198005,57,1.05388463e-05,0.057154,0.003452,108.503208,150.273727,21,577.770878,80.8114773,-6.86321678,-77.1575286,23.0240505,427.497157,41.7705119,0.344353,5,2.4e-05
0.633333366,149.686381,415.187012,564.873393,149.686386,4.00256586,0.633333366,666,29,341,240,56,0,14.3276711,24,24,0,0,1.207003,0,1025,0,2.22357,73,0,0.061766,0.004922,110.094887,149.686386,26,564.873393,79.3693357,-4.21043936,-75.093125,25.3532291,415.187012,39.5914948,0.486607,5,3.5e-05
0.650000034,142.96972,402.86763,545.83735,142.969727,9.98173618,0.650000034,3293,68,2286,771,163,0,13.1010677,24,24,0,2,4.874253,0,3554,0,4.02787,123,0.000444962236,0.072181,0.008266,107.417421,142.969727,45,545.83735,78.3084408,-2.7712713,-73.9189043,25.7007304,402.86763,35.5522988,0.967374,5,0.000139
0.666666701,83.3211831,392.453408,475.774591,83.3211823,7.74484682,0.666666701,823,28,444,252,96,0,8.53779497,24,24,0,1,2.569821,0,1768,0,4.012839,104,0.000255714433,0.079167,0.008587,72.6697177,83.3211823,40,475.774591,34.7655942,-4.13858896,-21.8624989,26.7123523,392.453408,10.6514654,1.040806,5,0.00011
0.683333369,75.363667,389.680741,465.044408,75.3636703,6.71242809,0.683333369,462,6,139,286,31,0,6.92150935,24,24,0,0,2.250148,0,1750,0,3.431475,103,0.000252152968,0.074491,0.006695,66.215321,75.3636703,37,465.044408,27.5622563,0.67271396,-13.3915626,24.080936,389.680741,9.14834602,0.926046,5,0.000102
0.700000037,73.7715697,387.280002,461.051572,73.7715683,5.66733503,0.700000037,166,2,113,50,1,0,6.21079343,24,24,0,0,0.678772,0,525,0,4.006403,106,0.000251489837,0.07475,0.007375,65.0899283,73.7715683,38,461.051572,28.1672897,1.46399857,-16.7164715,22.6232734,387.280002,8.68164139,0.869235,5,0.000317
0.716666704,36.9813091,384.44549,421.426799,36.981308,4.06996679,0.716666704,62,5,37,20,0,0,5.78265213,24,24,0,0,0.004977,0,0,0,3.065916,107,0.000252284779,0.073701,0.006126,29.3645885,36.981308,41,421.426799,28.6794071,2.43392971,-17.5712969,22.5351703,384.44549,7.61672063,0.897931,5,0.000111
0.733333372,29.4233516,381.422623,410.845975,29.4233513,5.6460762,0.733333372,418,7,390,20,1,0,5.43473386,24,24,0,0,0.006741,0,0,0,4.564723,116,0.000309905037,0.073844,0.007526,23.6371717,29.4233513,44,410.845975,27.4391234,6.63602782,-14.3878227,22.4022138,381.422623,5.7861799,0.963897,5,0.000216
0.750000039,27.5529313,379.184228,406.73716,27.5529308,4.45510387,0.750000039,116,17,77,20,2,0,3.6801175,24,24,0,0,0.004114,0,0,0,3.419387,119,0.000309905037,0.068857,0.00585,22.2870801,27.5529308,45,406.73716,24.7718029,7.50010254,-12.939523,19.7473904,379.184228,5.26585117,0.931764,5,0.000182
0.766666707,27.7142493,377.09354,404.80779,27.7142506,4.63367701,0.766666707,89,19,50,20,0,0,4.38295551,24,24,0,0,0.004146,0,0,0,3.593143,119,0.000309903175,0.06985,0.006121,22.1272776,27.7142506,44,404.80779,24.3042766,8.70823801,-13.3586778,18.3414879,377.09354,5.58697172,0.93984,5,3e-05
0.783333374,29.0543643,374.717103,403.771468,29.0543633,5.22859097,0.783333374,115,25,67,20,3,0,7.36615028,24,24,0,0,0.003988,0,0,0,4.149471,119,0.000309900381,0.069389,0.006074,23.8990488,29.0543633,46,403.771468,26.5876189,11.2046493,-15.9422179,18.0887535,374.717103,5.15531551,0.979019,5,2.9e-05
0.800000042,30.3795207,371.973345,402.352866,30.3795204,7.35285997,0.800000042,570,16,530,20,4,0,7.72539261,24,24,0,0,0.005457,0,0,0,6.066564,139,0.000309898518,0.077796,0.007853,25.6413842,30.3795204,52,402.352866,27.0767134,12.9751424,-17.1201899,16.4831182,371.973345,4.73813648,1.165239,5,0.000216
0.816666709,32.7966072,368.846457,401.643064,32.796608,5.48479795,0.816666709,218,6,170,25,16,0,8.59374768,24,24,0,0,0.004572,0,0,0,4.291343,135,0.000309894793,0.069066,0.006646,28.1867749,32.796608,53,401.643064,28.8661366,14.0526923,-20.5883922,14.5565719,368.846457,4.60983223,1.090476,5,0.000101
0.833333377,35.6447344,365.250467,400.895201,35.6447334,5.71237278,0.833333377,177,4,142,23,6,0,9.4872624,24,24,0,0,0.004425,0,0,0,4.457686,139,0.00030989293,0.073088,0.006764,31.1796548,35.6447334,54,400.895201,30.5184644,14.5023968,-23.665368,12.6888736,365.250467,4.46507955,1.147395,5,3.4e-05
0.850000044,39.526006,360.963727,400.489733,39.5260086,4.99448776,0.850000044,80,2,58,20,0,0,10.7389961,24,24,0,0,0.004209,0,0,0,3.822346,131,0.000309891067,0.069873,0.006613,35.0169625,39.5260086,51,400.489733,33.9656046,15.2945079,-28.3764944,10.7011629,360.963727,4.50904343,1.072747,5,3e-05
0.866666712,44.0751388,355.919826,399.994965,44.0751381,5.17634678,0.866666712,70,3,47,20,0,0,12.0628131,24,24,0,0,0.003956,0,0,0,4.014884,135,0.000309889205,0.068116,0.013561,39.3701434,44.0751381,51,399.994965,37.5966443,15.9740046,-32.8567948,8.8752395,355.919826,4.70499542,1.051904,5,3.2e-05
0.883333379,47.1287782,350.324719,397.453497,47.1287804,5.6511178,0.883333379,504,14,389,48,49,0,14.0835699,24,24,0,0,0.004852,0,0,0,4.356095,144,0.000309886411,0.073709,0.007228,42.9249745,47.1287804,54,397.453497,39.336645,16.8052957,-34.6626792,7.96569844,350.324719,4.2038037,1.18539,5,0.000108
0.900000047,35.8762489,344.579388,380.455637,35.8762474,5.21919823,0.900000047,95,18,48,20,9,0,15.4027957,24,24,0,0,0.004531,0,0,0,4.007066,145,0.000309884548,0.069822,0.007155,33.3323984,35.8762474,54,380.455637,39.9432721,18.4445062,-35.0500151,5.17316318,344.579388,2.54385045,1.107536,5,3.2e-05
0.916666714,13.0412822,340.710638,353.75192,13.0412817,6.07446289,0.916666714,407,36,317,22,31,0,11.1188561,24,24,0,0,0.004613,0,0,0,4.746298,161,0.000327834859,0.070656,0.007276,9.44265124,13.0412817,58,353.75192,19.9798814,18.5410659,-7.2441419,-1.71666706,340.710638,3.59863092,1.222234,5,3.7e-05
0.933333382,12.505572,339.371816,351.877388,12.5055723,6.10120916,0.933333382,223,48,122,20,33,0,13.450369,24,24,0,0,0.004729,0,0,0,4.696312,167,0.000332886353,0.068702,0.008336,9.35167109,12.5055723,63,351.877388,21.1147504,18.3454572,-9.19773802,-4.96774623,339.371816,3.15390088,1.299414,5,0.000208
0.95000005,16.5140206,337.453165,353.967185,16.5140209,5.05019712,0.95000005,101,13,62,20,6,0,15.8531993,24,24,0,0,0.004019,0,0,0,3.835195,150,0.000352083705,0.068288,0.006958,10.3943233,16.5140209,50,353.967185,25.0250994,19.7513185,-14.0745572,-6.16829446,337.453165,6.11969725,1.115148,5,2.8e-05
0.966666717,13.0826736,335.390127,348.472801,13.0826731,4.63652706,0.966666717,832,20,486,61,259,0,17.3994761,24,24,0,0,0.005244,0,0,0,3.487269,132,0.000357848592,0.06839,0.006019,10.7714147,13.0826731,45,348.472801,28.0222104,22.5381371,-11.4351573,-12.1042895,335.390127,2.31125897,1.04364,5,0.00032
0.983333385,14.2391068,333.498295,347.737402,14.2391071,4.70098114,0.983333385,231,16,177,20,18,0,18.8781487,24,24,0,0,0.005392,0,0,0,3.580558,116,0.000357850455,0.073723,0.005988,12.1947124,14.2391071,39,347.737402,29.7995736,22.6175164,-12.3524701,-14.9625874,333.498295,2.04439446,1.00968,5,0.000192
1.00000005,14.3481251,331.798736,346.146862,14.3481245,4.6883049,1.00000005,49,4,21,20,4,0,18.6935828,24,24,0,0,0.00495,0,0,0,3.702085,100,0.000361938961,0.069505,0.005378,11.9192638,14.3481245,32,346.146862,28.7688059,22.6441435,-9.11900385,-15.2227044,331.798736,2.42886126,0.882618,5,0.000189
1.01666672,14.4092251,330.344657,344.753882,14.4092255,3.88062406,1.01666672,40,0,20,20,0,0,17.9371477,24,24,0,0,0.003708,0,0,0,3.089264,99,0.000362366438,0.060577,0.003344,12.020575,14.4092255,31,344.753882,27.7761605,20.9436069,-8.56036141,-16.1121269,330.344657,2.38865015,0.707869,5,0.000155
1.03333339,15.3122569,328.805754,344.118011,15.3122568,2.66949797,1.03333339,470,0,412,21,37,0,18.120671,24,24,0,0,0.003736,0,0,0,1.88182,96,0.000364775769,0.059119,0.003186,12.5943913,15.3122568,31,344.118011,27.1388067,19.2216334,-9.85810048,-16.4274616,328.805754,2.71786554,0.704348,5,0.000257
1.05000005,14.0625605,327.368381,341.430942,14.062561,2.68408704,1.05000005,41,1,20,20,0,0,18.5165213,24,24,0,0,0.003756,0,0,0,1.890486,96,0.000493563712,0.059447,0.003748,11.7913867,14.062561,31,341.430942,23.8729427,18.8454475,-6.51081007,-13.1291985,327.368381,2.27117385,0.710158,5,2.3e-05
1.06666672,14.7702809,326.230011,341.000292,14.7702808,2.5825789,1.06666672,40,0,20,20,0,0,18.4904132,24,24,0,0,0.003856,0,0,0,1.832853,95,0.000549301505,0.058082,0.003586,12.3983579,14.7702808,31,341.000292,23.6800636,19.4283244,-6.72050513,-11.752465,326.230011,2.37192297,0.668594,5,2.5e-05
1.08333339,15.7906469,324.975607,340.766254,15.7906466,2.84432411,1.08333339,42,1,21,20,0,0,17.9313679,24,24,0,0,0.004132,0,0,0,2.048477,95,0.000635428354,0.058627,0.003613,13.0439569,15.7906466,32,340.766254,24.202946,19.6455213,-8.75739604,-11.0970313,324.975607,2.74668996,0.712998,5,2.2e-05
1.10000006,17.2552798,323.298394,340.553674,17.2552795,2.46765494,1.10000006,40,0,20,20,0,0,17.4758296,24,24,0,0,0.003398,0,0,0,1.696565,95,0.000687006861,0.056492,0.002997,14.3053596,17.2552795,32,340.553674,25.7895717,20.2363857,-11.8010522,-10.785447,323.298394,2.94992023,0.693031,5,2.3e-05
1.11666672,18.7917941,321.229994,340.021788,18.7917938,4.70904207,1.11666672,617,4,519,26,68,0,17.3495713,24,24,0,0,0.003786,0,0,0,3.883412,95,0.000688452274,0.058301,0.004501,15.3408345,18.7917938,32,340.021788,27.476803,22.0192996,-12.6941018,-10.4395847,321.229994,3.45095951,0.741022,5,2.3e-05
1.13333339,20.6256172,319.048054,339.673671,20.6256161,2.70163012,1.13333339,40,0,20,20,0,0,17.541934,24,24,0,0,0.003554,0,0,0,1.895217,97,0.000397137133,0.057451,0.003228,16.7246226,20.6256161,32,339.673671,29.2377544,23.3769296,-14.3922773,-10.0612029,319.048054,3.90099461,0.726808,5,2.1e-05
1.15000006,23.1567009,316.379269,339.53597,23.156702,2.65051508,1.15000006,41,0,21,20,0,0,17.7886207,24,24,0,0,0.003493,0,0,0,1.861975,95,0.000498886686,0.057152,0.00319,19.1382227,23.156702,31,339.53597,31.3706589,23.9392011,-17.9868878,-9.35439765,316.379269,4.01847829,0.709775,5,2.3e-05
1.16666673,26.2975089,313.100788,339.398297,26.2975101,2.46454,1.16666673,43,0,23,20,0,0,18.185352,24,24,0,0,0.003547,0,0,0,1.710095,94,0.00057850196,0.055795,0.003115,22.1623554,26.2975101,31,339.398297,34.0280398,24.6412867,-21.7658931,-8.77270622,313.100788,4.13515347,0.677893,5,2.5e-05
1.1833334,30.0098583,309.208607,339.218465,30.0098591,2.51350904,1.1833334,451,0,255,22,174,0,18.71887,24,24,0,0,0.00333,0,0,0,1.746342,95,0.000680204947,0.055493,0.003088,25.6993321,30.0098591,31,339.218465,36.7385844,25.2190185,-25.3686762,-8.37585584,309.208607,4.31052629,0.690115,5,2.1e-05
1.20000006,33.1742499,304.979801,338.154051,33.1742477,2.63552308,1.20000006,47,0,27,20,0,0,21.6281263,24,24,0,0,0.004243,0,0,0,1.846309,95,0.000753900735,0.055461,0.003838,28.9431435,33.1742477,31,338.154051,36.1678339,23.6296571,-25.7954329,-9.18407057,304.979801,4.23110634,0.708221,5,2.3e-05
1.21666673,37.08949,300.700147,337.789637,37.0894928,2.63859105,1.21666673,41,0,21,20,0,0,22.5569437,24,24,0,0,0.003787,0,0,0,1.873696,91,0.000855621882,0.055661,0.003262,32.8326973,37.0894928,30,337.789637,36.5670348,22.6393413,-26.93649,-9.95157095,300.700147,4.2567927,0.686115,5,2.4e-05
1.2333334,41.5638251,296.034768,337.598593,41.5638237,2.57106209,1.2333334,41,0,21,20,0,0,23.8521711,24,23,0,0,0.003654,0,0,0,1.80554,87,0.000939140795,0.054891,0.003622,37.2376817,41.5638237,29,337.598593,38.5076582,22.3581769,-29.8700334,-9.52537504,296.034768,4.32614345,0.687457,5,2.2e-05
1.25000007,12.0496568,294.892462,306.942119,12.0496569,2.42379189,1.25000007,43,1,22,20,0,0,11.9861764,24,23,0,0,0.003337,0,0,0,1.676114,89,0.00103991688,0.0524,0.003351,9.65788693,12.0496569,30,306.942119,19.7223229,18.6311634,2.05530398,-6.13396259,294.892462,2.39176989,0.674733,5,2.4e-05
1.26666673,13.1815766,294.945959,308.127536,13.1815767,2.49127889,1.26666673,40,0,20,20,0,0,11.4001495,24,23,0,0,0.00354,0,0,0,1.756767,88,0.00112274894,0.051482,0.003563,9.3937912,13.1815767,29,308.127536,19.6098282,18.8282925,-1.16370057,-5.35598402,294.945959,3.78778544,0.659674,5,2.3e-05
1.2833334,13.5662143,294.441684,308.007898,13.5662146,2.449018,1.2833334,491,2,386,36,67,0,11.0669308,24,23,0,0,0.003254,0,0,0,1.708156,88,0.00122391572,0.050579,0.003191,9.66528471,13.5662146,29,308.007898,20.1697752,19.0631677,-4.68091979,-4.63728973,294.441684,3.90092962,0.668989,5,2.2e-05
1.30000007,14.5340429,293.352244,307.886287,14.5340433,2.51377392,1.30000007,159,0,96,20,43,0,11.0674575,24,22,0,0,0.003587,0,0,0,1.772697,84,0.00130690169,0.052245,0.003979,10.4851987,14.5340433,28,307.886287,21.4140216,19.3347952,-8.32475131,-3.92740776,293.352244,4.04884422,0.664795,5,2.3e-05
1.31666674,16.018288,291.688067,307.706355,16.0182877,2.37527895,1.31666674,45,0,25,20,0,0,11.3853084,24,22,0,0,0.003258,0,0,0,1.657889,84,0.00141865388,0.049558,0.003308,11.7325975,16.0182877,28,307.706355,23.1381394,19.7596763,-11.605096,-3.20162985,291.688067,4.28569048,0.645929,5,2.4e-05
1.3333334,18.0564367,289.459586,307.516023,18.0564365,2.28001094,1.3333334,41,1,20,20,0,0,11.882801,24,22,0,0,0.003268,0,0,0,1.570954,85,0.00147583848,0.049279,0.003579,13.5266764,18.0564365,29,307.516023,25.114185,19.865939,-15.135058,-2.64514234,289.459586,4.52976034,0.639053,5,2.2e-05
1.35000007,20.6688825,286.667257,307.336139,20.6688824,2.33320308,1.35000007,40,0,20,20,0,0,12.5128164,24,22,0,0,0.003079,0,0,0,1.611358,88,0.00153208198,0.048902,0.003511,15.8826062,20.6688824,29,307.336139,27.3424531,19.633799,-18.8681773,-2.47296734,286.667257,4.78627633,0.651319,5,2.3e-05
1.36666674,18.5828448,283.317227,301.900072,18.5828438,2.44354892,1.36666674,42,2,20,20,0,0,10.652386,24,22,0,0,0.003021,0,0,0,1.694397,95,0.00156477024,0.048589,0.003433,14.9154773,18.5828438,31,301.900072,26.4267388,17.7605096,-19.5630927,-0.471410413,283.317227,3.66736751,0.679347,5,2.3e-05
1.38333341,15.6431542,280.614696,296.25785,15.6431541,2.37475395,1.38333341,40,0,20,20,0,0,8.05945312,24,22,0,0,0.003102,0,0,0,1.617682,96,0.00161811383,0.048722,0.003385,11.3896351,15.6431541,31,296.25785,19.4347616,15.59798,-11.5550418,-0.945510076,280.614696,4.25351909,0.686507,5,2.4e-05
1.40000007,16.4816897,278.675748,295.157437,16.4816895,2.6137321,1.40000007,674,0,606,20,48,0,7.60352962,24,22,0,0,0.006838,0,0,0,1.84956,96,0.00168372574,0.049508,0.003938,11.8903093,16.4816895,31,295.157437,18.0920148,13.287048,-12.1870315,-1.50053855,278.675748,4.59138039,0.68873,5,2.2e-05
1.41666674,18.0190659,276.628635,294.647701,18.0190659,2.57463098,1.41666674,42,0,22,20,0,0,7.57952239,24,21,0,0,0.003734,0,0,0,1.829672,92,0.00175231276,0.049424,0.003814,12.7383476,18.0190659,30,294.647701,17.8752504,11.8182862,-13.2789368,-1.8768389,276.628635,5.28071829,0.672575,5,2.2e-05
1.43333341,19.8817966,274.341477,294.223273,19.8817959,2.47639489,1.43333341,41,1,20,20,0,0,8.10559696,24,21,0,0,0.003641,0,0,0,1.724645,91,0.0018457151,0.058159,0.003813,13.818073,19.8817959,31,294.223273,18.1491925,10.7203276,-14.4243689,-2.5308792,274.341477,6.0637236,0.66514,5,2.3e-05
1.45000008,21.6327876,271.771133,293.403921,21.6327877,2.60528898,1.45000008,42,0,22,20,0,0,8.8095213,24,19,0,0,0.003054,0,0,0,1.879553,84,0.00191980693,0.046973,0.004966,14.6208571,21.6327877,28,293.403921,18.9255042,9.5996943,-15.8213675,-3.96294186,271.771133,7.01193046,0.655412,5,2.3e-05
1.46666674,22.1363725,269.28137,291.417743,22.1363716,2.53667307,1.46666674,46,0,26,20,0,0,9.53686501,24,18,0,0,0.003111,0,0,0,1.866554,79,0.00202449551,0.042809,0.004008,14.3598382,22.1363716,27,291.417743,18.4041993,8.17483549,-14.968374,-6.91624145,269.28137,7.77653432,0.603911,5,2.3e-05
1.48333341,18.7730575,268.172957,286.946015,18.7730579,2.3398459,1.48333341,535,4,426,35,69,0,9.47386427,24,18,0,0,0.002783,0,0,0,1.686546,85,0.00210562861,0.040556,0.004011,12.8238345,18.7730579,28,286.946015,11.1579104,2.19715892,-4.0419042,-10.1653563,268.172957,5.94922299,0.591187,5,2.3e-05
1.50000008,18.7306113,267.447533,286.178144,18.7306118,2.66153693,1.50000008,47,0,27,20,0,0,9.15447791,24,17,0,0,0.00322,0,0,0,1.974951,87,0.00220853719,0.041583,0.005223,12.792295,18.7306118,28,286.178144,10.8847763,0.299164401,-4.86306963,-9.73341712,267.447533,5.93831628,0.61909,5,3e-05
1.51666675,17.3826003,266.790714,284.173314,17.3826008,2.38249493,1.51666675,40,0,20,20,0,0,7.58803935,24,17,0,0,0.003164,0,0,0,1.745094,81,0.00228389376,0.039433,0.004198,11.5614936,17.3826008,26,284.173314,8.3662064,-1.02792642,-3.13061288,-7.68999609,266.790714,5.82110669,0.575778,5,2.3e-05
1.53333341,12.4621747,266.915864,279.378038,12.4621744,2.18270707,1.53333341,40,0,20,20,0,0,4.52588005,24,17,0,0,0.002828,0,0,0,1.558328,78,0.00239302777,0.039228,0.004021,8.32533658,12.4621744,26,279.378038,8.19768883,1.28781886,3.07110752,-7.49078923,266.915864,4.13683809,0.563171,5,2.3e-05
1.55000008,11.0350476,267.513619,278.548666,11.0350475,2.22943902,1.55000008,42,0,22,20,0,0,3.64249454,24,15,0,0,0.002564,0,0,0,1.633134,69,0.00247855927,0.039681,0.004383,7.56286595,11.0350475,20,278.548666,9.04120331,2.29902165,3.71666561,-7.91481228,267.513619,3.47218168,0.534271,5,2.3e-05
1.56666675,9.22682117,268.410899,277.63772,9.22682095,2.14570308,1.56666675,41,0,21,20,0,0,3.77624595,24,15,0,0,0.002419,0,0,0,1.619904,65,0.0025874204,0.035802,0.004079,6.59324317,9.22682095,19,277.63772,10.1691875,2.93151725,5.37309358,-8.12086493,268.410899,2.633578,0.468775,5,2.3e-05
1.58333342,8.12346248,269.217695,277.341158,8.12346268,2.19537807,1.58333342,528,1,330,23,174,0,4.81219439,24,14,0,0,0.002447,0,0,0,1.66853,63,0.00266297581,0.035998,0.004426,5.74257722,8.12346268,19,277.341158,10.8920916,4.03056081,4.53427117,-9.04613862,269.217695,2.38088526,0.469078,5,2.5e-05
1.60000008,7.29022757,269.772735,277.062962,7.29022789,2.29370403,1.60000008,124,0,81,20,23,0,5.35877359,24,14,0,0,0.002779,0,0,0,1.789006,65,0.00277524418,0.036731,0.005486,5.09082916,7.29022789,19,277.062962,11.1186511,4.13296866,2.85064499,-9.92052391,269.772735,2.1993984,0.44326,5,2.2e-05
1.61666675,6.89246791,270.023573,276.916041,6.8924675,2.20971203,1.61666675,41,1,20,20,0,0,6.06640309,24,14,0,0,0.002299,0,0,0,1.725676,61,0.00285995216,0.034904,0.004207,4.79943943,6.8924675,18,276.916041,11.4347669,4.2706161,0.39292844,-10.6000631,270.023573,2.09302848,0.427585,5,2.3e-05
1.63333342,6.9427989,269.853272,276.796071,6.94279909,1.99314797,1.63333342,40,0,20,20,0,0,6.87373689,24,11,0,0,0.002388,0,0,0,1.520942,53,0.00295363506,0.03422,0.004346,4.79647327,6.94279909,16,276.796071,12.22547,4.43038207,-2.18528494,-11.1829496,269.853272,2.14632563,0.417168,5,2.3e-05
1.65000009,6.74245335,269.339103,276.081557,6.7424531,2.15297294,1.65000009,40,0,20,20,0,0,7.24394382,24,9,0,0,0.002121,0,0,0,1.840098,38,0.00304819597,0.029771,0.004459,4.48287391,6.7424531,10,276.081557,12.7015535,3.66358782,-2.90140738,-11.8105639,269.339103,2.25957944,0.260448,5,2.3e-05
1.66666675,6.86498524,268.868111,275.733096,6.86498547,1.94411397,1.66666675,40,0,20,20,0,0,7.81851509,24,9,0,0,0.001829,0,0,0,1.672347,35,0.00313952006,0.02659,0.004578,4.44847,6.86498547,9,275.733096,13.3492821,3.41140034,-3.48147401,-12.4275911,268.868111,2.41651524,0.224534,5,2.3e-05
1.68333342,6.10064003,268.335038,274.435678,6.10063982,1.98018098,1.68333342,40,0,20,20,0,0,7.31171294,24,9,0,0,0.001738,0,0,0,1.709362,35,0.00323400251,0.026306,0.004292,3.84665681,6.10063982,9,274.435678,12.2301282,2.28123766,-2.41167728,-11.7709729,268.335038,2.25398322,0.223267,5,2.4e-05
1.70000009,5.97710386,267.842444,273.819548,5.97710371,2.01003909,1.70000009,62,0,21,31,9,0,7.05915572,24,9,0,0,0.001871,0,0,0,1.739447,35,0.00332598737,0.026195,0.004446,3.81576941,5.97710371,9,273.819548,11.8869156,2.15429906,-3.28225083,-11.2198301,267.842444,2.16133444,0.222613,5,2.3e-05
1.71666676,5.33712936,267.455181,272.79231,5.33712959,2.12648702,1.71666676,606,0,582,21,3,0,5.89153626,24,9,0,0,0.001849,0,0,0,1.857911,34,0.00342286262,0.026432,0.004424,3.62219049,5.33712959,9,272.79231,10.0419309,2.58800336,-2.61367711,-9.34405195,267.455181,1.71493887,0.221203,5,2.2e-05
1.73333342,5.0412953,267.006282,272.047578,5.04129505,1.77660596,1.73333342,40,0,20,20,0,0,6.04397551,24,8,0,0,0.001892,0,0,0,1.519968,32,0.00351397647,0.026167,0.004853,3.37420363,5.04129505,8,272.047578,8.89061922,2.05200785,-2.96099508,-8.12803064,267.006282,1.66709167,0.208464,5,2.6e-05
1.75000009,3.81990013,266.7823,270.6022,3.81990004,1.65446901,1.75000009,40,0,20,20,0,0,5.65582573,24,8,0,0,0.001954,0,0,0,1.404832,32,0.00360568427,0.024619,0.005074,2.59984245,3.81990004,8,270.6022,4.72396924,2.13488593,0.328834167,-4.20119215,266.7823,1.22005769,0.202684,5,2.1e-05
1.76666676,3.50512102,266.850193,270.355315,3.50512099,1.54837596,1.76666676,40,0,20,20,0,0,4.99137009,24,8,0,0,0.00171,0,0,0,1.300183,32,0.00367456744,0.024324,0.004463,2.40012489,3.50512099,8,270.355315,3.03947302,2.68833355,0.167889674,-1.40821591,266.850193,1.10499613,0.203186,5,2.4e-05
1.78333343,3.32626359,266.767689,270.093952,3.32626367,1.45780694,1.78333343,40,0,20,20,0,0,4.56771245,24,8,0,0,0.001659,0,0,0,1.2154,31,0.00371767976,0.024452,0.004343,2.1993877,3.32626367,8,270.093952,4.19446298,4.03524831,-1.07473811,-0.39399086,266.767689,1.12687589,0.198621,5,2.2e-05
1.80000009,3.02027255,266.545132,269.565404,3.02027249,1.44287503,1.80000009,40,0,20,20,0,0,4.28213058,24,8,0,0,0.00167,0,0,0,1.206453,30,0.00376344635,0.024201,0.004408,1.93997529,3.02027249,8,269.565404,5.42658266,5.16968051,-1.60947969,-0.363012371,266.545132,1.08029726,0.192575,5,2.3e-05
1.81666676,2.15485407,266.613976,268.76883,2.15485406,1.48806,1.81666676,40,0,20,20,0,0,3.89370409,24,8,0,0,0.001634,0,0,0,1.245593,31,0.00380208809,0.024285,0.004428,1.36961207,2.15485406,8,268.76883,5.90297002,5.43876356,0.765034634,-2.16324477,266.613976,0.785242003,0.198373,5,2.3e-05
1.83333343,1.44303528,266.940239,268.383274,1.44303524,1.52235901,1.83333343,40,0,20,20,0,0,3.21323903,24,8,0,0,0.001621,0,0,0,1.276117,31,0.00384964375,0.024511,0.004334,0.976226548,1.44303524,8,268.383274,4.60485939,3.16625218,1.7504864,-2.84874964,266.940239,0.466808727,0.201573,5,2.1e-05
1.8500001,1.0077679,267.152335,268.160103,1.00776792,1.548208,1.8500001,43,0,23,20,0,0,1.97679261,24,8,0,0,0.001661,0,0,0,1.307014,31,0.00389323873,0.024276,0.004292,0.704763475,1.00776792,8,268.160103,2.55198912,1.72627058,1.19963222,-1.44690044,267.152335,0.303004429,0.196692,5,2.1e-05
1.86666676,0.794003784,267.278491,268.072495,0.794003785,1.53851295,1.86666676,834,5,789,28,11,0,0.456347444,24,8,0,0,0.001642,0,0,0,1.296203,31,0.00393684767,0.024335,0.004475,0.555747371,0.794003785,8,268.072495,1.25589839,1.21479124,0.318175167,0.0180989231,267.278491,0.238256413,0.197706,5,2.2e-05
1.88333343,0.672401593,267.282883,267.955285,0.672401607,1.55908406,1.88333343,174,0,140,20,14,0,0.926235695,24,8,0,0,0.001623,0,0,0,1.310082,31,0.00395217398,0.02449,0.00461,0.463444625,0.672401607,8,267.955285,1.38064309,0.165526029,-0.323126047,1.33205332,267.282883,0.208956967,0.204473,5,2.3e-05
1.9000001,0.771081852,267.128518,267.8996,0.771081865,1.48258996,1.9000001,194,0,154,26,14,0,2.31340263,24,8,0,0,0.001661,0,0,0,1.236835,31,0.00397073803,0.024274,0.004574,0.528640231,0.771081865,8,267.8996,3.08744132,-0.792134741,-1.47761559,2.59257953,267.128518,0.242441621,0.201376,5,2.2e-05
1.91666677,1.06970821,266.774791,267.844499,1.06970823,1.50199103,1.91666677,42,0,22,20,0,0,3.71249856,24,7,0,0,0.001615,0,0,0,1.255806,27,0.00397112546,0.024839,0.00481,0.73599043,1.06970823,7,267.844499,5.02177292,-1.73275653,-2.73731011,3.83704201,266.774791,0.333717777,0.200972,5,2.2e-05
1.93333343,1.38225327,266.315232,267.697486,1.38225329,1.78092599,1.93333343,258,0,200,23,35,0,4.22218614,24,7,0,0,0.001582,0,0,0,1.555622,27,0.00397112919,0.022479,0.005122,0.95169163,1.38225329,7,267.697486,5.79892769,-1.69860304,-3.05043651,4.6300267,266.315232,0.430561636,0.182399,5,2.4e-05
1.9500001,1.70031161,265.788131,267.488442,1.70031166,1.75478399,1.9500001,47,0,27,20,0,0,4.65591266,24,7,0,0,0.001798,0,0,0,1.528318,26,0.00397162791,0.022461,0.004761,1.11481745,1.70031166,7,267.488442,6.42536601,-1.19664454,-2.985278,5.56250711,265.788131,0.585494161,0.183198,5,2.3e-05
1.96666677,1.62647178,265.253796,266.880268,1.62647176,1.49804199,1.96666677,172,0,120,27,25,0,4.39880975,24,7,0,0,0.001572,0,0,0,1.28176,26,0.00397160836,0.021543,0.00477,1.05536513,1.62647176,7,266.880268,7.14612136,0.844370507,-2.84443465,6.50102149,265.253796,0.571106646,0.174797,5,2.1e-05
1.98333344,1.52153592,264.863117,266.384653,1.52153587,1.51933205,1.98333344,47,1,26,20,0,0,3.48279617,24,7,0,0,0.001854,0,0,0,1.295843,27,0.00397159066,0.021719,0.005024,1.01144303,1.52153587,8,266.384653,7.04673348,3.08114306,-1.7413475,6.0934981,264.863117,0.510092889,0.182255,5,2.4e-05
2.0000001,1.77418084,264.500177,266.274358,1.77418077,1.52597499,2.0000001,40,0,20,20,0,0,4.02447547,24,7,0,0,0.001587,0,0,0,1.287546,30,0.00397157297,0.021894,0.004747,1.19814274,1.77418077,8,266.274358,7.10629106,3.41266177,-2.75125108,5.59318601,264.500177,0.576038102,0.197362,5,2.4e-05
2.01666677,2.19399495,263.95078,266.144775,2.193995,1.56187999,2.01666677,40,0,20,20,0,0,4.40818164,24,7,0,0,0.001785,0,0,0,1.318452,30,0.00397155993,0.021377,0.00495,1.48441414,2.193995,8,266.144775,6.93251297,3.69348386,-3.53075781,4.68526012,263.95078,0.709580809,0.20215,5,2.2e-05
2.03333344,2.62937012,263.348105,265.977475,2.62936997,1.53210497,2.03333344,897,0,861,23,13,0,4.40551868,24,7,0,0,0.001593,0,0,0,1.294473,29,0.00397154223,0.021637,0.005271,1.75084321,2.62936997,8,265.977475,6.38953206,3.74608421,-3.89163258,3.41294138,263.348105,0.878526909,0.196275,5,2.4e-05
